mtllib backpack.mtl
o backpack
v 0.023159 0.043548 0.353740
v 0.031565 0.097095 0.344374
v 0.031565 0.046834 0.365830
v 0.023159 0.092631 0.332486
v 0.031565 0.046834 0.365830
v 0.031565 -0.001697 0.381402
v 0.023159 -0.003805 0.369109
v 0.023159 0.043548 0.353740
v 0.031565 -0.001697 0.381402
v 0.023159 0.050120 0.377921
v 0.023159 0.000410 0.393695
v 0.031565 0.046834 0.365830
v 0.031565 0.046834 0.365830
v 0.023159 0.101559 0.356263
v 0.023159 0.050120 0.377921
v 0.031565 0.097095 0.344374
v -0.035681 0.097095 0.344374
v -0.035681 0.046834 0.365830
v -0.027276 0.101559 0.356263
v -0.027276 0.050120 0.377921
v -0.027276 0.050120 0.377921
v -0.035681 -0.001697 0.381402
v -0.027276 0.000410 0.393695
v -0.035681 0.046834 0.365830
v -0.035681 0.046834 0.365830
v -0.027276 -0.003805 0.369110
v -0.035681 -0.001697 0.381402
v -0.027276 0.043548 0.353740
v -0.035681 0.097095 0.344374
v -0.027276 0.043548 0.353740
v -0.035681 0.046834 0.365830
v -0.027276 0.092631 0.332486
v 0.023159 0.101559 0.356263
v -0.002058 0.051215 0.381951
v 0.023159 0.050120 0.377921
v -0.002058 0.103047 0.360226
v -0.002058 0.001113 0.397793
v 0.023159 0.050120 0.377921
v -0.002058 0.051215 0.381951
v 0.023159 0.000410 0.393695
v -0.002058 0.001113 0.397793
v -0.027276 0.050120 0.377921
v -0.027276 0.000410 0.393695
v -0.002058 0.051215 0.381951
v -0.002058 0.051215 0.381951
v -0.027276 0.101559 0.356263
v -0.027276 0.050120 0.377921
v -0.002058 0.103047 0.360226
v -0.027276 0.043548 0.353740
v -0.002058 0.091143 0.328523
v -0.002058 0.042453 0.349709
v -0.027276 0.092631 0.332486
v -0.002058 0.042453 0.349709
v -0.002058 -0.004507 0.365012
v -0.027276 -0.003805 0.369110
v -0.027276 0.043548 0.353740
v -0.002058 0.042453 0.349709
v 0.023159 -0.003805 0.369109
v -0.002058 -0.004507 0.365012
v 0.023159 0.043548 0.353740
v 0.023159 0.043548 0.353740
v -0.002058 0.091143 0.328523
v 0.023159 0.092631 0.332486
v -0.002058 0.042453 0.349709
v 0.023159 -0.079277 0.383646
v -0.002058 -0.079420 0.371016
v 0.016621 -0.071188 0.374735
v -0.002058 -0.090112 0.383126
v -0.027276 -0.079277 0.383646
v -0.002058 -0.079420 0.371016
v -0.002058 -0.090112 0.383126
v -0.020738 -0.071188 0.374735
v -0.027276 -0.079277 0.383646
v -0.002058 -0.079133 0.396275
v -0.020738 -0.070510 0.393366
v -0.002058 -0.090112 0.383126
v 0.023159 -0.079277 0.383646
v -0.002058 -0.079133 0.396275
v -0.002058 -0.090112 0.383126
v 0.016621 -0.070510 0.393366
v -0.027276 -0.047699 0.372711
v -0.002058 -0.004507 0.365012
v -0.002058 -0.048009 0.368546
v -0.027276 -0.003805 0.369110
v -0.002058 -0.048009 0.368546
v -0.002058 -0.079420 0.371016
v -0.020738 -0.071188 0.374735
v -0.027276 -0.047699 0.372711
v -0.002058 -0.079420 0.371016
v -0.002058 -0.048009 0.368546
v 0.016621 -0.071188 0.374735
v 0.023159 -0.047699 0.372711
v 0.023159 -0.047699 0.372711
v -0.002058 -0.004507 0.365012
v 0.023159 -0.003805 0.369109
v -0.002058 -0.048009 0.368546
v 0.023159 0.000410 0.393695
v -0.002058 -0.045530 0.401866
v 0.023159 -0.045840 0.397701
v -0.002058 0.001113 0.397793
v -0.002058 -0.045530 0.401866
v -0.002058 -0.079133 0.396275
v 0.016621 -0.070510 0.393366
v 0.023159 -0.045840 0.397701
v -0.002058 -0.079133 0.396275
v -0.002058 -0.045530 0.401866
v -0.020738 -0.070510 0.393366
v -0.027276 -0.045840 0.397701
v -0.002058 -0.045530 0.401866
v -0.027276 0.000410 0.393695
v -0.027276 -0.045840 0.397701
v -0.002058 0.001113 0.397793
v -0.027276 -0.045840 0.397701
v -0.035681 -0.001697 0.381402
v -0.035681 -0.046770 0.385206
v -0.027276 0.000410 0.393695
v -0.035681 -0.046770 0.385206
v -0.027276 -0.079277 0.383646
v -0.020738 -0.070510 0.393366
v -0.027276 -0.045840 0.397701
v -0.027276 -0.079277 0.383646
v -0.035681 -0.046770 0.385206
v -0.020738 -0.071188 0.374735
v -0.027276 -0.047699 0.372711
v -0.027276 -0.003805 0.369110
v -0.035681 -0.046770 0.385206
v -0.035681 -0.001697 0.381402
v -0.027276 -0.047699 0.372711
v 0.023159 -0.003805 0.369109
v 0.031565 -0.046770 0.385206
v 0.023159 -0.047699 0.372711
v 0.031565 -0.001697 0.381402
v 0.031565 -0.046770 0.385206
v 0.023159 -0.079277 0.383646
v 0.016621 -0.071188 0.374735
v 0.023159 -0.047699 0.372711
v 0.023159 -0.079277 0.383646
v 0.031565 -0.046770 0.385206
v 0.016621 -0.070510 0.393366
v 0.023159 -0.045840 0.397701
v 0.023159 -0.045840 0.397701
v 0.031565 -0.001697 0.381402
v 0.023159 0.000410 0.393695
v 0.031565 -0.046770 0.385206
v -0.001965 0.427838 -0.085157
v 0.024979 0.440297 -0.038351
v -0.001684 0.435858 -0.037773
v 0.024698 0.432135 -0.086032
v -0.001965 0.427838 -0.085157
v -0.028347 0.440287 -0.038413
v -0.028627 0.432133 -0.086048
v -0.001684 0.435858 -0.037773
v -0.001684 0.435858 -0.037773
v -0.028111 0.444249 0.027480
v -0.028347 0.440287 -0.038413
v -0.001448 0.439821 0.028059
v 0.025214 0.444262 0.027589
v -0.001684 0.435858 -0.037773
v 0.024979 0.440297 -0.038351
v -0.001448 0.439821 0.028059
v -0.001448 0.475295 0.023861
v -0.028347 0.466891 -0.042064
v -0.028111 0.470854 0.024331
v -0.001684 0.471329 -0.042641
v -0.001684 0.471329 -0.042641
v -0.028627 0.457906 -0.091345
v -0.028347 0.466891 -0.042064
v -0.001965 0.462203 -0.092220
v 0.024698 0.457908 -0.091329
v -0.001684 0.471329 -0.042641
v 0.024979 0.466900 -0.042001
v -0.001965 0.462203 -0.092220
v -0.001448 0.475295 0.023861
v 0.024979 0.466900 -0.042001
v -0.001684 0.471329 -0.042641
v 0.025214 0.470867 0.024441
v -0.002058 0.417611 -0.120097
v -0.028627 0.432133 -0.086048
v -0.028721 0.421479 -0.121892
v -0.001965 0.427838 -0.085157
v 0.024698 0.432135 -0.086032
v -0.001965 0.427838 -0.085157
v -0.002058 0.417611 -0.120097
v 0.024604 0.421479 -0.121892
v -0.002058 0.402792 -0.144606
v 0.024604 0.421479 -0.121892
v -0.002058 0.417611 -0.120097
v 0.024604 0.405964 -0.147487
v -0.002058 0.402792 -0.144606
v -0.028721 0.421479 -0.121892
v -0.028721 0.405964 -0.147487
v -0.002058 0.417611 -0.120097
v 0.024604 0.421479 -0.121892
v 0.033585 0.445022 -0.088678
v 0.024698 0.432135 -0.086032
v 0.033492 0.433085 -0.127277
v 0.033492 0.433085 -0.127277
v 0.024698 0.457908 -0.091329
v 0.033585 0.445022 -0.088678
v 0.024604 0.444691 -0.132663
v 0.024604 0.444691 -0.132663
v 0.033492 0.415478 -0.156130
v 0.024604 0.424993 -0.164773
v 0.033492 0.433085 -0.127277
v 0.024604 0.405964 -0.147487
v 0.033492 0.433085 -0.127277
v 0.024604 0.421479 -0.121892
v 0.033492 0.415478 -0.156130
v -0.001965 0.462203 -0.092220
v 0.024604 0.444691 -0.132663
v -0.002058 0.448559 -0.134458
v 0.024698 0.457908 -0.091329
v -0.001965 0.462203 -0.092220
v -0.028721 0.444691 -0.132663
v -0.028627 0.457906 -0.091345
v -0.002058 0.448559 -0.134458
v -0.002058 0.448559 -0.134458
v -0.028721 0.424993 -0.164773
v -0.028721 0.444691 -0.132663
v -0.002058 0.428165 -0.167654
v 0.024604 0.424993 -0.164773
v -0.002058 0.428165 -0.167654
v -0.002058 0.448559 -0.134458
v 0.024604 0.444691 -0.132663
v -0.036999 0.457550 0.025887
v -0.028347 0.440287 -0.038413
v -0.028111 0.444249 0.027480
v -0.037234 0.453588 -0.040249
v -0.028347 0.440287 -0.038413
v -0.037515 0.445019 -0.088699
v -0.028627 0.432133 -0.086048
v -0.037234 0.453588 -0.040249
v -0.037234 0.453588 -0.040249
v -0.028627 0.457906 -0.091345
v -0.037515 0.445019 -0.088699
v -0.028347 0.466891 -0.042064
v -0.028111 0.470854 0.024331
v -0.037234 0.453588 -0.040249
v -0.036999 0.457550 0.025887
v -0.028347 0.466891 -0.042064
v 0.033492 0.389893 -0.175402
v 0.033492 0.415478 -0.156130
v 0.024604 0.405964 -0.147487
v 0.024604 0.383222 -0.164374
v 0.033492 0.415478 -0.156130
v 0.024604 0.396563 -0.186430
v 0.024604 0.424993 -0.164773
v 0.033492 0.389893 -0.175402
v 0.033492 0.389893 -0.175402
v 0.033492 0.351430 -0.188424
v 0.024604 0.355342 -0.200967
v 0.024604 0.396563 -0.186430
v 0.033492 0.351430 -0.188424
v 0.024604 0.383222 -0.164374
v 0.024604 0.347518 -0.175881
v 0.033492 0.389893 -0.175402
v -0.002058 0.398786 -0.190106
v 0.024604 0.424993 -0.164773
v 0.024604 0.396563 -0.186430
v -0.002058 0.428165 -0.167654
v -0.028721 0.424993 -0.164773
v -0.002058 0.428165 -0.167654
v -0.002058 0.398786 -0.190106
v -0.028721 0.396563 -0.186430
v -0.002058 0.356645 -0.205148
v -0.028721 0.396563 -0.186430
v -0.002058 0.398786 -0.190106
v -0.028721 0.355342 -0.200967
v -0.002058 0.356645 -0.205148
v 0.024604 0.396563 -0.186430
v 0.024604 0.355342 -0.200967
v -0.002058 0.398786 -0.190106
v -0.028721 0.396563 -0.186430
v -0.037608 0.415478 -0.156130
v -0.028721 0.424993 -0.164773
v -0.037608 0.389893 -0.175402
v -0.037608 0.389893 -0.175402
v -0.028721 0.405964 -0.147487
v -0.037608 0.415478 -0.156130
v -0.028721 0.383222 -0.164374
v -0.037608 0.351430 -0.188424
v -0.028721 0.383222 -0.164374
v -0.037608 0.389893 -0.175402
v -0.028721 0.347518 -0.175881
v -0.037608 0.389893 -0.175402
v -0.028721 0.355342 -0.200967
v -0.037608 0.351430 -0.188424
v -0.028721 0.396563 -0.186430
v -0.028627 0.457906 -0.091345
v -0.028721 0.444691 -0.132663
v -0.037608 0.433085 -0.127277
v -0.037515 0.445019 -0.088699
v -0.037515 0.445019 -0.088699
v -0.028721 0.421479 -0.121892
v -0.028627 0.432133 -0.086048
v -0.037608 0.433085 -0.127277
v -0.037608 0.433085 -0.127277
v -0.028721 0.405964 -0.147487
v -0.028721 0.421479 -0.121892
v -0.037608 0.415478 -0.156130
v -0.028721 0.444691 -0.132663
v -0.037608 0.415478 -0.156130
v -0.037608 0.433085 -0.127277
v -0.028721 0.424993 -0.164773
v -0.002058 0.297963 -0.216119
v 0.024604 0.355342 -0.200967
v 0.024604 0.297270 -0.211721
v -0.002058 0.356645 -0.205148
v -0.028721 0.355342 -0.200967
v -0.002058 0.297963 -0.216119
v -0.028721 0.297270 -0.211721
v -0.002058 0.356645 -0.205148
v -0.002058 0.231424 -0.224552
v -0.028721 0.297270 -0.211721
v -0.002058 0.297963 -0.216119
v -0.028721 0.231074 -0.220101
v -0.002058 0.231424 -0.224552
v 0.024604 0.297270 -0.211721
v 0.024604 0.231074 -0.220101
v -0.002058 0.297963 -0.216119
v -0.028721 0.297270 -0.211721
v -0.037608 0.351430 -0.188424
v -0.028721 0.355342 -0.200967
v -0.037608 0.295192 -0.198529
v -0.028721 0.347518 -0.175881
v -0.037608 0.295192 -0.198529
v -0.028721 0.293113 -0.185337
v -0.037608 0.351430 -0.188424
v -0.037608 0.295192 -0.198529
v -0.037608 0.230024 -0.206746
v -0.028721 0.228974 -0.193392
v -0.028721 0.293113 -0.185337
v -0.037608 0.230024 -0.206746
v -0.028721 0.297270 -0.211721
v -0.028721 0.231074 -0.220101
v -0.037608 0.295192 -0.198529
v -0.028721 0.293113 -0.185337
v -0.002058 0.346214 -0.171700
v -0.028721 0.347518 -0.175881
v -0.002058 0.292421 -0.180939
v 0.024604 0.293113 -0.185337
v -0.002058 0.346214 -0.171700
v -0.002058 0.292421 -0.180939
v 0.024604 0.347518 -0.175881
v -0.002058 0.292421 -0.180939
v -0.002058 0.228624 -0.188941
v 0.024604 0.228974 -0.193392
v 0.024604 0.293113 -0.185337
v -0.002058 0.292421 -0.180939
v -0.028721 0.228974 -0.193392
v -0.002058 0.228624 -0.188941
v -0.028721 0.293113 -0.185337
v -0.028721 0.383222 -0.164374
v -0.002058 0.402792 -0.144606
v -0.028721 0.405964 -0.147487
v -0.002058 0.380999 -0.160697
v 0.024604 0.383222 -0.164374
v -0.002058 0.402792 -0.144606
v -0.002058 0.380999 -0.160697
v 0.024604 0.405964 -0.147487
v -0.002058 0.380999 -0.160697
v -0.002058 0.346214 -0.171700
v 0.024604 0.347518 -0.175881
v 0.024604 0.383222 -0.164374
v -0.002058 0.380999 -0.160697
v -0.028721 0.347518 -0.175881
v -0.002058 0.346214 -0.171700
v -0.028721 0.383222 -0.164374
v -0.028721 0.164063 -0.200696
v -0.002058 0.228624 -0.188941
v -0.028721 0.228974 -0.193392
v -0.002058 0.163827 -0.196227
v 0.024604 0.164063 -0.200696
v -0.002058 0.228624 -0.188941
v -0.002058 0.163827 -0.196227
v 0.024604 0.228974 -0.193392
v -0.002058 0.163827 -0.196227
v -0.002058 0.089404 -0.205936
v 0.024604 0.089903 -0.210323
v 0.024604 0.164063 -0.200696
v -0.002058 0.163827 -0.196227
v -0.028721 0.089903 -0.210323
v -0.002058 0.089404 -0.205936
v -0.028721 0.164063 -0.200696
v 0.033492 0.230024 -0.206746
v 0.024604 0.164063 -0.200696
v 0.033492 0.164770 -0.214105
v 0.024604 0.228974 -0.193392
v 0.033492 0.164770 -0.214105
v 0.024604 0.165478 -0.227513
v 0.024604 0.231074 -0.220101
v 0.033492 0.230024 -0.206746
v 0.033492 0.091402 -0.223485
v 0.024604 0.165478 -0.227513
v 0.033492 0.164770 -0.214105
v 0.024604 0.092901 -0.236646
v 0.033492 0.164770 -0.214105
v 0.024604 0.089903 -0.210323
v 0.033492 0.091402 -0.223485
v 0.024604 0.164063 -0.200696
v -0.002058 0.165714 -0.231983
v 0.024604 0.231074 -0.220101
v 0.024604 0.165478 -0.227513
v -0.002058 0.231424 -0.224552
v -0.028721 0.231074 -0.220101
v -0.002058 0.165714 -0.231983
v -0.028721 0.165478 -0.227513
v -0.002058 0.231424 -0.224552
v -0.002058 0.093401 -0.241034
v -0.028721 0.165478 -0.227513
v -0.002058 0.165714 -0.231983
v -0.028721 0.092901 -0.236646
v -0.002058 0.093401 -0.241034
v 0.024604 0.165478 -0.227513
v 0.024604 0.092901 -0.236646
v -0.002058 0.165714 -0.231983
v 0.024604 0.347518 -0.175881
v 0.033492 0.295192 -0.198529
v 0.033492 0.351430 -0.188424
v 0.024604 0.293113 -0.185337
v 0.024604 0.297270 -0.211721
v 0.033492 0.351430 -0.188424
v 0.033492 0.295192 -0.198529
v 0.024604 0.355342 -0.200967
v 0.033492 0.230024 -0.206746
v 0.024604 0.297270 -0.211721
v 0.033492 0.295192 -0.198529
v 0.024604 0.231074 -0.220101
v 0.033492 0.295192 -0.198529
v 0.024604 0.228974 -0.193392
v 0.033492 0.230024 -0.206746
v 0.024604 0.293113 -0.185337
v -0.002058 0.007054 -0.254328
v 0.024604 0.092901 -0.236646
v 0.024604 0.005763 -0.250188
v -0.002058 0.093401 -0.241034
v -0.028721 0.092901 -0.236646
v -0.002058 0.007054 -0.254328
v -0.028721 0.005763 -0.250188
v -0.002058 0.093401 -0.241034
v -0.002058 -0.084556 -0.267182
v -0.028721 0.005763 -0.250188
v -0.002058 0.007054 -0.254328
v -0.028721 -0.086276 -0.263210
v -0.002058 -0.084556 -0.267182
v 0.024604 0.005763 -0.250188
v 0.024604 -0.086276 -0.263210
v -0.002058 0.007054 -0.254328
v -0.028721 0.005763 -0.250188
v -0.037608 0.091402 -0.223485
v -0.028721 0.092901 -0.236646
v -0.037608 0.001890 -0.237767
v -0.028721 0.089903 -0.210323
v -0.037608 0.001890 -0.237767
v -0.028721 -0.001984 -0.225346
v -0.037608 0.091402 -0.223485
v -0.037608 -0.091437 -0.251293
v -0.028721 -0.001984 -0.225346
v -0.037608 0.001890 -0.237767
v -0.028721 -0.096598 -0.239376
v -0.037608 -0.091437 -0.251293
v -0.037608 0.001890 -0.237767
v -0.028721 -0.086276 -0.263210
v -0.028721 0.005763 -0.250188
v -0.028721 -0.001984 -0.225346
v -0.002058 0.089404 -0.205936
v -0.028721 0.089903 -0.210323
v -0.002058 -0.003275 -0.221205
v 0.024604 -0.001984 -0.225346
v -0.002058 0.089404 -0.205936
v -0.002058 -0.003275 -0.221205
v 0.024604 0.089903 -0.210323
v -0.002058 -0.003275 -0.221205
v -0.002058 -0.098318 -0.235404
v 0.024604 -0.096598 -0.239376
v 0.024604 -0.001984 -0.225346
v -0.002058 -0.003275 -0.221205
v -0.028721 -0.096598 -0.239376
v -0.002058 -0.098318 -0.235404
v -0.028721 -0.001984 -0.225346
v -0.037608 0.164770 -0.214105
v -0.028721 0.231074 -0.220101
v -0.028721 0.165478 -0.227513
v -0.037608 0.230024 -0.206746
v -0.028721 0.164063 -0.200696
v -0.037608 0.230024 -0.206746
v -0.037608 0.164770 -0.214105
v -0.028721 0.228974 -0.193392
v -0.037608 0.164770 -0.214105
v -0.037608 0.091402 -0.223485
v -0.028721 0.089903 -0.210323
v -0.028721 0.164063 -0.200696
v -0.037608 0.091402 -0.223485
v -0.028721 0.165478 -0.227513
v -0.028721 0.092901 -0.236646
v -0.037608 0.164770 -0.214105
v -0.002058 -0.172659 -0.274911
v 0.024604 -0.086276 -0.263210
v 0.024604 -0.173556 -0.270785
v -0.002058 -0.084556 -0.267182
v -0.028721 -0.086276 -0.263210
v -0.002058 -0.172659 -0.274911
v -0.028721 -0.173556 -0.270785
v -0.002058 -0.084556 -0.267182
v -0.002058 -0.256451 -0.276255
v -0.028721 -0.173556 -0.270785
v -0.002058 -0.172659 -0.274911
v -0.028721 -0.256036 -0.271971
v -0.002058 -0.256451 -0.276255
v 0.024604 -0.173556 -0.270785
v 0.024604 -0.256036 -0.271971
v -0.002058 -0.172659 -0.274911
v -0.028721 -0.173556 -0.270785
v -0.037608 -0.091437 -0.251293
v -0.028721 -0.086276 -0.263210
v -0.037608 -0.176248 -0.258406
v -0.028721 -0.096598 -0.239376
v -0.037608 -0.176248 -0.258406
v -0.028721 -0.178939 -0.246027
v -0.037608 -0.091437 -0.251293
v -0.037608 -0.254792 -0.259121
v -0.028721 -0.178939 -0.246027
v -0.037608 -0.176248 -0.258406
v -0.028721 -0.253548 -0.246270
v -0.037608 -0.176248 -0.258406
v -0.028721 -0.256036 -0.271971
v -0.037608 -0.254792 -0.259121
v -0.028721 -0.173556 -0.270785
v -0.028721 -0.178939 -0.246027
v -0.002058 -0.098318 -0.235404
v -0.028721 -0.096598 -0.239376
v -0.002058 -0.179837 -0.241901
v 0.024604 -0.178939 -0.246027
v -0.002058 -0.098318 -0.235404
v -0.002058 -0.179837 -0.241901
v 0.024604 -0.096598 -0.239376
v -0.002058 -0.179837 -0.241901
v -0.002058 -0.253133 -0.241987
v 0.024604 -0.253548 -0.246270
v 0.024604 -0.178939 -0.246027
v -0.002058 -0.179837 -0.241901
v -0.028721 -0.253548 -0.246270
v -0.002058 -0.253133 -0.241987
v -0.028721 -0.178939 -0.246027
v 0.024604 0.089903 -0.210323
v 0.033492 0.001890 -0.237767
v 0.033492 0.091402 -0.223485
v 0.024604 -0.001984 -0.225346
v 0.033492 0.091402 -0.223485
v 0.024604 0.005763 -0.250188
v 0.024604 0.092901 -0.236646
v 0.033492 0.001890 -0.237767
v 0.033492 0.001890 -0.237767
v 0.033492 -0.091437 -0.251293
v 0.024604 -0.086276 -0.263210
v 0.024604 0.005763 -0.250188
v 0.033492 -0.091437 -0.251293
v 0.024604 -0.001984 -0.225346
v 0.024604 -0.096598 -0.239376
v 0.033492 0.001890 -0.237767
v -0.002058 -0.323510 -0.236955
v -0.028721 -0.253548 -0.246270
v -0.028721 -0.324962 -0.241080
v -0.002058 -0.253133 -0.241987
v 0.024604 -0.253548 -0.246270
v -0.002058 -0.323510 -0.236955
v 0.024604 -0.324962 -0.241080
v -0.002058 -0.253133 -0.241987
v -0.002058 -0.376668 -0.229403
v 0.024604 -0.324962 -0.241080
v -0.002058 -0.323510 -0.236955
v 0.024604 -0.378957 -0.233138
v -0.002058 -0.376668 -0.229403
v -0.028721 -0.324962 -0.241080
v -0.028721 -0.378957 -0.233138
v -0.002058 -0.323510 -0.236955
v 0.024604 -0.324962 -0.241080
v 0.033492 -0.254792 -0.259121
v 0.024604 -0.253548 -0.246270
v 0.033492 -0.329319 -0.253453
v 0.024604 -0.256036 -0.271971
v 0.033492 -0.329319 -0.253453
v 0.024604 -0.333677 -0.265826
v 0.033492 -0.254792 -0.259121
v 0.033492 -0.385825 -0.244344
v 0.024604 -0.333677 -0.265826
v 0.033492 -0.329319 -0.253453
v 0.024604 -0.392693 -0.255549
v 0.033492 -0.385825 -0.244344
v 0.033492 -0.329319 -0.253453
v 0.024604 -0.378957 -0.233138
v 0.024604 -0.324962 -0.241080
v 0.024604 -0.333677 -0.265826
v -0.002058 -0.256451 -0.276255
v 0.024604 -0.256036 -0.271971
v -0.002058 -0.335129 -0.269951
v -0.028721 -0.333677 -0.265826
v -0.002058 -0.256451 -0.276255
v -0.002058 -0.335129 -0.269951
v -0.028721 -0.256036 -0.271971
v -0.002058 -0.335129 -0.269951
v -0.002058 -0.394982 -0.259285
v -0.028721 -0.392693 -0.255549
v -0.028721 -0.333677 -0.265826
v -0.002058 -0.335129 -0.269951
v 0.024604 -0.392693 -0.255549
v -0.002058 -0.394982 -0.259285
v 0.024604 -0.333677 -0.265826
v 0.024604 -0.096598 -0.239376
v 0.033492 -0.176248 -0.258406
v 0.033492 -0.091437 -0.251293
v 0.024604 -0.178939 -0.246027
v 0.024604 -0.173556 -0.270785
v 0.033492 -0.091437 -0.251293
v 0.033492 -0.176248 -0.258406
v 0.024604 -0.086276 -0.263210
v 0.033492 -0.176248 -0.258406
v 0.033492 -0.254792 -0.259121
v 0.024604 -0.256036 -0.271971
v 0.024604 -0.173556 -0.270785
v 0.033492 -0.254792 -0.259121
v 0.024604 -0.178939 -0.246027
v 0.024604 -0.253548 -0.246270
v 0.033492 -0.176248 -0.258406
v 0.024604 -0.419302 -0.244340
v -0.002058 -0.394982 -0.259285
v 0.024604 -0.392693 -0.255549
v -0.002058 -0.422301 -0.247541
v -0.028721 -0.419302 -0.244340
v -0.002058 -0.394982 -0.259285
v -0.002058 -0.422301 -0.247541
v -0.028721 -0.392693 -0.255549
v -0.028721 -0.419302 -0.244340
v -0.002058 -0.435858 -0.228045
v -0.028721 -0.432280 -0.225727
v -0.002058 -0.422301 -0.247541
v 0.024604 -0.419302 -0.244340
v -0.002058 -0.435858 -0.228045
v -0.002058 -0.422301 -0.247541
v 0.024604 -0.432280 -0.225727
v -0.028721 -0.392693 -0.255549
v -0.037608 -0.410304 -0.234734
v -0.037608 -0.385825 -0.244344
v -0.028721 -0.419302 -0.244340
v -0.028721 -0.401307 -0.225129
v -0.037608 -0.385825 -0.244344
v -0.037608 -0.410304 -0.234734
v -0.028721 -0.378957 -0.233138
v -0.028721 -0.401307 -0.225129
v -0.037608 -0.421546 -0.218772
v -0.028721 -0.410813 -0.211817
v -0.037608 -0.410304 -0.234734
v -0.028721 -0.432280 -0.225727
v -0.037608 -0.410304 -0.234734
v -0.028721 -0.419302 -0.244340
v -0.037608 -0.421546 -0.218772
v -0.002058 -0.398307 -0.221927
v -0.028721 -0.378957 -0.233138
v -0.028721 -0.401307 -0.225129
v -0.002058 -0.376668 -0.229403
v 0.024604 -0.378957 -0.233138
v -0.002058 -0.398307 -0.221927
v 0.024604 -0.401307 -0.225129
v -0.002058 -0.376668 -0.229403
v 0.024604 -0.401307 -0.225129
v -0.002058 -0.398307 -0.221927
v 0.024604 -0.410813 -0.211817
v -0.002058 -0.407235 -0.209499
v -0.002058 -0.398307 -0.221927
v -0.028721 -0.410813 -0.211817
v -0.002058 -0.407235 -0.209499
v -0.028721 -0.401307 -0.225129
v -0.028721 -0.256036 -0.271971
v -0.028721 -0.333677 -0.265826
v -0.037608 -0.329320 -0.253453
v -0.037608 -0.254792 -0.259121
v -0.028721 -0.324962 -0.241080
v -0.037608 -0.254792 -0.259121
v -0.037608 -0.329320 -0.253453
v -0.028721 -0.253548 -0.246270
v -0.037608 -0.329320 -0.253453
v -0.037608 -0.385825 -0.244344
v -0.028721 -0.378957 -0.233138
v -0.028721 -0.324962 -0.241080
v -0.037608 -0.385825 -0.244344
v -0.028721 -0.333677 -0.265826
v -0.028721 -0.392693 -0.255549
v -0.037608 -0.329320 -0.253453
v -0.037608 -0.438342 -0.190605
v -0.037608 -0.421546 -0.218772
v -0.028721 -0.432280 -0.225727
v -0.028721 -0.450405 -0.193242
v -0.037608 -0.421546 -0.218772
v -0.028721 -0.426279 -0.187969
v -0.028721 -0.410813 -0.211817
v -0.037608 -0.438342 -0.190605
v -0.028721 -0.440063 -0.118442
v -0.037608 -0.438342 -0.190605
v -0.037608 -0.452970 -0.117215
v -0.028721 -0.426279 -0.187969
v -0.037608 -0.452970 -0.117215
v -0.028721 -0.450405 -0.193242
v -0.028721 -0.465878 -0.115987
v -0.037608 -0.438342 -0.190605
v -0.028721 -0.426279 -0.187969
v -0.002058 -0.407235 -0.209499
v -0.028721 -0.410813 -0.211817
v -0.002058 -0.422258 -0.187090
v 0.024604 -0.426279 -0.187969
v -0.002058 -0.407235 -0.209499
v -0.002058 -0.422258 -0.187090
v 0.024604 -0.410813 -0.211817
v -0.002058 -0.422258 -0.187090
v -0.002058 -0.435760 -0.118852
v 0.024604 -0.440063 -0.118442
v 0.024604 -0.426279 -0.187969
v -0.002058 -0.422258 -0.187090
v -0.028721 -0.440063 -0.118442
v -0.002058 -0.435760 -0.118852
v -0.028721 -0.426279 -0.187969
v 0.033492 -0.421546 -0.218772
v 0.024604 -0.426279 -0.187969
v 0.033492 -0.438342 -0.190605
v 0.024604 -0.410813 -0.211817
v 0.033492 -0.438342 -0.190605
v 0.024604 -0.432280 -0.225727
v 0.033492 -0.421546 -0.218772
v 0.024604 -0.450405 -0.193242
v 0.024604 -0.450405 -0.193242
v 0.033492 -0.452970 -0.117215
v 0.024604 -0.465878 -0.115987
v 0.033492 -0.438342 -0.190605
v 0.033492 -0.452970 -0.117215
v 0.033492 -0.438342 -0.190605
v 0.024604 -0.440063 -0.118442
v 0.024604 -0.426279 -0.187969
v 0.024604 -0.401307 -0.225129
v 0.033492 -0.385825 -0.244344
v 0.024604 -0.378957 -0.233138
v 0.033492 -0.410304 -0.234734
v 0.033492 -0.410304 -0.234734
v 0.024604 -0.392693 -0.255549
v 0.033492 -0.385825 -0.244344
v 0.024604 -0.419302 -0.244340
v 0.033492 -0.410304 -0.234734
v 0.024604 -0.432280 -0.225727
v 0.024604 -0.419302 -0.244340
v 0.033492 -0.421546 -0.218772
v 0.024604 -0.401307 -0.225129
v 0.033492 -0.421546 -0.218772
v 0.033492 -0.410304 -0.234734
v 0.024604 -0.410813 -0.211817
v -0.002058 -0.440123 0.031063
v -0.028721 -0.440063 -0.118442
v -0.028721 -0.444520 0.031901
v -0.002058 -0.435760 -0.118852
v 0.024604 -0.440063 -0.118442
v -0.002058 -0.440123 0.031063
v 0.024604 -0.444520 0.031901
v -0.002058 -0.435760 -0.118852
v -0.002058 -0.438143 0.180119
v 0.024604 -0.444520 0.031901
v -0.002058 -0.440123 0.031063
v 0.024604 -0.442401 0.181232
v -0.002058 -0.438143 0.180119
v -0.028721 -0.444520 0.031901
v -0.028721 -0.442401 0.181232
v -0.002058 -0.440123 0.031063
v 0.033492 -0.452970 -0.117215
v 0.024604 -0.444520 0.031901
v 0.033492 -0.457709 0.034417
v 0.024604 -0.440063 -0.118442
v 0.033492 -0.452970 -0.117215
v 0.033492 -0.457709 0.034417
v 0.024604 -0.465878 -0.115987
v 0.024604 -0.470898 0.036933
v 0.024604 -0.470898 0.036933
v 0.033492 -0.455176 0.184571
v 0.024604 -0.467950 0.187910
v 0.033492 -0.457709 0.034417
v 0.033492 -0.457709 0.034417
v 0.024604 -0.442401 0.181232
v 0.033492 -0.455176 0.184571
v 0.024604 -0.444520 0.031901
v -0.002058 -0.470181 -0.115578
v 0.024604 -0.470898 0.036933
v -0.002058 -0.475295 0.037771
v 0.024604 -0.465878 -0.115987
v -0.002058 -0.470181 -0.115578
v -0.028721 -0.470898 0.036933
v -0.028721 -0.465878 -0.115987
v -0.002058 -0.475295 0.037771
v -0.002058 -0.475295 0.037771
v -0.028721 -0.467950 0.187910
v -0.028721 -0.470898 0.036933
v -0.002058 -0.472209 0.189023
v 0.024604 -0.467950 0.187910
v -0.002058 -0.475295 0.037771
v 0.024604 -0.470898 0.036933
v -0.002058 -0.472209 0.189023
v -0.002058 -0.454427 -0.194121
v -0.002058 -0.435858 -0.228045
v 0.024604 -0.432280 -0.225727
v 0.024604 -0.450405 -0.193242
v -0.002058 -0.454427 -0.194121
v -0.028721 -0.432280 -0.225727
v -0.002058 -0.435858 -0.228045
v -0.028721 -0.450405 -0.193242
v -0.028721 -0.450405 -0.193242
v -0.002058 -0.470181 -0.115578
v -0.028721 -0.465878 -0.115987
v -0.002058 -0.454427 -0.194121
v 0.024604 -0.450405 -0.193242
v -0.002058 -0.470181 -0.115578
v -0.002058 -0.454427 -0.194121
v 0.024604 -0.465878 -0.115987
v -0.002058 -0.432615 0.245784
v -0.028721 -0.442401 0.181232
v -0.028721 -0.436459 0.247720
v -0.002058 -0.438143 0.180119
v 0.024604 -0.442401 0.181232
v -0.002058 -0.432615 0.245784
v 0.024604 -0.436459 0.247720
v -0.002058 -0.438143 0.180119
v -0.002058 -0.423470 0.270855
v 0.024604 -0.436459 0.247720
v -0.002058 -0.432615 0.245784
v 0.024604 -0.426694 0.273755
v -0.002058 -0.423470 0.270855
v -0.028721 -0.436459 0.247720
v -0.028721 -0.426694 0.273755
v -0.002058 -0.432615 0.245784
v 0.033492 -0.455176 0.184571
v 0.024604 -0.436459 0.247720
v 0.033492 -0.447989 0.253528
v 0.024604 -0.442401 0.181232
v 0.033492 -0.455176 0.184571
v 0.033492 -0.447989 0.253528
v 0.024604 -0.467950 0.187910
v 0.024604 -0.459519 0.259337
v 0.033492 -0.436367 0.282455
v 0.024604 -0.459519 0.259337
v 0.033492 -0.447989 0.253528
v 0.024604 -0.446040 0.291155
v 0.033492 -0.447989 0.253528
v 0.024604 -0.426694 0.273755
v 0.033492 -0.436367 0.282455
v 0.024604 -0.436459 0.247720
v -0.002058 -0.472209 0.189023
v 0.024604 -0.459519 0.259337
v -0.002058 -0.463363 0.261273
v 0.024604 -0.467950 0.187910
v -0.002058 -0.472209 0.189023
v -0.028721 -0.459519 0.259337
v -0.028721 -0.467950 0.187910
v -0.002058 -0.463363 0.261273
v -0.002058 -0.463363 0.261273
v -0.028721 -0.446040 0.291155
v -0.028721 -0.459519 0.259337
v -0.002058 -0.449265 0.294055
v 0.024604 -0.446040 0.291155
v -0.002058 -0.463363 0.261273
v 0.024604 -0.459519 0.259337
v -0.002058 -0.449265 0.294055
v -0.037608 -0.457709 0.034417
v -0.028721 -0.465878 -0.115987
v -0.028721 -0.470898 0.036933
v -0.037608 -0.452970 -0.117215
v -0.037608 -0.452970 -0.117215
v -0.028721 -0.444520 0.031901
v -0.028721 -0.440063 -0.118442
v -0.037608 -0.457709 0.034417
v -0.037608 -0.457709 0.034417
v -0.037608 -0.455176 0.184571
v -0.028721 -0.442401 0.181232
v -0.028721 -0.444520 0.031901
v -0.037608 -0.455176 0.184571
v -0.028721 -0.470898 0.036933
v -0.028721 -0.467950 0.187910
v -0.037608 -0.457709 0.034417
v -0.001448 0.439821 0.028059
v 0.025173 0.442328 0.118225
v -0.001490 0.437879 0.118346
v 0.025214 0.444262 0.027589
v -0.001448 0.439821 0.028059
v -0.028152 0.442323 0.118099
v -0.028111 0.444249 0.027480
v -0.001490 0.437879 0.118346
v -0.028152 0.442323 0.118099
v -0.001673 0.425355 0.205093
v -0.028336 0.429680 0.205539
v -0.001490 0.437879 0.118346
v 0.025173 0.442328 0.118225
v -0.001673 0.425355 0.205093
v -0.001490 0.437879 0.118346
v 0.024990 0.429666 0.205661
v -0.037040 0.455664 0.117525
v -0.028111 0.444249 0.027480
v -0.028152 0.442323 0.118099
v -0.036999 0.457550 0.025887
v -0.036999 0.457550 0.025887
v -0.028152 0.469006 0.116993
v -0.028111 0.470854 0.024331
v -0.037040 0.455664 0.117525
v -0.028336 0.455587 0.208585
v -0.037040 0.455664 0.117525
v -0.037223 0.442636 0.207042
v -0.028152 0.469006 0.116993
v -0.037223 0.442636 0.207042
v -0.028152 0.442323 0.118099
v -0.028336 0.429680 0.205539
v -0.037040 0.455664 0.117525
v -0.001490 0.473456 0.116872
v -0.028111 0.470854 0.024331
v -0.028152 0.469006 0.116993
v -0.001448 0.475295 0.023861
v 0.025214 0.470867 0.024441
v -0.001490 0.473456 0.116872
v 0.025173 0.469012 0.117119
v -0.001448 0.475295 0.023861
v -0.001490 0.473456 0.116872
v -0.001673 0.459897 0.209154
v 0.024990 0.455572 0.208707
v 0.025173 0.469012 0.117119
v -0.001490 0.473456 0.116872
v -0.028336 0.455587 0.208585
v -0.001673 0.459897 0.209154
v -0.028152 0.469006 0.116993
v 0.024698 0.457908 -0.091329
v 0.024979 0.466900 -0.042001
v 0.033866 0.453600 -0.040166
v 0.033585 0.445022 -0.088678
v 0.033585 0.445022 -0.088678
v 0.024979 0.440297 -0.038351
v 0.024698 0.432135 -0.086032
v 0.033866 0.453600 -0.040166
v 0.024979 0.440297 -0.038351
v 0.034102 0.457567 0.026033
v 0.025214 0.444262 0.027589
v 0.033866 0.453600 -0.040166
v 0.033866 0.453600 -0.040166
v 0.025214 0.470867 0.024441
v 0.034102 0.457567 0.026033
v 0.024979 0.466900 -0.042001
v -0.037414 0.413170 0.266815
v -0.037223 0.442636 0.207042
v -0.028336 0.429680 0.205539
v -0.028526 0.401490 0.261895
v -0.037223 0.442636 0.207042
v -0.028526 0.424835 0.271771
v -0.028336 0.455587 0.208585
v -0.037414 0.413170 0.266815
v -0.037414 0.413170 0.266815
v -0.028672 0.386977 0.312994
v -0.028526 0.424835 0.271771
v -0.037560 0.377857 0.304428
v -0.028526 0.401490 0.261895
v -0.037560 0.377857 0.304428
v -0.037414 0.413170 0.266815
v -0.028672 0.368710 0.295891
v -0.001864 0.397576 0.260304
v -0.001673 0.425355 0.205093
v 0.024990 0.429666 0.205661
v 0.024799 0.401444 0.262005
v -0.001864 0.397576 0.260304
v -0.028336 0.429680 0.205539
v -0.001673 0.425355 0.205093
v -0.028526 0.401490 0.261895
v -0.028526 0.401490 0.261895
v -0.002010 0.365626 0.293084
v -0.028672 0.368710 0.295891
v -0.001864 0.397576 0.260304
v 0.024799 0.401444 0.262005
v -0.002010 0.365626 0.293084
v -0.001864 0.397576 0.260304
v 0.024653 0.368630 0.295977
v 0.033877 0.442617 0.207205
v 0.024799 0.424788 0.271880
v 0.033686 0.413108 0.266961
v 0.024990 0.455572 0.208707
v 0.033877 0.442617 0.207205
v 0.033686 0.413108 0.266961
v 0.024990 0.429666 0.205661
v 0.024799 0.401444 0.262005
v 0.033541 0.377750 0.304543
v 0.024799 0.401444 0.262005
v 0.033686 0.413108 0.266961
v 0.024653 0.368630 0.295977
v 0.033541 0.377750 0.304543
v 0.033686 0.413108 0.266961
v 0.024653 0.386897 0.313080
v 0.024799 0.424788 0.271880
v 0.034102 0.457567 0.026033
v 0.025173 0.469012 0.117119
v 0.034061 0.455671 0.117693
v 0.025214 0.470867 0.024441
v 0.034102 0.457567 0.026033
v 0.034061 0.455671 0.117693
v 0.025214 0.444262 0.027589
v 0.025173 0.442328 0.118225
v 0.025173 0.442328 0.118225
v 0.033877 0.442617 0.207205
v 0.024990 0.429666 0.205661
v 0.034061 0.455671 0.117693
v 0.034061 0.455671 0.117693
v 0.024990 0.455572 0.208707
v 0.033877 0.442617 0.207205
v 0.025173 0.469012 0.117119
v -0.028721 -0.189892 0.353268
v -0.002058 -0.299419 0.341494
v -0.028721 -0.300247 0.345811
v -0.002058 -0.189685 0.348832
v -0.002058 -0.375495 0.323166
v -0.028721 -0.300247 0.345811
v -0.002058 -0.299419 0.341494
v -0.028721 -0.377148 0.327224
v -0.002058 -0.375495 0.323166
v 0.024604 -0.300247 0.345811
v 0.024604 -0.377148 0.327224
v -0.002058 -0.299419 0.341494
v -0.002058 -0.299419 0.341494
v 0.024604 -0.189892 0.353268
v 0.024604 -0.300247 0.345811
v -0.002058 -0.189685 0.348832
v 0.024604 -0.305212 0.371713
v -0.002058 -0.191340 0.384320
v -0.002058 -0.306040 0.376030
v 0.024604 -0.191133 0.379884
v -0.002058 -0.306040 0.376030
v -0.002058 -0.388717 0.355626
v 0.024604 -0.387064 0.351568
v 0.024604 -0.305212 0.371713
v -0.002058 -0.306040 0.376030
v -0.028721 -0.387064 0.351568
v -0.002058 -0.388717 0.355626
v -0.028721 -0.305212 0.371713
v -0.028721 -0.305212 0.371713
v -0.002058 -0.191340 0.384320
v -0.028721 -0.191133 0.379884
v -0.002058 -0.306040 0.376030
v -0.028721 -0.191133 0.379884
v -0.037608 -0.302730 0.358762
v -0.028721 -0.305212 0.371713
v -0.037608 -0.190512 0.366576
v -0.037608 -0.382106 0.339396
v -0.028721 -0.305212 0.371713
v -0.037608 -0.302730 0.358762
v -0.028721 -0.387064 0.351568
v -0.037608 -0.382106 0.339396
v -0.037608 -0.302730 0.358762
v -0.028721 -0.377148 0.327224
v -0.028721 -0.300247 0.345811
v -0.028721 -0.300247 0.345811
v -0.037608 -0.190512 0.366576
v -0.028721 -0.189892 0.353268
v -0.037608 -0.302730 0.358762
v 0.033492 0.207332 0.343223
v 0.033492 0.086314 0.347117
v 0.024604 0.086317 0.333690
v 0.024604 0.207343 0.329796
v 0.033492 0.086314 0.347117
v 0.024604 0.207343 0.356650
v 0.024604 0.086317 0.360544
v 0.033492 0.207332 0.343223
v 0.024604 0.207343 0.356650
v 0.033492 0.298079 0.339300
v 0.024604 0.299340 0.352175
v 0.033492 0.207332 0.343223
v 0.024604 0.296854 0.326422
v 0.033492 0.207332 0.343223
v 0.024604 0.207343 0.329796
v 0.033492 0.298079 0.339300
v -0.028721 0.296959 0.326410
v -0.037608 0.207416 0.343223
v -0.037608 0.298220 0.339285
v -0.028721 0.207406 0.329796
v -0.028721 0.207406 0.356650
v -0.037608 0.298220 0.339285
v -0.037608 0.207416 0.343223
v -0.028721 0.299445 0.352163
v -0.037608 0.086335 0.347117
v -0.028721 0.207406 0.356650
v -0.037608 0.207416 0.343223
v -0.028721 0.086332 0.360544
v -0.037608 0.207416 0.343223
v -0.028721 0.086332 0.333690
v -0.037608 0.086335 0.347117
v -0.028721 0.207406 0.329796
v 0.024653 0.386897 0.313080
v -0.002058 0.353846 0.342466
v 0.024604 0.352136 0.338748
v -0.002010 0.389981 0.315888
v -0.002058 0.299807 0.356461
v 0.024604 0.352136 0.338748
v -0.002058 0.353846 0.342466
v 0.024604 0.299340 0.352175
v -0.002058 0.299807 0.356461
v -0.028721 0.352241 0.338701
v -0.028721 0.299445 0.352163
v -0.002058 0.353846 0.342466
v -0.002058 0.353846 0.342466
v -0.028672 0.386977 0.312994
v -0.028721 0.352241 0.338701
v -0.002010 0.389981 0.315888
v -0.002058 0.340587 0.312535
v -0.002058 0.296492 0.322124
v -0.028721 0.296959 0.326410
v -0.028721 0.342297 0.316253
v -0.002058 0.340587 0.312535
v 0.024604 0.296854 0.326422
v -0.002058 0.296492 0.322124
v 0.024604 0.342191 0.316299
v 0.024604 0.342191 0.316299
v -0.002010 0.365626 0.293084
v 0.024653 0.368630 0.295977
v -0.002058 0.340587 0.312535
v -0.028721 0.342297 0.316253
v -0.002010 0.365626 0.293084
v -0.002058 0.340587 0.312535
v -0.028672 0.368710 0.295891
v 0.024604 -0.300247 0.345811
v 0.033492 -0.190512 0.366576
v 0.033492 -0.302730 0.358762
v 0.024604 -0.189892 0.353268
v 0.033492 -0.302730 0.358762
v 0.033492 -0.382106 0.339396
v 0.024604 -0.377148 0.327224
v 0.024604 -0.300247 0.345811
v 0.033492 -0.382106 0.339396
v 0.024604 -0.305212 0.371713
v 0.024604 -0.387064 0.351568
v 0.033492 -0.302730 0.358762
v 0.024604 -0.191133 0.379884
v 0.033492 -0.302730 0.358762
v 0.033492 -0.190512 0.366576
v 0.024604 -0.305212 0.371713
v 0.033492 -0.382106 0.339396
v 0.033492 -0.420529 0.312519
v 0.024604 -0.377148 0.327224
v 0.024604 -0.413110 0.301731
v 0.024604 -0.413110 0.301731
v 0.033492 -0.436367 0.282455
v 0.024604 -0.426694 0.273755
v 0.033492 -0.420529 0.312519
v 0.033492 -0.436367 0.282455
v 0.033492 -0.420529 0.312519
v 0.024604 -0.446040 0.291155
v 0.024604 -0.427948 0.323307
v 0.033492 -0.382106 0.339396
v 0.024604 -0.427948 0.323307
v 0.033492 -0.420529 0.312519
v 0.024604 -0.387064 0.351568
v -0.037608 -0.382106 0.339396
v -0.028721 -0.427948 0.323307
v -0.028721 -0.387064 0.351568
v -0.037608 -0.420529 0.312519
v -0.028721 -0.446040 0.291155
v -0.028721 -0.427948 0.323307
v -0.037608 -0.420529 0.312519
v -0.037608 -0.436367 0.282455
v -0.028721 -0.413110 0.301731
v -0.037608 -0.436367 0.282455
v -0.037608 -0.420529 0.312519
v -0.028721 -0.426694 0.273755
v -0.037608 -0.420529 0.312519
v -0.028721 -0.377148 0.327224
v -0.028721 -0.413110 0.301731
v -0.037608 -0.382106 0.339396
v 0.024604 -0.427948 0.323307
v -0.002058 -0.388717 0.355626
v -0.002058 -0.430420 0.326903
v 0.024604 -0.387064 0.351568
v -0.002058 -0.449265 0.294055
v 0.024604 -0.427948 0.323307
v -0.002058 -0.430420 0.326903
v 0.024604 -0.446040 0.291155
v -0.002058 -0.449265 0.294055
v -0.028721 -0.427948 0.323307
v -0.028721 -0.446040 0.291155
v -0.002058 -0.430420 0.326903
v -0.028721 -0.427948 0.323307
v -0.002058 -0.388717 0.355626
v -0.028721 -0.387064 0.351568
v -0.002058 -0.430420 0.326903
v -0.037608 -0.447989 0.253528
v -0.028721 -0.467950 0.187910
v -0.028721 -0.459519 0.259337
v -0.037608 -0.455176 0.184571
v -0.028721 -0.436459 0.247720
v -0.037608 -0.455176 0.184571
v -0.037608 -0.447989 0.253528
v -0.028721 -0.442401 0.181232
v -0.037608 -0.447989 0.253528
v -0.037608 -0.436367 0.282455
v -0.028721 -0.426694 0.273755
v -0.028721 -0.436459 0.247720
v -0.037608 -0.436367 0.282455
v -0.028721 -0.459519 0.259337
v -0.028721 -0.446040 0.291155
v -0.037608 -0.447989 0.253528
v -0.028526 0.424835 0.271771
v -0.001673 0.459897 0.209154
v -0.028336 0.455587 0.208585
v -0.001864 0.428702 0.273471
v 0.024799 0.424788 0.271880
v -0.001673 0.459897 0.209154
v -0.001864 0.428702 0.273471
v 0.024990 0.455572 0.208707
v -0.001864 0.428702 0.273471
v -0.002010 0.389981 0.315888
v 0.024653 0.386897 0.313080
v 0.024799 0.424788 0.271880
v -0.001864 0.428702 0.273471
v -0.028672 0.386977 0.312994
v -0.002010 0.389981 0.315888
v -0.028526 0.424835 0.271771
v -0.037608 0.086335 0.347117
v -0.028721 -0.053566 0.345371
v -0.037608 -0.053566 0.358798
v -0.028721 0.086332 0.333690
v -0.037608 -0.053566 0.358798
v -0.028721 -0.053566 0.372225
v -0.028721 0.086332 0.360544
v -0.037608 0.086335 0.347117
v -0.037608 -0.190512 0.366576
v -0.028721 -0.053566 0.372225
v -0.037608 -0.053566 0.358798
v -0.028721 -0.191133 0.379884
v -0.037608 -0.053566 0.358798
v -0.028721 -0.189892 0.353268
v -0.037608 -0.190512 0.366576
v -0.028721 -0.053566 0.345371
v -0.037560 0.377857 0.304428
v -0.028721 0.342297 0.316253
v -0.037608 0.347287 0.327469
v -0.028672 0.368710 0.295891
v -0.037608 0.347287 0.327469
v -0.028672 0.386977 0.312994
v -0.037560 0.377857 0.304428
v -0.028721 0.352241 0.338701
v -0.037608 0.347287 0.327469
v -0.037608 0.298220 0.339285
v -0.028721 0.299445 0.352163
v -0.028721 0.352241 0.338701
v -0.037608 0.298220 0.339285
v -0.028721 0.342297 0.316253
v -0.028721 0.296959 0.326410
v -0.037608 0.347287 0.327469
v -0.028721 -0.377148 0.327224
v -0.002058 -0.410638 0.298135
v -0.028721 -0.413110 0.301731
v -0.002058 -0.375495 0.323166
v -0.002058 -0.410638 0.298135
v -0.028721 -0.426694 0.273755
v -0.028721 -0.413110 0.301731
v -0.002058 -0.423470 0.270855
v 0.024604 -0.426694 0.273755
v -0.002058 -0.410638 0.298135
v 0.024604 -0.413110 0.301731
v -0.002058 -0.423470 0.270855
v -0.002058 -0.410638 0.298135
v 0.024604 -0.377148 0.327224
v 0.024604 -0.413110 0.301731
v -0.002058 -0.375495 0.323166
v 0.033492 -0.053566 0.358798
v 0.033492 -0.190512 0.366576
v 0.024604 -0.189892 0.353268
v 0.024604 -0.053566 0.345371
v 0.033492 -0.190512 0.366576
v 0.024604 -0.053566 0.372225
v 0.024604 -0.191133 0.379884
v 0.033492 -0.053566 0.358798
v 0.033492 -0.053566 0.358798
v 0.024604 0.086317 0.360544
v 0.024604 -0.053566 0.372225
v 0.033492 0.086314 0.347117
v 0.024604 -0.053566 0.345371
v 0.033492 0.086314 0.347117
v 0.033492 -0.053566 0.358798
v 0.024604 0.086317 0.333690
v 0.024604 0.299340 0.352175
v -0.002058 0.207374 0.361126
v 0.024604 0.207343 0.356650
v -0.002058 0.299807 0.356461
v -0.002058 0.086325 0.365020
v 0.024604 0.207343 0.356650
v -0.002058 0.207374 0.361126
v 0.024604 0.086317 0.360544
v -0.002058 0.207374 0.361126
v -0.028721 0.086332 0.360544
v -0.002058 0.086325 0.365020
v -0.028721 0.207406 0.356650
v -0.002058 0.207374 0.361126
v -0.028721 0.299445 0.352163
v -0.028721 0.207406 0.356650
v -0.002058 0.299807 0.356461
v 0.024604 0.086317 0.360544
v -0.002058 -0.053566 0.376701
v 0.024604 -0.053566 0.372225
v -0.002058 0.086325 0.365020
v -0.002058 -0.053566 0.376701
v -0.002058 -0.191340 0.384320
v 0.024604 -0.191133 0.379884
v 0.024604 -0.053566 0.372225
v -0.002058 -0.053566 0.376701
v -0.028721 -0.191133 0.379884
v -0.002058 -0.191340 0.384320
v -0.028721 -0.053566 0.372225
v -0.028721 -0.053566 0.372225
v -0.002058 0.086325 0.365020
v -0.028721 0.086332 0.360544
v -0.002058 -0.053566 0.376701
v -0.002058 0.207374 0.325321
v -0.002058 0.086325 0.329214
v -0.028721 0.086332 0.333690
v -0.028721 0.207406 0.329796
v -0.002058 0.086325 0.329214
v 0.024604 0.207343 0.329796
v 0.024604 0.086317 0.333690
v -0.002058 0.207374 0.325321
v 0.024604 0.207343 0.329796
v -0.002058 0.296492 0.322124
v 0.024604 0.296854 0.326422
v -0.002058 0.207374 0.325321
v -0.028721 0.207406 0.329796
v -0.002058 0.296492 0.322124
v -0.002058 0.207374 0.325321
v -0.028721 0.296959 0.326410
v -0.002058 -0.189685 0.348832
v -0.028721 -0.053566 0.345371
v -0.002058 -0.053566 0.340895
v -0.028721 -0.189892 0.353268
v -0.002058 -0.189685 0.348832
v 0.024604 -0.053566 0.345371
v 0.024604 -0.189892 0.353268
v -0.002058 -0.053566 0.340895
v -0.002058 -0.053566 0.340895
v 0.024604 0.086317 0.333690
v 0.024604 -0.053566 0.345371
v -0.002058 0.086325 0.329214
v -0.028721 -0.053566 0.345371
v -0.002058 0.086325 0.329214
v -0.002058 -0.053566 0.340895
v -0.028721 0.086332 0.333690
v 0.033492 0.298079 0.339300
v 0.024604 0.342191 0.316299
v 0.033492 0.347146 0.327532
v 0.024604 0.296854 0.326422
v 0.033492 0.347146 0.327532
v 0.024604 0.299340 0.352175
v 0.033492 0.298079 0.339300
v 0.024604 0.352136 0.338748
v 0.033492 0.347146 0.327532
v 0.024653 0.386897 0.313080
v 0.024604 0.352136 0.338748
v 0.033541 0.377750 0.304543
v 0.033541 0.377750 0.304543
v 0.024604 0.342191 0.316299
v 0.024653 0.368630 0.295977
v 0.033492 0.347146 0.327532
v 0.487593 -0.159371 0.025030
v 0.502449 -0.207701 0.009740
v 0.499176 -0.207938 0.025030
v 0.490842 -0.158919 0.009740
v 0.487593 -0.159371 0.025030
v 0.499176 -0.207938 0.025030
v 0.502449 -0.207701 0.040321
v 0.490842 -0.158919 0.040321
v 0.490842 -0.158919 0.040321
v 0.473918 -0.100776 0.025030
v 0.487593 -0.159371 0.025030
v 0.477137 -0.100065 0.040321
v 0.490842 -0.158919 0.009740
v 0.473918 -0.100776 0.025030
v 0.477137 -0.100065 0.009740
v 0.487593 -0.159371 0.025030
v 0.513581 -0.155756 0.025030
v 0.496452 -0.095800 0.040321
v 0.510333 -0.156208 0.040321
v 0.499671 -0.095090 0.025030
v 0.525359 -0.206041 0.025030
v 0.510333 -0.156208 0.040321
v 0.522086 -0.206279 0.040321
v 0.513581 -0.155756 0.025030
v 0.525359 -0.206041 0.025030
v 0.510333 -0.156208 0.009740
v 0.513581 -0.155756 0.025030
v 0.522086 -0.206279 0.009740
v 0.496452 -0.095800 0.009740
v 0.513581 -0.155756 0.025030
v 0.510333 -0.156208 0.009740
v 0.499671 -0.095090 0.025030
v 0.500587 -0.157563 0.045417
v 0.502449 -0.207701 0.040321
v 0.512267 -0.206990 0.045417
v 0.490842 -0.158919 0.040321
v 0.512267 -0.206990 0.045417
v 0.510333 -0.156208 0.040321
v 0.500587 -0.157563 0.045417
v 0.522086 -0.206279 0.040321
v 0.486794 -0.097933 0.045417
v 0.500587 -0.157563 0.045417
v 0.496452 -0.095800 0.040321
v 0.510333 -0.156208 0.040321
v 0.486794 -0.097933 0.045417
v 0.490842 -0.158919 0.040321
v 0.500587 -0.157563 0.045417
v 0.477137 -0.100065 0.040321
v 0.509860 -0.236342 0.009740
v 0.512267 -0.206990 0.004643
v 0.519721 -0.236008 0.004643
v 0.502449 -0.207701 0.009740
v 0.519721 -0.236008 0.004643
v 0.522086 -0.206279 0.009740
v 0.529583 -0.235675 0.009740
v 0.512267 -0.206990 0.004643
v 0.523727 -0.250119 0.009740
v 0.519721 -0.236008 0.004643
v 0.530002 -0.246287 0.013704
v 0.529583 -0.235675 0.009740
v 0.519721 -0.236008 0.004643
v 0.523727 -0.250119 0.009740
v 0.515376 -0.246635 0.013704
v 0.509860 -0.236342 0.009740
v 0.523727 -0.250119 0.009740
v 0.525063 -0.254823 0.025030
v 0.515376 -0.246635 0.013704
v 0.513847 -0.250289 0.025030
v 0.525063 -0.254823 0.025030
v 0.523727 -0.250119 0.009740
v 0.530002 -0.246287 0.013704
v 0.533608 -0.249950 0.025030
v 0.525063 -0.254823 0.025030
v 0.533608 -0.249950 0.025030
v 0.530002 -0.246287 0.036357
v 0.523727 -0.250119 0.040321
v 0.525063 -0.254823 0.025030
v 0.515376 -0.246635 0.036357
v 0.513847 -0.250289 0.025030
v 0.523727 -0.250119 0.040321
v 0.490842 -0.158919 0.009740
v 0.486794 -0.097933 0.004643
v 0.500587 -0.157563 0.004643
v 0.477137 -0.100065 0.009740
v 0.500587 -0.157563 0.004643
v 0.496452 -0.095800 0.009740
v 0.510333 -0.156208 0.009740
v 0.486794 -0.097933 0.004643
v 0.512267 -0.206990 0.004643
v 0.510333 -0.156208 0.009740
v 0.522086 -0.206279 0.009740
v 0.500587 -0.157563 0.004643
v 0.500587 -0.157563 0.004643
v 0.512267 -0.206990 0.004643
v 0.502449 -0.207701 0.009740
v 0.490842 -0.158919 0.009740
v 0.519721 -0.236008 0.045417
v 0.515376 -0.246635 0.036357
v 0.523727 -0.250119 0.040321
v 0.509860 -0.236342 0.040321
v 0.519721 -0.236008 0.045417
v 0.523727 -0.250119 0.040321
v 0.530002 -0.246287 0.036357
v 0.529583 -0.235675 0.040321
v 0.519721 -0.236008 0.045417
v 0.529583 -0.235675 0.040321
v 0.522086 -0.206279 0.040321
v 0.512267 -0.206990 0.045417
v 0.512267 -0.206990 0.045417
v 0.509860 -0.236342 0.040321
v 0.519721 -0.236008 0.045417
v 0.502449 -0.207701 0.040321
v 0.532870 -0.235564 0.025030
v 0.522086 -0.206279 0.040321
v 0.529583 -0.235675 0.040321
v 0.525359 -0.206041 0.025030
v 0.532870 -0.235564 0.025030
v 0.530002 -0.246287 0.036357
v 0.533608 -0.249950 0.025030
v 0.529583 -0.235675 0.040321
v 0.532870 -0.235564 0.025030
v 0.533608 -0.249950 0.025030
v 0.530002 -0.246287 0.013704
v 0.529583 -0.235675 0.009740
v 0.522086 -0.206279 0.009740
v 0.532870 -0.235564 0.025030
v 0.529583 -0.235675 0.009740
v 0.525359 -0.206041 0.025030
v 0.506573 -0.236453 0.025030
v 0.515376 -0.246635 0.013704
v 0.513847 -0.250289 0.025030
v 0.509860 -0.236342 0.009740
v 0.506573 -0.236453 0.025030
v 0.513847 -0.250289 0.025030
v 0.515376 -0.246635 0.036357
v 0.509860 -0.236342 0.040321
v 0.509860 -0.236342 0.040321
v 0.499176 -0.207938 0.025030
v 0.506573 -0.236453 0.025030
v 0.502449 -0.207701 0.040321
v 0.509860 -0.236342 0.009740
v 0.499176 -0.207938 0.025030
v 0.502449 -0.207701 0.009740
v 0.506573 -0.236453 0.025030
v 0.228235 -0.342450 0.025030
v 0.103378 -0.345351 0.005320
v 0.103366 -0.342005 0.025030
v 0.228247 -0.345796 0.005320
v 0.228235 -0.342450 0.025030
v 0.103366 -0.342005 0.025030
v 0.103378 -0.345351 0.044741
v 0.228247 -0.345796 0.044741
v 0.327733 -0.342806 0.025030
v 0.228247 -0.345796 0.044741
v 0.328023 -0.346114 0.044741
v 0.228235 -0.342450 0.025030
v 0.327733 -0.342806 0.025030
v 0.228247 -0.345796 0.005320
v 0.228235 -0.342450 0.025030
v 0.328023 -0.346114 0.005320
v 0.103414 -0.355389 0.051311
v 0.228247 -0.345796 0.044741
v 0.103378 -0.345351 0.044741
v 0.228283 -0.355834 0.051311
v 0.228283 -0.355834 0.051311
v 0.103414 -0.355389 0.051311
v 0.103450 -0.365427 0.044741
v 0.228319 -0.365873 0.044741
v 0.328890 -0.356037 0.051311
v 0.228319 -0.365873 0.044741
v 0.329758 -0.365961 0.044741
v 0.228283 -0.355834 0.051311
v 0.328023 -0.346114 0.044741
v 0.228283 -0.355834 0.051311
v 0.328890 -0.356037 0.051311
v 0.228247 -0.345796 0.044741
v 0.103462 -0.368773 0.025030
v 0.228319 -0.365873 0.044741
v 0.103450 -0.365427 0.044741
v 0.228331 -0.369219 0.025030
v 0.228319 -0.365873 0.005320
v 0.103462 -0.368773 0.025030
v 0.103450 -0.365427 0.005320
v 0.228331 -0.369219 0.025030
v 0.330047 -0.369269 0.025030
v 0.228331 -0.369219 0.025030
v 0.329758 -0.365961 0.005320
v 0.228319 -0.365873 0.005320
v 0.329758 -0.365961 0.044741
v 0.228319 -0.365873 0.044741
v 0.228331 -0.369219 0.025030
v 0.330047 -0.369269 0.025030
v 0.376492 -0.342983 0.025030
v 0.328023 -0.346114 0.005320
v 0.327733 -0.342806 0.025030
v 0.377613 -0.346176 0.005320
v 0.376492 -0.342983 0.025030
v 0.327733 -0.342806 0.025030
v 0.328023 -0.346114 0.044741
v 0.377613 -0.346176 0.044741
v 0.377613 -0.346176 0.044741
v 0.401219 -0.341992 0.025030
v 0.376492 -0.342983 0.025030
v 0.403336 -0.344955 0.044741
v 0.401219 -0.341992 0.025030
v 0.377613 -0.346176 0.005320
v 0.376492 -0.342983 0.025030
v 0.403336 -0.344955 0.005320
v 0.377613 -0.346176 0.044741
v 0.328890 -0.356037 0.051311
v 0.380976 -0.355756 0.051311
v 0.328023 -0.346114 0.044741
v 0.380976 -0.355756 0.051311
v 0.328890 -0.356037 0.051311
v 0.329758 -0.365961 0.044741
v 0.384338 -0.365335 0.044741
v 0.409690 -0.353843 0.051311
v 0.384338 -0.365335 0.044741
v 0.416043 -0.362731 0.044741
v 0.380976 -0.355756 0.051311
v 0.380976 -0.355756 0.051311
v 0.409690 -0.353843 0.051311
v 0.403336 -0.344955 0.044741
v 0.377613 -0.346176 0.044741
v 0.330047 -0.369269 0.025030
v 0.384338 -0.365335 0.044741
v 0.329758 -0.365961 0.044741
v 0.385459 -0.368528 0.025030
v 0.384338 -0.365335 0.005320
v 0.330047 -0.369269 0.025030
v 0.329758 -0.365961 0.005320
v 0.385459 -0.368528 0.025030
v 0.385459 -0.368528 0.025030
v 0.384338 -0.365335 0.005320
v 0.416043 -0.362731 0.005320
v 0.418161 -0.365694 0.025030
v 0.416043 -0.362731 0.044741
v 0.384338 -0.365335 0.044741
v 0.385459 -0.368528 0.025030
v 0.418161 -0.365694 0.025030
v 0.103414 -0.355389 -0.001250
v 0.228283 -0.355834 -0.001250
v 0.103450 -0.365427 0.005320
v 0.228319 -0.365873 0.005320
v 0.103414 -0.355389 -0.001250
v 0.228247 -0.345796 0.005320
v 0.228283 -0.355834 -0.001250
v 0.103378 -0.345351 0.005320
v 0.228283 -0.355834 -0.001250
v 0.328023 -0.346114 0.005320
v 0.328890 -0.356037 -0.001250
v 0.228247 -0.345796 0.005320
v 0.228319 -0.365873 0.005320
v 0.328890 -0.356037 -0.001250
v 0.329758 -0.365961 0.005320
v 0.228283 -0.355834 -0.001250
v 0.112332 0.024818 0.025584
v 0.213466 0.024488 0.045161
v 0.111771 0.028098 0.045294
v 0.213581 0.021199 0.025451
v 0.213346 0.024485 0.005741
v 0.112332 0.024818 0.025584
v 0.111652 0.028085 0.005873
v 0.213581 0.021199 0.025451
v 0.305705 0.016417 0.025315
v 0.213346 0.024485 0.005741
v 0.306129 0.019614 0.005605
v 0.213581 0.021199 0.025451
v 0.305705 0.016417 0.025315
v 0.213466 0.024488 0.045161
v 0.213581 0.021199 0.025451
v 0.306245 0.019604 0.045025
v 0.109772 0.037902 -0.000697
v 0.212801 0.034347 -0.000829
v 0.111652 0.028085 0.005873
v 0.213346 0.024485 0.005741
v 0.109772 0.037902 -0.000697
v 0.212296 0.044210 0.005741
v 0.212801 0.034347 -0.000829
v 0.107931 0.047724 0.005873
v 0.212801 0.034347 -0.000829
v 0.309022 0.038766 0.005605
v 0.307556 0.029192 -0.000965
v 0.212296 0.044210 0.005741
v 0.213346 0.024485 0.005741
v 0.307556 0.029192 -0.000965
v 0.306129 0.019614 0.005605
v 0.212801 0.034347 -0.000829
v 0.212181 0.047499 0.025451
v 0.107931 0.047724 0.005873
v 0.107371 0.051004 0.025584
v 0.212296 0.044210 0.005741
v 0.212181 0.047499 0.025451
v 0.108050 0.047737 0.045294
v 0.212416 0.044214 0.045161
v 0.107371 0.051004 0.025584
v 0.309562 0.041952 0.025315
v 0.212181 0.047499 0.025451
v 0.309137 0.038755 0.045025
v 0.212416 0.044214 0.045161
v 0.309022 0.038766 0.005605
v 0.212296 0.044210 0.005741
v 0.212181 0.047499 0.025451
v 0.309562 0.041952 0.025315
v 0.307556 0.029192 -0.000965
v 0.381091 0.012204 0.005464
v 0.306129 0.019614 0.005605
v 0.385762 0.020838 -0.001106
v 0.309022 0.038766 0.005605
v 0.390468 0.029461 0.005464
v 0.385762 0.020838 -0.001106
v 0.307556 0.029192 -0.000965
v 0.390468 0.029461 0.005464
v 0.441950 0.007236 -0.001214
v 0.385762 0.020838 -0.001106
v 0.450083 0.013978 0.005356
v 0.385762 0.020838 -0.001106
v 0.433845 0.000474 0.005356
v 0.381091 0.012204 0.005464
v 0.441950 0.007236 -0.001214
v 0.379581 0.009311 0.025174
v 0.306245 0.019604 0.045025
v 0.305705 0.016417 0.025315
v 0.381196 0.012170 0.044884
v 0.379581 0.009311 0.025174
v 0.306129 0.019614 0.005605
v 0.381091 0.012204 0.005464
v 0.305705 0.016417 0.025315
v 0.431179 -0.001806 0.025066
v 0.381091 0.012204 0.005464
v 0.433845 0.000474 0.005356
v 0.379581 0.009311 0.025174
v 0.431179 -0.001806 0.025066
v 0.381196 0.012170 0.044884
v 0.379581 0.009311 0.025174
v 0.433926 0.000415 0.044776
v 0.385901 0.020793 0.051454
v 0.309137 0.038755 0.045025
v 0.307711 0.029178 0.051595
v 0.390572 0.029427 0.044884
v 0.381196 0.012170 0.044884
v 0.307711 0.029178 0.051595
v 0.306245 0.019604 0.045025
v 0.385901 0.020793 0.051454
v 0.442059 0.007157 0.051347
v 0.385901 0.020793 0.051454
v 0.433926 0.000415 0.044776
v 0.381196 0.012170 0.044884
v 0.442059 0.007157 0.051347
v 0.390572 0.029427 0.044884
v 0.385901 0.020793 0.051454
v 0.450165 0.013918 0.044776
v 0.109930 0.037920 0.051864
v 0.212416 0.044214 0.045161
v 0.108050 0.047737 0.045294
v 0.212961 0.034352 0.051731
v 0.212961 0.034352 0.051731
v 0.111771 0.028098 0.045294
v 0.213466 0.024488 0.045161
v 0.109930 0.037920 0.051864
v 0.307711 0.029178 0.051595
v 0.213466 0.024488 0.045161
v 0.306245 0.019604 0.045025
v 0.212961 0.034352 0.051731
v 0.309137 0.038755 0.045025
v 0.212961 0.034352 0.051731
v 0.307711 0.029178 0.051595
v 0.212416 0.044214 0.045161
v 0.473047 -0.327258 0.025030
v 0.486388 -0.296669 0.005320
v 0.476901 -0.328755 0.005320
v 0.482295 -0.295745 0.025030
v 0.473047 -0.327258 0.025030
v 0.457561 -0.335909 0.005320
v 0.454099 -0.333833 0.025030
v 0.476901 -0.328755 0.005320
v 0.473047 -0.327258 0.025030
v 0.457561 -0.335909 0.044741
v 0.476901 -0.328755 0.044741
v 0.454099 -0.333833 0.025030
v 0.486388 -0.296669 0.044741
v 0.473047 -0.327258 0.025030
v 0.476901 -0.328755 0.044741
v 0.482295 -0.295745 0.025030
v 0.500028 -0.337738 0.044741
v 0.515042 -0.303136 0.025030
v 0.510948 -0.302212 0.044741
v 0.503883 -0.339235 0.025030
v 0.500028 -0.337738 0.044741
v 0.481794 -0.350443 0.025030
v 0.503883 -0.339235 0.025030
v 0.478332 -0.348367 0.044741
v 0.500028 -0.337738 0.005320
v 0.481794 -0.350443 0.025030
v 0.478332 -0.348367 0.005320
v 0.503883 -0.339235 0.025030
v 0.500028 -0.337738 0.005320
v 0.515042 -0.303136 0.025030
v 0.503883 -0.339235 0.025030
v 0.510948 -0.302212 0.005320
v 0.510948 -0.302212 0.005320
v 0.500028 -0.337738 0.005320
v 0.488465 -0.333247 -0.001250
v 0.498668 -0.299441 -0.001250
v 0.488465 -0.333247 -0.001250
v 0.500028 -0.337738 0.005320
v 0.478332 -0.348367 0.005320
v 0.467946 -0.342138 -0.001250
v 0.467946 -0.342138 -0.001250
v 0.476901 -0.328755 0.005320
v 0.488465 -0.333247 -0.001250
v 0.457561 -0.335909 0.005320
v 0.476901 -0.328755 0.005320
v 0.498668 -0.299441 -0.001250
v 0.488465 -0.333247 -0.001250
v 0.486388 -0.296669 0.005320
v 0.485610 -0.075141 0.051311
v 0.475365 -0.128845 0.044741
v 0.488079 -0.129177 0.051311
v 0.472862 -0.075133 0.044741
v 0.488079 -0.129177 0.051311
v 0.498359 -0.075133 0.044741
v 0.485610 -0.075141 0.051311
v 0.500793 -0.129504 0.044741
v 0.485610 -0.075141 0.051311
v 0.498359 -0.075133 0.044741
v 0.494109 -0.040466 0.044741
v 0.481885 -0.041398 0.051311
v 0.481885 -0.041398 0.051311
v 0.472862 -0.075133 0.044741
v 0.485610 -0.075141 0.051311
v 0.469658 -0.042303 0.044741
v 0.472862 -0.075087 0.005320
v 0.481871 -0.041294 -0.001250
v 0.485610 -0.075079 -0.001250
v 0.469647 -0.042226 0.005320
v 0.485610 -0.075079 -0.001250
v 0.494098 -0.040388 0.005320
v 0.498359 -0.075087 0.005320
v 0.481871 -0.041294 -0.001250
v 0.488079 -0.129161 -0.001250
v 0.498359 -0.075087 0.005320
v 0.500793 -0.129493 0.005320
v 0.485610 -0.075079 -0.001250
v 0.485610 -0.075079 -0.001250
v 0.488079 -0.129161 -0.001250
v 0.475365 -0.128833 0.005320
v 0.472862 -0.075087 0.005320
v 0.481361 -0.010080 0.044741
v 0.452831 0.016199 0.025066
v 0.450165 0.013918 0.044776
v 0.484891 -0.008816 0.025030
v 0.498179 -0.040120 0.025030
v 0.481361 -0.010080 0.044741
v 0.494109 -0.040466 0.044741
v 0.484891 -0.008816 0.025030
v 0.498179 -0.040120 0.025030
v 0.481317 -0.010002 0.005320
v 0.484891 -0.008816 0.025030
v 0.494098 -0.040388 0.005320
v 0.452831 0.016199 0.025066
v 0.481317 -0.010002 0.005320
v 0.450083 0.013978 0.005356
v 0.484891 -0.008816 0.025030
v 0.456472 -0.018618 0.025030
v 0.469647 -0.042226 0.005320
v 0.465577 -0.042571 0.025030
v 0.460002 -0.017354 0.005320
v 0.456472 -0.018618 0.025030
v 0.465577 -0.042571 0.025030
v 0.469658 -0.042303 0.044741
v 0.460047 -0.017432 0.044741
v 0.456472 -0.018618 0.025030
v 0.433926 0.000415 0.044776
v 0.431179 -0.001806 0.025066
v 0.460047 -0.017432 0.044741
v 0.456472 -0.018618 0.025030
v 0.433845 0.000474 0.005356
v 0.460002 -0.017354 0.005320
v 0.431179 -0.001806 0.025066
v 0.476901 -0.328755 0.044741
v 0.498668 -0.299440 0.051311
v 0.486388 -0.296669 0.044741
v 0.488465 -0.333247 0.051311
v 0.476901 -0.328755 0.044741
v 0.467946 -0.342138 0.051311
v 0.488465 -0.333247 0.051311
v 0.457561 -0.335909 0.044741
v 0.478332 -0.348367 0.044741
v 0.500028 -0.337738 0.044741
v 0.488465 -0.333247 0.051311
v 0.467946 -0.342138 0.051311
v 0.488465 -0.333247 0.051311
v 0.510948 -0.302212 0.044741
v 0.498668 -0.299440 0.051311
v 0.500028 -0.337738 0.044741
v 0.440184 -0.349153 0.051311
v 0.467946 -0.342138 0.051311
v 0.457561 -0.335909 0.044741
v 0.431512 -0.341421 0.044741
v 0.431512 -0.341421 0.044741
v 0.409690 -0.353843 0.051311
v 0.440184 -0.349153 0.051311
v 0.403336 -0.344955 0.044741
v 0.440184 -0.349153 0.051311
v 0.416043 -0.362731 0.044741
v 0.448856 -0.356886 0.044741
v 0.409690 -0.353843 0.051311
v 0.467946 -0.342138 0.051311
v 0.448856 -0.356886 0.044741
v 0.478332 -0.348367 0.044741
v 0.440184 -0.349153 0.051311
v 0.467946 -0.342138 -0.001250
v 0.448856 -0.356886 0.005320
v 0.440184 -0.349153 -0.001250
v 0.478332 -0.348367 0.005320
v 0.409690 -0.353843 -0.001250
v 0.440184 -0.349153 -0.001250
v 0.416043 -0.362731 0.005320
v 0.448856 -0.356886 0.005320
v 0.409690 -0.353843 -0.001250
v 0.431512 -0.341421 0.005320
v 0.440184 -0.349153 -0.001250
v 0.403336 -0.344955 0.005320
v 0.467946 -0.342138 -0.001250
v 0.440184 -0.349153 -0.001250
v 0.457561 -0.335909 0.005320
v 0.431512 -0.341421 0.005320
v 0.478332 -0.348367 0.044741
v 0.451747 -0.359464 0.025030
v 0.481794 -0.350443 0.025030
v 0.448856 -0.356886 0.044741
v 0.418161 -0.365694 0.025030
v 0.448856 -0.356886 0.044741
v 0.416043 -0.362731 0.044741
v 0.451747 -0.359464 0.025030
v 0.448856 -0.356886 0.005320
v 0.418161 -0.365694 0.025030
v 0.416043 -0.362731 0.005320
v 0.451747 -0.359464 0.025030
v 0.451747 -0.359464 0.025030
v 0.448856 -0.356886 0.005320
v 0.478332 -0.348367 0.005320
v 0.481794 -0.350443 0.025030
v 0.328890 -0.356037 -0.001250
v 0.380976 -0.355756 -0.001250
v 0.329758 -0.365961 0.005320
v 0.384338 -0.365335 0.005320
v 0.328890 -0.356037 -0.001250
v 0.377613 -0.346176 0.005320
v 0.380976 -0.355756 -0.001250
v 0.328023 -0.346114 0.005320
v 0.380976 -0.355756 -0.001250
v 0.403336 -0.344955 0.005320
v 0.409690 -0.353843 -0.001250
v 0.377613 -0.346176 0.005320
v 0.384338 -0.365335 0.005320
v 0.409690 -0.353843 -0.001250
v 0.416043 -0.362731 0.005320
v 0.380976 -0.355756 -0.001250
v 0.309562 0.041952 0.025315
v 0.390468 0.029461 0.005464
v 0.309022 0.038766 0.005605
v 0.392083 0.032320 0.025174
v 0.390572 0.029427 0.044884
v 0.309562 0.041952 0.025315
v 0.309137 0.038755 0.045025
v 0.392083 0.032320 0.025174
v 0.452831 0.016199 0.025066
v 0.392083 0.032320 0.025174
v 0.450165 0.013918 0.044776
v 0.390572 0.029427 0.044884
v 0.450083 0.013978 0.005356
v 0.392083 0.032320 0.025174
v 0.452831 0.016199 0.025066
v 0.390468 0.029461 0.005464
v 0.482875 -0.216361 0.005320
v 0.488079 -0.129161 -0.001250
v 0.495486 -0.217680 -0.001250
v 0.475365 -0.128833 0.005320
v 0.495486 -0.217680 -0.001250
v 0.500793 -0.129493 0.005320
v 0.508096 -0.218999 0.005320
v 0.488079 -0.129161 -0.001250
v 0.498668 -0.299441 -0.001250
v 0.508096 -0.218999 0.005320
v 0.510948 -0.302212 0.005320
v 0.495486 -0.217680 -0.001250
v 0.495486 -0.217680 -0.001250
v 0.498668 -0.299441 -0.001250
v 0.486388 -0.296669 0.005320
v 0.482875 -0.216361 0.005320
v 0.460002 -0.017354 0.005320
v 0.441950 0.007236 -0.001214
v 0.470652 -0.013665 -0.001250
v 0.433845 0.000474 0.005356
v 0.470652 -0.013665 -0.001250
v 0.441950 0.007236 -0.001214
v 0.450083 0.013978 0.005356
v 0.481317 -0.010002 0.005320
v 0.481871 -0.041294 -0.001250
v 0.481317 -0.010002 0.005320
v 0.494098 -0.040388 0.005320
v 0.470652 -0.013665 -0.001250
v 0.470652 -0.013665 -0.001250
v 0.481871 -0.041294 -0.001250
v 0.469647 -0.042226 0.005320
v 0.460002 -0.017354 0.005320
v 0.454099 -0.333833 0.025030
v 0.431512 -0.341421 0.005320
v 0.428622 -0.338843 0.025030
v 0.457561 -0.335909 0.005320
v 0.428622 -0.338843 0.025030
v 0.403336 -0.344955 0.005320
v 0.401219 -0.341992 0.025030
v 0.431512 -0.341421 0.005320
v 0.428622 -0.338843 0.025030
v 0.403336 -0.344955 0.044741
v 0.431512 -0.341421 0.044741
v 0.401219 -0.341992 0.025030
v 0.431512 -0.341421 0.044741
v 0.454099 -0.333833 0.025030
v 0.428622 -0.338843 0.025030
v 0.457561 -0.335909 0.044741
v 0.495486 -0.217680 0.051311
v 0.486388 -0.296669 0.044741
v 0.498668 -0.299440 0.051311
v 0.482875 -0.216361 0.044741
v 0.498668 -0.299440 0.051311
v 0.508096 -0.218999 0.044741
v 0.495486 -0.217680 0.051311
v 0.510948 -0.302212 0.044741
v 0.495486 -0.217680 0.051311
v 0.508096 -0.218999 0.044741
v 0.500793 -0.129504 0.044741
v 0.488079 -0.129177 0.051311
v 0.488079 -0.129177 0.051311
v 0.482875 -0.216361 0.044741
v 0.495486 -0.217680 0.051311
v 0.475365 -0.128845 0.044741
v 0.502608 -0.075110 0.025030
v 0.494109 -0.040466 0.044741
v 0.498359 -0.075133 0.044741
v 0.498179 -0.040120 0.025030
v 0.502608 -0.075110 0.025030
v 0.500793 -0.129504 0.044741
v 0.505031 -0.129608 0.025030
v 0.498359 -0.075133 0.044741
v 0.502608 -0.075110 0.025030
v 0.505031 -0.129608 0.025030
v 0.500793 -0.129493 0.005320
v 0.498359 -0.075087 0.005320
v 0.494098 -0.040388 0.005320
v 0.502608 -0.075110 0.025030
v 0.498359 -0.075087 0.005320
v 0.498179 -0.040120 0.025030
v 0.508096 -0.218999 0.044741
v 0.505031 -0.129608 0.025030
v 0.500793 -0.129504 0.044741
v 0.512300 -0.219439 0.025030
v 0.512300 -0.219439 0.025030
v 0.510948 -0.302212 0.044741
v 0.515042 -0.303136 0.025030
v 0.508096 -0.218999 0.044741
v 0.512300 -0.219439 0.025030
v 0.515042 -0.303136 0.025030
v 0.510948 -0.302212 0.005320
v 0.508096 -0.218999 0.005320
v 0.508096 -0.218999 0.005320
v 0.505031 -0.129608 0.025030
v 0.512300 -0.219439 0.025030
v 0.500793 -0.129493 0.005320
v 0.471127 -0.128729 0.025030
v 0.472862 -0.075087 0.005320
v 0.475365 -0.128833 0.005320
v 0.468612 -0.075110 0.025030
v 0.471127 -0.128729 0.025030
v 0.472862 -0.075133 0.044741
v 0.468612 -0.075110 0.025030
v 0.475365 -0.128845 0.044741
v 0.472862 -0.075133 0.044741
v 0.465577 -0.042571 0.025030
v 0.468612 -0.075110 0.025030
v 0.469658 -0.042303 0.044741
v 0.472862 -0.075087 0.005320
v 0.465577 -0.042571 0.025030
v 0.469647 -0.042226 0.005320
v 0.468612 -0.075110 0.025030
v 0.482295 -0.295745 0.025030
v 0.482875 -0.216361 0.005320
v 0.486388 -0.296669 0.005320
v 0.478672 -0.215922 0.025030
v 0.482295 -0.295745 0.025030
v 0.482875 -0.216361 0.044741
v 0.478672 -0.215922 0.025030
v 0.486388 -0.296669 0.044741
v 0.475365 -0.128845 0.044741
v 0.478672 -0.215922 0.025030
v 0.482875 -0.216361 0.044741
v 0.471127 -0.128729 0.025030
v 0.478672 -0.215922 0.025030
v 0.475365 -0.128833 0.005320
v 0.482875 -0.216361 0.005320
v 0.471127 -0.128729 0.025030
v 0.470711 -0.013769 0.051311
v 0.469658 -0.042303 0.044741
v 0.481885 -0.041398 0.051311
v 0.460047 -0.017432 0.044741
v 0.481361 -0.010080 0.044741
v 0.481885 -0.041398 0.051311
v 0.494109 -0.040466 0.044741
v 0.470711 -0.013769 0.051311
v 0.442059 0.007157 0.051347
v 0.470711 -0.013769 0.051311
v 0.450165 0.013918 0.044776
v 0.481361 -0.010080 0.044741
v 0.442059 0.007157 0.051347
v 0.460047 -0.017432 0.044741
v 0.470711 -0.013769 0.051311
v 0.433926 0.000415 0.044776
v -0.487593 -0.159371 0.025030
v -0.499176 -0.207938 0.025030
v -0.502449 -0.207701 0.009740
v -0.490842 -0.158919 0.009740
v -0.487593 -0.159371 0.025030
v -0.502449 -0.207701 0.040321
v -0.499176 -0.207938 0.025030
v -0.490842 -0.158919 0.040321
v -0.490842 -0.158919 0.040321
v -0.473918 -0.100776 0.025030
v -0.477137 -0.100065 0.040321
v -0.487593 -0.159371 0.025030
v -0.490842 -0.158919 0.009740
v -0.473918 -0.100776 0.025030
v -0.487593 -0.159371 0.025030
v -0.477137 -0.100065 0.009740
v -0.496452 -0.095800 0.040321
v -0.513581 -0.155756 0.025030
v -0.510333 -0.156208 0.040321
v -0.499671 -0.095090 0.025030
v -0.525359 -0.206041 0.025030
v -0.510333 -0.156208 0.040321
v -0.513581 -0.155756 0.025030
v -0.522086 -0.206279 0.040321
v -0.525359 -0.206041 0.025030
v -0.510333 -0.156208 0.009740
v -0.522086 -0.206279 0.009740
v -0.513581 -0.155756 0.025030
v -0.513581 -0.155756 0.025030
v -0.496452 -0.095800 0.009740
v -0.510333 -0.156208 0.009740
v -0.499671 -0.095090 0.025030
v -0.500587 -0.157563 0.045417
v -0.512267 -0.206990 0.045417
v -0.502449 -0.207701 0.040321
v -0.490842 -0.158919 0.040321
v -0.512267 -0.206990 0.045417
v -0.510333 -0.156208 0.040321
v -0.522086 -0.206279 0.040321
v -0.500587 -0.157563 0.045417
v -0.500587 -0.157563 0.045417
v -0.496452 -0.095800 0.040321
v -0.510333 -0.156208 0.040321
v -0.486794 -0.097933 0.045417
v -0.490842 -0.158919 0.040321
v -0.486794 -0.097933 0.045417
v -0.500587 -0.157563 0.045417
v -0.477137 -0.100065 0.040321
v -0.512267 -0.206990 0.004643
v -0.509860 -0.236342 0.009740
v -0.519721 -0.236008 0.004643
v -0.502449 -0.207701 0.009740
v -0.519721 -0.236008 0.004643
v -0.529583 -0.235675 0.009740
v -0.522086 -0.206279 0.009740
v -0.512267 -0.206990 0.004643
v -0.519721 -0.236008 0.004643
v -0.523727 -0.250119 0.009740
v -0.530002 -0.246287 0.013704
v -0.529583 -0.235675 0.009740
v -0.519721 -0.236008 0.004643
v -0.515376 -0.246635 0.013704
v -0.523727 -0.250119 0.009740
v -0.509860 -0.236342 0.009740
v -0.525063 -0.254823 0.025030
v -0.523727 -0.250119 0.009740
v -0.515376 -0.246635 0.013704
v -0.513847 -0.250289 0.025030
v -0.523727 -0.250119 0.009740
v -0.525063 -0.254823 0.025030
v -0.530002 -0.246287 0.013704
v -0.533608 -0.249950 0.025030
v -0.525063 -0.254823 0.025030
v -0.530002 -0.246287 0.036357
v -0.533608 -0.249950 0.025030
v -0.523727 -0.250119 0.040321
v -0.525063 -0.254823 0.025030
v -0.513847 -0.250289 0.025030
v -0.515376 -0.246635 0.036357
v -0.523727 -0.250119 0.040321
v -0.486794 -0.097933 0.004643
v -0.490842 -0.158919 0.009740
v -0.500587 -0.157563 0.004643
v -0.477137 -0.100065 0.009740
v -0.486794 -0.097933 0.004643
v -0.500587 -0.157563 0.004643
v -0.496452 -0.095800 0.009740
v -0.510333 -0.156208 0.009740
v -0.512267 -0.206990 0.004643
v -0.510333 -0.156208 0.009740
v -0.500587 -0.157563 0.004643
v -0.522086 -0.206279 0.009740
v -0.500587 -0.157563 0.004643
v -0.502449 -0.207701 0.009740
v -0.512267 -0.206990 0.004643
v -0.490842 -0.158919 0.009740
v -0.519721 -0.236008 0.045417
v -0.523727 -0.250119 0.040321
v -0.515376 -0.246635 0.036357
v -0.509860 -0.236342 0.040321
v -0.523727 -0.250119 0.040321
v -0.519721 -0.236008 0.045417
v -0.530002 -0.246287 0.036357
v -0.529583 -0.235675 0.040321
v -0.519721 -0.236008 0.045417
v -0.522086 -0.206279 0.040321
v -0.529583 -0.235675 0.040321
v -0.512267 -0.206990 0.045417
v -0.509860 -0.236342 0.040321
v -0.512267 -0.206990 0.045417
v -0.519721 -0.236008 0.045417
v -0.502449 -0.207701 0.040321
v -0.522086 -0.206279 0.040321
v -0.532870 -0.235564 0.025030
v -0.529583 -0.235675 0.040321
v -0.525359 -0.206041 0.025030
v -0.532870 -0.235564 0.025030
v -0.533608 -0.249950 0.025030
v -0.530002 -0.246287 0.036357
v -0.529583 -0.235675 0.040321
v -0.532870 -0.235564 0.025030
v -0.530002 -0.246287 0.013704
v -0.533608 -0.249950 0.025030
v -0.529583 -0.235675 0.009740
v -0.532870 -0.235564 0.025030
v -0.522086 -0.206279 0.009740
v -0.529583 -0.235675 0.009740
v -0.525359 -0.206041 0.025030
v -0.506573 -0.236453 0.025030
v -0.513847 -0.250289 0.025030
v -0.515376 -0.246635 0.013704
v -0.509860 -0.236342 0.009740
v -0.506573 -0.236453 0.025030
v -0.515376 -0.246635 0.036357
v -0.513847 -0.250289 0.025030
v -0.509860 -0.236342 0.040321
v -0.509860 -0.236342 0.040321
v -0.499176 -0.207938 0.025030
v -0.502449 -0.207701 0.040321
v -0.506573 -0.236453 0.025030
v -0.509860 -0.236342 0.009740
v -0.499176 -0.207938 0.025030
v -0.506573 -0.236453 0.025030
v -0.502449 -0.207701 0.009740
v -0.103378 -0.345351 0.005320
v -0.228235 -0.342450 0.025030
v -0.103366 -0.342005 0.025030
v -0.228247 -0.345796 0.005320
v -0.103366 -0.342005 0.025030
v -0.228235 -0.342450 0.025030
v -0.103378 -0.345351 0.044741
v -0.228247 -0.345796 0.044741
v -0.228247 -0.345796 0.044741
v -0.327733 -0.342806 0.025030
v -0.328023 -0.346114 0.044741
v -0.228235 -0.342450 0.025030
v -0.327733 -0.342806 0.025030
v -0.228247 -0.345796 0.005320
v -0.328023 -0.346114 0.005320
v -0.228235 -0.342450 0.025030
v -0.103414 -0.355389 0.051311
v -0.228247 -0.345796 0.044741
v -0.228283 -0.355834 0.051311
v -0.103378 -0.345351 0.044741
v -0.103414 -0.355389 0.051311
v -0.228283 -0.355834 0.051311
v -0.103450 -0.365427 0.044741
v -0.228319 -0.365873 0.044741
v -0.228319 -0.365873 0.044741
v -0.328890 -0.356037 0.051311
v -0.329758 -0.365961 0.044741
v -0.228283 -0.355834 0.051311
v -0.228283 -0.355834 0.051311
v -0.328023 -0.346114 0.044741
v -0.328890 -0.356037 0.051311
v -0.228247 -0.345796 0.044741
v -0.103462 -0.368773 0.025030
v -0.228319 -0.365873 0.044741
v -0.228331 -0.369219 0.025030
v -0.103450 -0.365427 0.044741
v -0.103462 -0.368773 0.025030
v -0.228319 -0.365873 0.005320
v -0.103450 -0.365427 0.005320
v -0.228331 -0.369219 0.025030
v -0.228331 -0.369219 0.025030
v -0.330047 -0.369269 0.025030
v -0.329758 -0.365961 0.005320
v -0.228319 -0.365873 0.005320
v -0.228331 -0.369219 0.025030
v -0.329758 -0.365961 0.044741
v -0.330047 -0.369269 0.025030
v -0.228319 -0.365873 0.044741
v -0.328023 -0.346114 0.005320
v -0.377613 -0.346176 0.005320
v -0.376492 -0.342983 0.025030
v -0.327733 -0.342806 0.025030
v -0.327733 -0.342806 0.025030
v -0.376492 -0.342983 0.025030
v -0.328023 -0.346114 0.044741
v -0.377613 -0.346176 0.044741
v -0.377613 -0.346176 0.044741
v -0.401219 -0.341992 0.025030
v -0.403336 -0.344955 0.044741
v -0.376492 -0.342983 0.025030
v -0.401219 -0.341992 0.025030
v -0.377613 -0.346176 0.005320
v -0.403336 -0.344955 0.005320
v -0.376492 -0.342983 0.025030
v -0.328890 -0.356037 0.051311
v -0.377613 -0.346176 0.044741
v -0.380976 -0.355756 0.051311
v -0.328023 -0.346114 0.044741
v -0.328890 -0.356037 0.051311
v -0.380976 -0.355756 0.051311
v -0.329758 -0.365961 0.044741
v -0.384338 -0.365335 0.044741
v -0.384338 -0.365335 0.044741
v -0.409690 -0.353843 0.051311
v -0.416043 -0.362731 0.044741
v -0.380976 -0.355756 0.051311
v -0.380976 -0.355756 0.051311
v -0.403336 -0.344955 0.044741
v -0.409690 -0.353843 0.051311
v -0.377613 -0.346176 0.044741
v -0.330047 -0.369269 0.025030
v -0.384338 -0.365335 0.044741
v -0.385459 -0.368528 0.025030
v -0.329758 -0.365961 0.044741
v -0.330047 -0.369269 0.025030
v -0.384338 -0.365335 0.005320
v -0.329758 -0.365961 0.005320
v -0.385459 -0.368528 0.025030
v -0.385459 -0.368528 0.025030
v -0.416043 -0.362731 0.005320
v -0.384338 -0.365335 0.005320
v -0.418161 -0.365694 0.025030
v -0.385459 -0.368528 0.025030
v -0.416043 -0.362731 0.044741
v -0.418161 -0.365694 0.025030
v -0.384338 -0.365335 0.044741
v -0.228283 -0.355834 -0.001250
v -0.103450 -0.365427 0.005320
v -0.228319 -0.365873 0.005320
v -0.103414 -0.355389 -0.001250
v -0.103414 -0.355389 -0.001250
v -0.228247 -0.345796 0.005320
v -0.103378 -0.345351 0.005320
v -0.228283 -0.355834 -0.001250
v -0.328023 -0.346114 0.005320
v -0.228283 -0.355834 -0.001250
v -0.328890 -0.356037 -0.001250
v -0.228247 -0.345796 0.005320
v -0.328890 -0.356037 -0.001250
v -0.228319 -0.365873 0.005320
v -0.329758 -0.365961 0.005320
v -0.228283 -0.355834 -0.001250
v -0.112332 0.024818 0.025584
v -0.213466 0.024488 0.045161
v -0.213581 0.021199 0.025451
v -0.111771 0.028098 0.045294
v -0.112332 0.024818 0.025584
v -0.213346 0.024485 0.005741
v -0.111652 0.028085 0.005873
v -0.213581 0.021199 0.025451
v -0.213346 0.024485 0.005741
v -0.305705 0.016417 0.025315
v -0.306129 0.019614 0.005605
v -0.213581 0.021199 0.025451
v -0.305705 0.016417 0.025315
v -0.213466 0.024488 0.045161
v -0.306245 0.019604 0.045025
v -0.213581 0.021199 0.025451
v -0.212801 0.034347 -0.000829
v -0.111652 0.028085 0.005873
v -0.213346 0.024485 0.005741
v -0.109772 0.037902 -0.000697
v -0.109772 0.037902 -0.000697
v -0.212296 0.044210 0.005741
v -0.107931 0.047724 0.005873
v -0.212801 0.034347 -0.000829
v -0.309022 0.038766 0.005605
v -0.212801 0.034347 -0.000829
v -0.307556 0.029192 -0.000965
v -0.212296 0.044210 0.005741
v -0.307556 0.029192 -0.000965
v -0.213346 0.024485 0.005741
v -0.306129 0.019614 0.005605
v -0.212801 0.034347 -0.000829
v -0.107931 0.047724 0.005873
v -0.212181 0.047499 0.025451
v -0.107371 0.051004 0.025584
v -0.212296 0.044210 0.005741
v -0.107371 0.051004 0.025584
v -0.212181 0.047499 0.025451
v -0.108050 0.047737 0.045294
v -0.212416 0.044214 0.045161
v -0.212181 0.047499 0.025451
v -0.309137 0.038755 0.045025
v -0.212416 0.044214 0.045161
v -0.309562 0.041952 0.025315
v -0.212181 0.047499 0.025451
v -0.309022 0.038766 0.005605
v -0.309562 0.041952 0.025315
v -0.212296 0.044210 0.005741
v -0.381091 0.012204 0.005464
v -0.307556 0.029192 -0.000965
v -0.306129 0.019614 0.005605
v -0.385762 0.020838 -0.001106
v -0.385762 0.020838 -0.001106
v -0.309022 0.038766 0.005605
v -0.307556 0.029192 -0.000965
v -0.390468 0.029461 0.005464
v -0.441950 0.007236 -0.001214
v -0.390468 0.029461 0.005464
v -0.385762 0.020838 -0.001106
v -0.450083 0.013978 0.005356
v -0.441950 0.007236 -0.001214
v -0.385762 0.020838 -0.001106
v -0.433845 0.000474 0.005356
v -0.381091 0.012204 0.005464
v -0.306245 0.019604 0.045025
v -0.379581 0.009311 0.025174
v -0.305705 0.016417 0.025315
v -0.381196 0.012170 0.044884
v -0.305705 0.016417 0.025315
v -0.379581 0.009311 0.025174
v -0.306129 0.019614 0.005605
v -0.381091 0.012204 0.005464
v -0.381091 0.012204 0.005464
v -0.431179 -0.001806 0.025066
v -0.433845 0.000474 0.005356
v -0.379581 0.009311 0.025174
v -0.431179 -0.001806 0.025066
v -0.381196 0.012170 0.044884
v -0.433926 0.000415 0.044776
v -0.379581 0.009311 0.025174
v -0.309137 0.038755 0.045025
v -0.390572 0.029427 0.044884
v -0.385901 0.020793 0.051454
v -0.307711 0.029178 0.051595
v -0.307711 0.029178 0.051595
v -0.381196 0.012170 0.044884
v -0.306245 0.019604 0.045025
v -0.385901 0.020793 0.051454
v -0.385901 0.020793 0.051454
v -0.433926 0.000415 0.044776
v -0.381196 0.012170 0.044884
v -0.442059 0.007157 0.051347
v -0.390572 0.029427 0.044884
v -0.442059 0.007157 0.051347
v -0.385901 0.020793 0.051454
v -0.450165 0.013918 0.044776
v -0.109930 0.037920 0.051864
v -0.212416 0.044214 0.045161
v -0.212961 0.034352 0.051731
v -0.108050 0.047737 0.045294
v -0.109930 0.037920 0.051864
v -0.212961 0.034352 0.051731
v -0.111771 0.028098 0.045294
v -0.213466 0.024488 0.045161
v -0.213466 0.024488 0.045161
v -0.307711 0.029178 0.051595
v -0.306245 0.019604 0.045025
v -0.212961 0.034352 0.051731
v -0.212961 0.034352 0.051731
v -0.309137 0.038755 0.045025
v -0.307711 0.029178 0.051595
v -0.212416 0.044214 0.045161
v -0.486388 -0.296669 0.005320
v -0.473047 -0.327258 0.025030
v -0.476901 -0.328755 0.005320
v -0.482295 -0.295745 0.025030
v -0.473047 -0.327258 0.025030
v -0.454099 -0.333833 0.025030
v -0.457561 -0.335909 0.005320
v -0.476901 -0.328755 0.005320
v -0.473047 -0.327258 0.025030
v -0.476901 -0.328755 0.044741
v -0.457561 -0.335909 0.044741
v -0.454099 -0.333833 0.025030
v -0.473047 -0.327258 0.025030
v -0.486388 -0.296669 0.044741
v -0.476901 -0.328755 0.044741
v -0.482295 -0.295745 0.025030
v -0.500028 -0.337738 0.044741
v -0.515042 -0.303136 0.025030
v -0.503883 -0.339235 0.025030
v -0.510948 -0.302212 0.044741
v -0.481794 -0.350443 0.025030
v -0.500028 -0.337738 0.044741
v -0.503883 -0.339235 0.025030
v -0.478332 -0.348367 0.044741
v -0.481794 -0.350443 0.025030
v -0.500028 -0.337738 0.005320
v -0.478332 -0.348367 0.005320
v -0.503883 -0.339235 0.025030
v -0.500028 -0.337738 0.005320
v -0.515042 -0.303136 0.025030
v -0.510948 -0.302212 0.005320
v -0.503883 -0.339235 0.025030
v -0.488465 -0.333247 -0.001250
v -0.510948 -0.302212 0.005320
v -0.498668 -0.299441 -0.001250
v -0.500028 -0.337738 0.005320
v -0.478332 -0.348367 0.005320
v -0.500028 -0.337738 0.005320
v -0.488465 -0.333247 -0.001250
v -0.467946 -0.342138 -0.001250
v -0.476901 -0.328755 0.005320
v -0.467946 -0.342138 -0.001250
v -0.488465 -0.333247 -0.001250
v -0.457561 -0.335909 0.005320
v -0.476901 -0.328755 0.005320
v -0.498668 -0.299441 -0.001250
v -0.486388 -0.296669 0.005320
v -0.488465 -0.333247 -0.001250
v -0.485610 -0.075141 0.051311
v -0.488079 -0.129177 0.051311
v -0.475365 -0.128845 0.044741
v -0.472862 -0.075133 0.044741
v -0.488079 -0.129177 0.051311
v -0.498359 -0.075133 0.044741
v -0.500793 -0.129504 0.044741
v -0.485610 -0.075141 0.051311
v -0.485610 -0.075141 0.051311
v -0.494109 -0.040466 0.044741
v -0.498359 -0.075133 0.044741
v -0.481885 -0.041398 0.051311
v -0.472862 -0.075133 0.044741
v -0.481885 -0.041398 0.051311
v -0.485610 -0.075141 0.051311
v -0.469658 -0.042303 0.044741
v -0.481871 -0.041294 -0.001250
v -0.472862 -0.075087 0.005320
v -0.485610 -0.075079 -0.001250
v -0.469647 -0.042226 0.005320
v -0.485610 -0.075079 -0.001250
v -0.498359 -0.075087 0.005320
v -0.494098 -0.040388 0.005320
v -0.481871 -0.041294 -0.001250
v -0.488079 -0.129161 -0.001250
v -0.498359 -0.075087 0.005320
v -0.485610 -0.075079 -0.001250
v -0.500793 -0.129493 0.005320
v -0.485610 -0.075079 -0.001250
v -0.475365 -0.128833 0.005320
v -0.488079 -0.129161 -0.001250
v -0.472862 -0.075087 0.005320
v -0.452831 0.016199 0.025066
v -0.481361 -0.010080 0.044741
v -0.450165 0.013918 0.044776
v -0.484891 -0.008816 0.025030
v -0.498179 -0.040120 0.025030
v -0.481361 -0.010080 0.044741
v -0.484891 -0.008816 0.025030
v -0.494109 -0.040466 0.044741
v -0.498179 -0.040120 0.025030
v -0.481317 -0.010002 0.005320
v -0.494098 -0.040388 0.005320
v -0.484891 -0.008816 0.025030
v -0.452831 0.016199 0.025066
v -0.481317 -0.010002 0.005320
v -0.484891 -0.008816 0.025030
v -0.450083 0.013978 0.005356
v -0.456472 -0.018618 0.025030
v -0.465577 -0.042571 0.025030
v -0.469647 -0.042226 0.005320
v -0.460002 -0.017354 0.005320
v -0.456472 -0.018618 0.025030
v -0.469658 -0.042303 0.044741
v -0.465577 -0.042571 0.025030
v -0.460047 -0.017432 0.044741
v -0.433926 0.000415 0.044776
v -0.456472 -0.018618 0.025030
v -0.431179 -0.001806 0.025066
v -0.460047 -0.017432 0.044741
v -0.456472 -0.018618 0.025030
v -0.460002 -0.017354 0.005320
v -0.433845 0.000474 0.005356
v -0.431179 -0.001806 0.025066
v -0.476901 -0.328755 0.044741
v -0.498668 -0.299440 0.051311
v -0.488465 -0.333247 0.051311
v -0.486388 -0.296669 0.044741
v -0.467946 -0.342138 0.051311
v -0.476901 -0.328755 0.044741
v -0.488465 -0.333247 0.051311
v -0.457561 -0.335909 0.044741
v -0.488465 -0.333247 0.051311
v -0.500028 -0.337738 0.044741
v -0.478332 -0.348367 0.044741
v -0.467946 -0.342138 0.051311
v -0.510948 -0.302212 0.044741
v -0.488465 -0.333247 0.051311
v -0.498668 -0.299440 0.051311
v -0.500028 -0.337738 0.044741
v -0.467946 -0.342138 0.051311
v -0.440184 -0.349153 0.051311
v -0.457561 -0.335909 0.044741
v -0.431512 -0.341421 0.044741
v -0.409690 -0.353843 0.051311
v -0.431512 -0.341421 0.044741
v -0.440184 -0.349153 0.051311
v -0.403336 -0.344955 0.044741
v -0.409690 -0.353843 0.051311
v -0.440184 -0.349153 0.051311
v -0.416043 -0.362731 0.044741
v -0.448856 -0.356886 0.044741
v -0.467946 -0.342138 0.051311
v -0.448856 -0.356886 0.044741
v -0.440184 -0.349153 0.051311
v -0.478332 -0.348367 0.044741
v -0.467946 -0.342138 -0.001250
v -0.448856 -0.356886 0.005320
v -0.478332 -0.348367 0.005320
v -0.440184 -0.349153 -0.001250
v -0.440184 -0.349153 -0.001250
v -0.416043 -0.362731 0.005320
v -0.448856 -0.356886 0.005320
v -0.409690 -0.353843 -0.001250
v -0.431512 -0.341421 0.005320
v -0.409690 -0.353843 -0.001250
v -0.440184 -0.349153 -0.001250
v -0.403336 -0.344955 0.005320
v -0.440184 -0.349153 -0.001250
v -0.467946 -0.342138 -0.001250
v -0.457561 -0.335909 0.005320
v -0.431512 -0.341421 0.005320
v -0.451747 -0.359464 0.025030
v -0.478332 -0.348367 0.044741
v -0.481794 -0.350443 0.025030
v -0.448856 -0.356886 0.044741
v -0.418161 -0.365694 0.025030
v -0.448856 -0.356886 0.044741
v -0.451747 -0.359464 0.025030
v -0.416043 -0.362731 0.044741
v -0.418161 -0.365694 0.025030
v -0.448856 -0.356886 0.005320
v -0.416043 -0.362731 0.005320
v -0.451747 -0.359464 0.025030
v -0.451747 -0.359464 0.025030
v -0.478332 -0.348367 0.005320
v -0.448856 -0.356886 0.005320
v -0.481794 -0.350443 0.025030
v -0.380976 -0.355756 -0.001250
v -0.329758 -0.365961 0.005320
v -0.384338 -0.365335 0.005320
v -0.328890 -0.356037 -0.001250
v -0.377613 -0.346176 0.005320
v -0.328890 -0.356037 -0.001250
v -0.380976 -0.355756 -0.001250
v -0.328023 -0.346114 0.005320
v -0.380976 -0.355756 -0.001250
v -0.409690 -0.353843 -0.001250
v -0.403336 -0.344955 0.005320
v -0.377613 -0.346176 0.005320
v -0.409690 -0.353843 -0.001250
v -0.384338 -0.365335 0.005320
v -0.416043 -0.362731 0.005320
v -0.380976 -0.355756 -0.001250
v -0.309562 0.041952 0.025315
v -0.390468 0.029461 0.005464
v -0.392083 0.032320 0.025174
v -0.309022 0.038766 0.005605
v -0.309562 0.041952 0.025315
v -0.390572 0.029427 0.044884
v -0.309137 0.038755 0.045025
v -0.392083 0.032320 0.025174
v -0.392083 0.032320 0.025174
v -0.450165 0.013918 0.044776
v -0.390572 0.029427 0.044884
v -0.452831 0.016199 0.025066
v -0.392083 0.032320 0.025174
v -0.450083 0.013978 0.005356
v -0.452831 0.016199 0.025066
v -0.390468 0.029461 0.005464
v -0.488079 -0.129161 -0.001250
v -0.482875 -0.216361 0.005320
v -0.495486 -0.217680 -0.001250
v -0.475365 -0.128833 0.005320
v -0.495486 -0.217680 -0.001250
v -0.508096 -0.218999 0.005320
v -0.500793 -0.129493 0.005320
v -0.488079 -0.129161 -0.001250
v -0.498668 -0.299441 -0.001250
v -0.508096 -0.218999 0.005320
v -0.495486 -0.217680 -0.001250
v -0.510948 -0.302212 0.005320
v -0.495486 -0.217680 -0.001250
v -0.486388 -0.296669 0.005320
v -0.498668 -0.299441 -0.001250
v -0.482875 -0.216361 0.005320
v -0.441950 0.007236 -0.001214
v -0.460002 -0.017354 0.005320
v -0.470652 -0.013665 -0.001250
v -0.433845 0.000474 0.005356
v -0.441950 0.007236 -0.001214
v -0.470652 -0.013665 -0.001250
v -0.450083 0.013978 0.005356
v -0.481317 -0.010002 0.005320
v -0.481317 -0.010002 0.005320
v -0.481871 -0.041294 -0.001250
v -0.494098 -0.040388 0.005320
v -0.470652 -0.013665 -0.001250
v -0.470652 -0.013665 -0.001250
v -0.469647 -0.042226 0.005320
v -0.481871 -0.041294 -0.001250
v -0.460002 -0.017354 0.005320
v -0.454099 -0.333833 0.025030
v -0.431512 -0.341421 0.005320
v -0.457561 -0.335909 0.005320
v -0.428622 -0.338843 0.025030
v -0.403336 -0.344955 0.005320
v -0.428622 -0.338843 0.025030
v -0.401219 -0.341992 0.025030
v -0.431512 -0.341421 0.005320
v -0.428622 -0.338843 0.025030
v -0.431512 -0.341421 0.044741
v -0.403336 -0.344955 0.044741
v -0.401219 -0.341992 0.025030
v -0.431512 -0.341421 0.044741
v -0.454099 -0.333833 0.025030
v -0.457561 -0.335909 0.044741
v -0.428622 -0.338843 0.025030
v -0.495486 -0.217680 0.051311
v -0.498668 -0.299440 0.051311
v -0.486388 -0.296669 0.044741
v -0.482875 -0.216361 0.044741
v -0.498668 -0.299440 0.051311
v -0.508096 -0.218999 0.044741
v -0.510948 -0.302212 0.044741
v -0.495486 -0.217680 0.051311
v -0.495486 -0.217680 0.051311
v -0.500793 -0.129504 0.044741
v -0.508096 -0.218999 0.044741
v -0.488079 -0.129177 0.051311
v -0.482875 -0.216361 0.044741
v -0.488079 -0.129177 0.051311
v -0.495486 -0.217680 0.051311
v -0.475365 -0.128845 0.044741
v -0.494109 -0.040466 0.044741
v -0.502608 -0.075110 0.025030
v -0.498359 -0.075133 0.044741
v -0.498179 -0.040120 0.025030
v -0.502608 -0.075110 0.025030
v -0.505031 -0.129608 0.025030
v -0.500793 -0.129504 0.044741
v -0.498359 -0.075133 0.044741
v -0.502608 -0.075110 0.025030
v -0.500793 -0.129493 0.005320
v -0.505031 -0.129608 0.025030
v -0.498359 -0.075087 0.005320
v -0.502608 -0.075110 0.025030
v -0.494098 -0.040388 0.005320
v -0.498359 -0.075087 0.005320
v -0.498179 -0.040120 0.025030
v -0.508096 -0.218999 0.044741
v -0.505031 -0.129608 0.025030
v -0.512300 -0.219439 0.025030
v -0.500793 -0.129504 0.044741
v -0.512300 -0.219439 0.025030
v -0.515042 -0.303136 0.025030
v -0.510948 -0.302212 0.044741
v -0.508096 -0.218999 0.044741
v -0.512300 -0.219439 0.025030
v -0.510948 -0.302212 0.005320
v -0.515042 -0.303136 0.025030
v -0.508096 -0.218999 0.005320
v -0.508096 -0.218999 0.005320
v -0.505031 -0.129608 0.025030
v -0.500793 -0.129493 0.005320
v -0.512300 -0.219439 0.025030
v -0.471127 -0.128729 0.025030
v -0.472862 -0.075087 0.005320
v -0.468612 -0.075110 0.025030
v -0.475365 -0.128833 0.005320
v -0.471127 -0.128729 0.025030
v -0.472862 -0.075133 0.044741
v -0.475365 -0.128845 0.044741
v -0.468612 -0.075110 0.025030
v -0.472862 -0.075133 0.044741
v -0.465577 -0.042571 0.025030
v -0.469658 -0.042303 0.044741
v -0.468612 -0.075110 0.025030
v -0.472862 -0.075087 0.005320
v -0.465577 -0.042571 0.025030
v -0.468612 -0.075110 0.025030
v -0.469647 -0.042226 0.005320
v -0.482295 -0.295745 0.025030
v -0.482875 -0.216361 0.005320
v -0.478672 -0.215922 0.025030
v -0.486388 -0.296669 0.005320
v -0.482295 -0.295745 0.025030
v -0.482875 -0.216361 0.044741
v -0.486388 -0.296669 0.044741
v -0.478672 -0.215922 0.025030
v -0.478672 -0.215922 0.025030
v -0.475365 -0.128845 0.044741
v -0.482875 -0.216361 0.044741
v -0.471127 -0.128729 0.025030
v -0.475365 -0.128833 0.005320
v -0.478672 -0.215922 0.025030
v -0.482875 -0.216361 0.005320
v -0.471127 -0.128729 0.025030
v -0.470711 -0.013769 0.051311
v -0.481885 -0.041398 0.051311
v -0.469658 -0.042303 0.044741
v -0.460047 -0.017432 0.044741
v -0.481885 -0.041398 0.051311
v -0.481361 -0.010080 0.044741
v -0.494109 -0.040466 0.044741
v -0.470711 -0.013769 0.051311
v -0.470711 -0.013769 0.051311
v -0.442059 0.007157 0.051347
v -0.450165 0.013918 0.044776
v -0.481361 -0.010080 0.044741
v -0.460047 -0.017432 0.044741
v -0.442059 0.007157 0.051347
v -0.470711 -0.013769 0.051311
v -0.433926 0.000415 0.044776
v 0.147995 0.352986 -0.085539
v 0.172458 0.326481 -0.132375
v 0.157970 0.332229 -0.075149
v 0.164487 0.343394 -0.147186
v 0.160685 0.373744 -0.089749
v 0.164487 0.343394 -0.147186
v 0.147995 0.352986 -0.085539
v 0.179331 0.360307 -0.155775
v 0.179331 0.360307 -0.155775
v 0.177091 0.323235 -0.194087
v 0.164487 0.343394 -0.147186
v 0.193570 0.335829 -0.206614
v 0.164487 0.343394 -0.147186
v 0.183513 0.310641 -0.175314
v 0.172458 0.326481 -0.132375
v 0.177091 0.323235 -0.194087
v 0.195921 0.380664 -0.082696
v 0.179331 0.360307 -0.155775
v 0.160685 0.373744 -0.089749
v 0.214392 0.365945 -0.150425
v 0.195921 0.380664 -0.082696
v 0.247315 0.360307 -0.137234
v 0.214392 0.365945 -0.150425
v 0.229859 0.373744 -0.070884
v 0.214392 0.365945 -0.150425
v 0.260857 0.335829 -0.188263
v 0.228654 0.340027 -0.202720
v 0.247315 0.360307 -0.137234
v 0.214392 0.365945 -0.150425
v 0.193570 0.335829 -0.206614
v 0.179331 0.360307 -0.155775
v 0.228654 0.340027 -0.202720
v 0.255743 0.343394 -0.122299
v 0.229859 0.373744 -0.070884
v 0.238655 0.352986 -0.060815
v 0.247315 0.360307 -0.137234
v 0.241358 0.326481 -0.113585
v 0.238655 0.352986 -0.060815
v 0.224787 0.332229 -0.056927
v 0.255743 0.343394 -0.122299
v 0.255743 0.343394 -0.122299
v 0.241358 0.326481 -0.113585
v 0.253632 0.310641 -0.156191
v 0.268695 0.323235 -0.169105
v 0.268695 0.323235 -0.169105
v 0.247315 0.360307 -0.137234
v 0.255743 0.343394 -0.122299
v 0.260857 0.335829 -0.188263
v 0.205838 0.320843 -0.119059
v 0.241358 0.326481 -0.113585
v 0.224787 0.332229 -0.056927
v 0.190730 0.325309 -0.063658
v 0.157970 0.332229 -0.075149
v 0.205838 0.320843 -0.119059
v 0.190730 0.325309 -0.063658
v 0.172458 0.326481 -0.132375
v 0.217132 0.306443 -0.160472
v 0.172458 0.326481 -0.132375
v 0.183513 0.310641 -0.175314
v 0.205838 0.320843 -0.119059
v 0.241358 0.326481 -0.113585
v 0.217132 0.306443 -0.160472
v 0.253632 0.310641 -0.156191
v 0.205838 0.320843 -0.119059
v 0.198998 0.289268 -0.227077
v 0.228654 0.340027 -0.202720
v 0.234496 0.291710 -0.224143
v 0.193570 0.335829 -0.206614
v 0.234496 0.291710 -0.224143
v 0.260857 0.335829 -0.188263
v 0.266570 0.289268 -0.208649
v 0.228654 0.340027 -0.202720
v 0.236142 0.230968 -0.230178
v 0.266570 0.289268 -0.208649
v 0.268383 0.229896 -0.213995
v 0.234496 0.291710 -0.224143
v 0.236142 0.230968 -0.230178
v 0.198998 0.289268 -0.227077
v 0.234496 0.291710 -0.224143
v 0.200149 0.229896 -0.232604
v 0.266570 0.289268 -0.208649
v 0.268695 0.323235 -0.169105
v 0.273373 0.281942 -0.186554
v 0.260857 0.335829 -0.188263
v 0.273373 0.281942 -0.186554
v 0.268695 0.323235 -0.169105
v 0.253632 0.310641 -0.156191
v 0.257313 0.274616 -0.170694
v 0.274216 0.226682 -0.190233
v 0.257313 0.274616 -0.170694
v 0.257260 0.223468 -0.172686
v 0.273373 0.281942 -0.186554
v 0.273373 0.281942 -0.186554
v 0.274216 0.226682 -0.190233
v 0.268383 0.229896 -0.213995
v 0.266570 0.289268 -0.208649
v 0.253632 0.310641 -0.156191
v 0.217132 0.306443 -0.160472
v 0.220796 0.272174 -0.173906
v 0.257313 0.274616 -0.170694
v 0.187704 0.274616 -0.189677
v 0.217132 0.306443 -0.160472
v 0.183513 0.310641 -0.175314
v 0.220796 0.272174 -0.173906
v 0.220796 0.272174 -0.173906
v 0.188760 0.223468 -0.191367
v 0.221134 0.222396 -0.175147
v 0.187704 0.274616 -0.189677
v 0.220796 0.272174 -0.173906
v 0.221134 0.222396 -0.175147
v 0.257260 0.223468 -0.172686
v 0.257313 0.274616 -0.170694
v 0.258336 0.162255 -0.177759
v 0.221134 0.222396 -0.175147
v 0.222452 0.161466 -0.179980
v 0.257260 0.223468 -0.172686
v 0.190410 0.162255 -0.196284
v 0.221134 0.222396 -0.175147
v 0.188760 0.223468 -0.191367
v 0.222452 0.161466 -0.179980
v 0.222452 0.161466 -0.179980
v 0.198855 0.061909 -0.227866
v 0.231120 0.061561 -0.211763
v 0.190410 0.162255 -0.196284
v 0.231120 0.061561 -0.211763
v 0.258336 0.162255 -0.177759
v 0.222452 0.161466 -0.179980
v 0.267093 0.061909 -0.209256
v 0.188760 0.223468 -0.191367
v 0.184603 0.164620 -0.220562
v 0.190410 0.162255 -0.196284
v 0.183060 0.226682 -0.215093
v 0.201561 0.166986 -0.238632
v 0.183060 0.226682 -0.215093
v 0.200149 0.229896 -0.232604
v 0.184603 0.164620 -0.220562
v 0.192926 0.062952 -0.251395
v 0.201561 0.166986 -0.238632
v 0.209802 0.063995 -0.268704
v 0.184603 0.164620 -0.220562
v 0.184603 0.164620 -0.220562
v 0.192926 0.062952 -0.251395
v 0.198855 0.061909 -0.227866
v 0.190410 0.162255 -0.196284
v 0.200149 0.229896 -0.232604
v 0.237814 0.167774 -0.236310
v 0.201561 0.166986 -0.238632
v 0.236142 0.230968 -0.230178
v 0.237814 0.167774 -0.236310
v 0.268383 0.229896 -0.213995
v 0.270227 0.166986 -0.219906
v 0.236142 0.230968 -0.230178
v 0.245952 0.064343 -0.266149
v 0.270227 0.166986 -0.219906
v 0.278394 0.063995 -0.249998
v 0.237814 0.167774 -0.236310
v 0.237814 0.167774 -0.236310
v 0.245952 0.064343 -0.266149
v 0.209802 0.063995 -0.268704
v 0.201561 0.166986 -0.238632
v 0.183513 0.310641 -0.175314
v 0.181919 0.281942 -0.211495
v 0.187704 0.274616 -0.189677
v 0.177091 0.323235 -0.194087
v 0.198998 0.289268 -0.227077
v 0.177091 0.323235 -0.194087
v 0.193570 0.335829 -0.206614
v 0.181919 0.281942 -0.211495
v 0.181919 0.281942 -0.211495
v 0.200149 0.229896 -0.232604
v 0.183060 0.226682 -0.215093
v 0.198998 0.289268 -0.227077
v 0.183060 0.226682 -0.215093
v 0.187704 0.274616 -0.189677
v 0.181919 0.281942 -0.211495
v 0.188760 0.223468 -0.191367
v 0.231440 -0.115617 -0.346362
v 0.245952 0.064343 -0.266149
v 0.266994 -0.117113 -0.343307
v 0.209802 0.063995 -0.268704
v 0.266994 -0.117113 -0.343307
v 0.278394 0.063995 -0.249998
v 0.299177 -0.115617 -0.327889
v 0.245952 0.064343 -0.266149
v 0.281874 -0.289227 -0.397867
v 0.299177 -0.115617 -0.327889
v 0.313944 -0.285477 -0.383611
v 0.266994 -0.117113 -0.343307
v 0.266994 -0.117113 -0.343307
v 0.281874 -0.289227 -0.397867
v 0.247006 -0.285477 -0.401866
v 0.231440 -0.115617 -0.346362
v 0.284146 0.062952 -0.226517
v 0.306092 -0.111127 -0.306079
v 0.278394 0.063995 -0.249998
v 0.299177 -0.115617 -0.327889
v 0.284146 0.062952 -0.226517
v 0.290086 -0.106638 -0.290519
v 0.306092 -0.111127 -0.306079
v 0.267093 0.061909 -0.209256
v 0.322301 -0.274228 -0.364799
v 0.306092 -0.111127 -0.306079
v 0.307647 -0.262978 -0.352263
v 0.290086 -0.106638 -0.290519
v 0.322301 -0.274228 -0.364799
v 0.299177 -0.115617 -0.327889
v 0.306092 -0.111127 -0.306079
v 0.313944 -0.285477 -0.383611
v 0.253507 -0.105142 -0.293853
v 0.290086 -0.106638 -0.290519
v 0.267093 0.061909 -0.209256
v 0.231120 0.061561 -0.211763
v 0.231120 0.061561 -0.211763
v 0.220300 -0.106638 -0.309551
v 0.253507 -0.105142 -0.293853
v 0.198855 0.061909 -0.227866
v 0.253507 -0.105142 -0.293853
v 0.236517 -0.262978 -0.371662
v 0.270683 -0.259228 -0.356833
v 0.220300 -0.106638 -0.309551
v 0.270683 -0.259228 -0.356833
v 0.290086 -0.106638 -0.290519
v 0.253507 -0.105142 -0.293853
v 0.307647 -0.262978 -0.352263
v 0.270227 0.166986 -0.219906
v 0.274216 0.226682 -0.190233
v 0.275664 0.164620 -0.195728
v 0.268383 0.229896 -0.213995
v 0.257260 0.223468 -0.172686
v 0.275664 0.164620 -0.195728
v 0.274216 0.226682 -0.190233
v 0.258336 0.162255 -0.177759
v 0.275664 0.164620 -0.195728
v 0.267093 0.061909 -0.209256
v 0.284146 0.062952 -0.226517
v 0.258336 0.162255 -0.177759
v 0.284146 0.062952 -0.226517
v 0.270227 0.166986 -0.219906
v 0.275664 0.164620 -0.195728
v 0.278394 0.063995 -0.249998
v 0.271523 -0.364632 -0.359913
v 0.237031 -0.359213 -0.365474
v 0.247006 -0.285477 -0.401866
v 0.281874 -0.289227 -0.397867
v 0.281874 -0.289227 -0.397867
v 0.304063 -0.359213 -0.347194
v 0.271523 -0.364632 -0.359913
v 0.313944 -0.285477 -0.383611
v 0.304063 -0.359213 -0.347194
v 0.251249 -0.380647 -0.285572
v 0.271523 -0.364632 -0.359913
v 0.284555 -0.374177 -0.274674
v 0.251249 -0.380647 -0.285572
v 0.237031 -0.359213 -0.365474
v 0.271523 -0.364632 -0.359913
v 0.217021 -0.374177 -0.293091
v 0.313574 -0.342958 -0.333066
v 0.313944 -0.285477 -0.383611
v 0.322301 -0.274228 -0.364799
v 0.304063 -0.359213 -0.347194
v 0.300107 -0.326703 -0.325204
v 0.322301 -0.274228 -0.364799
v 0.307647 -0.262978 -0.352263
v 0.313574 -0.342958 -0.333066
v 0.300107 -0.326703 -0.325204
v 0.295155 -0.354769 -0.266336
v 0.313574 -0.342958 -0.333066
v 0.282880 -0.335361 -0.264237
v 0.313574 -0.342958 -0.333066
v 0.284555 -0.374177 -0.274674
v 0.304063 -0.359213 -0.347194
v 0.295155 -0.354769 -0.266336
v 0.307647 -0.262978 -0.352263
v 0.263715 -0.321285 -0.331284
v 0.300107 -0.326703 -0.325204
v 0.270683 -0.259228 -0.356833
v 0.263715 -0.321285 -0.331284
v 0.236517 -0.262978 -0.371662
v 0.229276 -0.326703 -0.344521
v 0.270683 -0.259228 -0.356833
v 0.263715 -0.321285 -0.331284
v 0.213166 -0.335361 -0.283250
v 0.247562 -0.328892 -0.272054
v 0.229276 -0.326703 -0.344521
v 0.263715 -0.321285 -0.331284
v 0.247562 -0.328892 -0.272054
v 0.282880 -0.335361 -0.264237
v 0.300107 -0.326703 -0.325204
v 0.220300 -0.106638 -0.309551
v 0.192926 0.062952 -0.251395
v 0.214410 -0.111127 -0.331082
v 0.198855 0.061909 -0.227866
v 0.214410 -0.111127 -0.331082
v 0.209802 0.063995 -0.268704
v 0.231440 -0.115617 -0.346362
v 0.192926 0.062952 -0.251395
v 0.230256 -0.274228 -0.389901
v 0.231440 -0.115617 -0.346362
v 0.247006 -0.285477 -0.401866
v 0.214410 -0.111127 -0.331082
v 0.214410 -0.111127 -0.331082
v 0.230256 -0.274228 -0.389901
v 0.236517 -0.262978 -0.371662
v 0.220300 -0.106638 -0.309551
v 0.271381 -0.326501 -0.224257
v 0.247562 -0.328892 -0.272054
v 0.237182 -0.319631 -0.233989
v 0.282880 -0.335361 -0.264237
v 0.202776 -0.326501 -0.242967
v 0.247562 -0.328892 -0.272054
v 0.213166 -0.335361 -0.283250
v 0.237182 -0.319631 -0.233989
v 0.229687 -0.301936 -0.206507
v 0.202776 -0.326501 -0.242967
v 0.195246 -0.308882 -0.213179
v 0.237182 -0.319631 -0.233989
v 0.229687 -0.301936 -0.206507
v 0.271381 -0.326501 -0.224257
v 0.237182 -0.319631 -0.233989
v 0.262746 -0.308882 -0.194771
v 0.191250 -0.347111 -0.244896
v 0.213166 -0.335361 -0.283250
v 0.203656 -0.354769 -0.291290
v 0.202776 -0.326501 -0.242967
v 0.202485 -0.367721 -0.240618
v 0.203656 -0.354769 -0.291290
v 0.217021 -0.374177 -0.293091
v 0.191250 -0.347111 -0.244896
v 0.191250 -0.347111 -0.244896
v 0.190684 -0.350553 -0.198101
v 0.181646 -0.329717 -0.208727
v 0.202485 -0.367721 -0.240618
v 0.181646 -0.329717 -0.208727
v 0.202776 -0.326501 -0.242967
v 0.191250 -0.347111 -0.244896
v 0.195246 -0.308882 -0.213179
v 0.236360 -0.374591 -0.230975
v 0.217021 -0.374177 -0.293091
v 0.251249 -0.380647 -0.285572
v 0.202485 -0.367721 -0.240618
v 0.236360 -0.374591 -0.230975
v 0.284555 -0.374177 -0.274674
v 0.270440 -0.367721 -0.222086
v 0.251249 -0.380647 -0.285572
v 0.236360 -0.374591 -0.230975
v 0.270440 -0.367721 -0.222086
v 0.259021 -0.350553 -0.179464
v 0.224162 -0.357499 -0.186250
v 0.190684 -0.350553 -0.198101
v 0.236360 -0.374591 -0.230975
v 0.224162 -0.357499 -0.186250
v 0.202485 -0.367721 -0.240618
v 0.230256 -0.274228 -0.389901
v 0.229276 -0.326703 -0.344521
v 0.236517 -0.262978 -0.371662
v 0.221665 -0.342958 -0.358131
v 0.247006 -0.285477 -0.401866
v 0.221665 -0.342958 -0.358131
v 0.230256 -0.274228 -0.389901
v 0.237031 -0.359213 -0.365474
v 0.203656 -0.354769 -0.291290
v 0.221665 -0.342958 -0.358131
v 0.217021 -0.374177 -0.293091
v 0.237031 -0.359213 -0.365474
v 0.203656 -0.354769 -0.291290
v 0.229276 -0.326703 -0.344521
v 0.221665 -0.342958 -0.358131
v 0.213166 -0.335361 -0.283250
v 0.295155 -0.354769 -0.266336
v 0.270440 -0.367721 -0.222086
v 0.284555 -0.374177 -0.274674
v 0.282291 -0.347111 -0.220068
v 0.282880 -0.335361 -0.264237
v 0.282291 -0.347111 -0.220068
v 0.295155 -0.354769 -0.266336
v 0.271381 -0.326501 -0.224257
v 0.272204 -0.329717 -0.184030
v 0.271381 -0.326501 -0.224257
v 0.262746 -0.308882 -0.194771
v 0.282291 -0.347111 -0.220068
v 0.282291 -0.347111 -0.220068
v 0.259021 -0.350553 -0.179464
v 0.270440 -0.367721 -0.222086
v 0.272204 -0.329717 -0.184030
v -0.172458 0.326481 -0.132375
v -0.147995 0.352986 -0.085539
v -0.157970 0.332229 -0.075149
v -0.164487 0.343394 -0.147186
v -0.164487 0.343394 -0.147186
v -0.160685 0.373744 -0.089749
v -0.147995 0.352986 -0.085539
v -0.179331 0.360307 -0.155775
v -0.177091 0.323235 -0.194087
v -0.179331 0.360307 -0.155775
v -0.164487 0.343394 -0.147186
v -0.193570 0.335829 -0.206614
v -0.164487 0.343394 -0.147186
v -0.172458 0.326481 -0.132375
v -0.183513 0.310641 -0.175314
v -0.177091 0.323235 -0.194087
v -0.179331 0.360307 -0.155775
v -0.195921 0.380664 -0.082696
v -0.160685 0.373744 -0.089749
v -0.214392 0.365945 -0.150425
v -0.195921 0.380664 -0.082696
v -0.247315 0.360307 -0.137234
v -0.229859 0.373744 -0.070884
v -0.214392 0.365945 -0.150425
v -0.260857 0.335829 -0.188263
v -0.214392 0.365945 -0.150425
v -0.228654 0.340027 -0.202720
v -0.247315 0.360307 -0.137234
v -0.214392 0.365945 -0.150425
v -0.179331 0.360307 -0.155775
v -0.193570 0.335829 -0.206614
v -0.228654 0.340027 -0.202720
v -0.255743 0.343394 -0.122299
v -0.238655 0.352986 -0.060815
v -0.229859 0.373744 -0.070884
v -0.247315 0.360307 -0.137234
v -0.238655 0.352986 -0.060815
v -0.241358 0.326481 -0.113585
v -0.224787 0.332229 -0.056927
v -0.255743 0.343394 -0.122299
v -0.255743 0.343394 -0.122299
v -0.253632 0.310641 -0.156191
v -0.241358 0.326481 -0.113585
v -0.268695 0.323235 -0.169105
v -0.247315 0.360307 -0.137234
v -0.268695 0.323235 -0.169105
v -0.255743 0.343394 -0.122299
v -0.260857 0.335829 -0.188263
v -0.205838 0.320843 -0.119059
v -0.224787 0.332229 -0.056927
v -0.241358 0.326481 -0.113585
v -0.190730 0.325309 -0.063658
v -0.205838 0.320843 -0.119059
v -0.157970 0.332229 -0.075149
v -0.190730 0.325309 -0.063658
v -0.172458 0.326481 -0.132375
v -0.217132 0.306443 -0.160472
v -0.172458 0.326481 -0.132375
v -0.205838 0.320843 -0.119059
v -0.183513 0.310641 -0.175314
v -0.217132 0.306443 -0.160472
v -0.241358 0.326481 -0.113585
v -0.253632 0.310641 -0.156191
v -0.205838 0.320843 -0.119059
v -0.198998 0.289268 -0.227077
v -0.228654 0.340027 -0.202720
v -0.193570 0.335829 -0.206614
v -0.234496 0.291710 -0.224143
v -0.260857 0.335829 -0.188263
v -0.234496 0.291710 -0.224143
v -0.266570 0.289268 -0.208649
v -0.228654 0.340027 -0.202720
v -0.236142 0.230968 -0.230178
v -0.266570 0.289268 -0.208649
v -0.234496 0.291710 -0.224143
v -0.268383 0.229896 -0.213995
v -0.236142 0.230968 -0.230178
v -0.198998 0.289268 -0.227077
v -0.200149 0.229896 -0.232604
v -0.234496 0.291710 -0.224143
v -0.266570 0.289268 -0.208649
v -0.268695 0.323235 -0.169105
v -0.260857 0.335829 -0.188263
v -0.273373 0.281942 -0.186554
v -0.273373 0.281942 -0.186554
v -0.253632 0.310641 -0.156191
v -0.268695 0.323235 -0.169105
v -0.257313 0.274616 -0.170694
v -0.274216 0.226682 -0.190233
v -0.257313 0.274616 -0.170694
v -0.273373 0.281942 -0.186554
v -0.257260 0.223468 -0.172686
v -0.273373 0.281942 -0.186554
v -0.268383 0.229896 -0.213995
v -0.274216 0.226682 -0.190233
v -0.266570 0.289268 -0.208649
v -0.220796 0.272174 -0.173906
v -0.253632 0.310641 -0.156191
v -0.257313 0.274616 -0.170694
v -0.217132 0.306443 -0.160472
v -0.187704 0.274616 -0.189677
v -0.217132 0.306443 -0.160472
v -0.220796 0.272174 -0.173906
v -0.183513 0.310641 -0.175314
v -0.220796 0.272174 -0.173906
v -0.221134 0.222396 -0.175147
v -0.188760 0.223468 -0.191367
v -0.187704 0.274616 -0.189677
v -0.220796 0.272174 -0.173906
v -0.257260 0.223468 -0.172686
v -0.221134 0.222396 -0.175147
v -0.257313 0.274616 -0.170694
v -0.258336 0.162255 -0.177759
v -0.221134 0.222396 -0.175147
v -0.257260 0.223468 -0.172686
v -0.222452 0.161466 -0.179980
v -0.190410 0.162255 -0.196284
v -0.221134 0.222396 -0.175147
v -0.222452 0.161466 -0.179980
v -0.188760 0.223468 -0.191367
v -0.222452 0.161466 -0.179980
v -0.231120 0.061561 -0.211763
v -0.198855 0.061909 -0.227866
v -0.190410 0.162255 -0.196284
v -0.231120 0.061561 -0.211763
v -0.258336 0.162255 -0.177759
v -0.267093 0.061909 -0.209256
v -0.222452 0.161466 -0.179980
v -0.188760 0.223468 -0.191367
v -0.184603 0.164620 -0.220562
v -0.183060 0.226682 -0.215093
v -0.190410 0.162255 -0.196284
v -0.201561 0.166986 -0.238632
v -0.183060 0.226682 -0.215093
v -0.184603 0.164620 -0.220562
v -0.200149 0.229896 -0.232604
v -0.192926 0.062952 -0.251395
v -0.201561 0.166986 -0.238632
v -0.184603 0.164620 -0.220562
v -0.209802 0.063995 -0.268704
v -0.184603 0.164620 -0.220562
v -0.198855 0.061909 -0.227866
v -0.192926 0.062952 -0.251395
v -0.190410 0.162255 -0.196284
v -0.237814 0.167774 -0.236310
v -0.200149 0.229896 -0.232604
v -0.201561 0.166986 -0.238632
v -0.236142 0.230968 -0.230178
v -0.268383 0.229896 -0.213995
v -0.237814 0.167774 -0.236310
v -0.270227 0.166986 -0.219906
v -0.236142 0.230968 -0.230178
v -0.245952 0.064343 -0.266149
v -0.270227 0.166986 -0.219906
v -0.237814 0.167774 -0.236310
v -0.278394 0.063995 -0.249998
v -0.237814 0.167774 -0.236310
v -0.209802 0.063995 -0.268704
v -0.245952 0.064343 -0.266149
v -0.201561 0.166986 -0.238632
v -0.183513 0.310641 -0.175314
v -0.181919 0.281942 -0.211495
v -0.177091 0.323235 -0.194087
v -0.187704 0.274616 -0.189677
v -0.177091 0.323235 -0.194087
v -0.198998 0.289268 -0.227077
v -0.193570 0.335829 -0.206614
v -0.181919 0.281942 -0.211495
v -0.181919 0.281942 -0.211495
v -0.183060 0.226682 -0.215093
v -0.200149 0.229896 -0.232604
v -0.198998 0.289268 -0.227077
v -0.183060 0.226682 -0.215093
v -0.187704 0.274616 -0.189677
v -0.188760 0.223468 -0.191367
v -0.181919 0.281942 -0.211495
v -0.245952 0.064343 -0.266149
v -0.231440 -0.115617 -0.346362
v -0.266994 -0.117113 -0.343307
v -0.209802 0.063995 -0.268704
v -0.266994 -0.117113 -0.343307
v -0.299177 -0.115617 -0.327889
v -0.278394 0.063995 -0.249998
v -0.245952 0.064343 -0.266149
v -0.281874 -0.289227 -0.397867
v -0.299177 -0.115617 -0.327889
v -0.266994 -0.117113 -0.343307
v -0.313944 -0.285477 -0.383611
v -0.266994 -0.117113 -0.343307
v -0.247006 -0.285477 -0.401866
v -0.281874 -0.289227 -0.397867
v -0.231440 -0.115617 -0.346362
v -0.306092 -0.111127 -0.306079
v -0.278394 0.063995 -0.249998
v -0.299177 -0.115617 -0.327889
v -0.284146 0.062952 -0.226517
v -0.290086 -0.106638 -0.290519
v -0.284146 0.062952 -0.226517
v -0.306092 -0.111127 -0.306079
v -0.267093 0.061909 -0.209256
v -0.306092 -0.111127 -0.306079
v -0.322301 -0.274228 -0.364799
v -0.307647 -0.262978 -0.352263
v -0.290086 -0.106638 -0.290519
v -0.322301 -0.274228 -0.364799
v -0.299177 -0.115617 -0.327889
v -0.313944 -0.285477 -0.383611
v -0.306092 -0.111127 -0.306079
v -0.253507 -0.105142 -0.293853
v -0.267093 0.061909 -0.209256
v -0.290086 -0.106638 -0.290519
v -0.231120 0.061561 -0.211763
v -0.220300 -0.106638 -0.309551
v -0.231120 0.061561 -0.211763
v -0.253507 -0.105142 -0.293853
v -0.198855 0.061909 -0.227866
v -0.253507 -0.105142 -0.293853
v -0.270683 -0.259228 -0.356833
v -0.236517 -0.262978 -0.371662
v -0.220300 -0.106638 -0.309551
v -0.270683 -0.259228 -0.356833
v -0.290086 -0.106638 -0.290519
v -0.307647 -0.262978 -0.352263
v -0.253507 -0.105142 -0.293853
v -0.270227 0.166986 -0.219906
v -0.274216 0.226682 -0.190233
v -0.268383 0.229896 -0.213995
v -0.275664 0.164620 -0.195728
v -0.257260 0.223468 -0.172686
v -0.275664 0.164620 -0.195728
v -0.258336 0.162255 -0.177759
v -0.274216 0.226682 -0.190233
v -0.275664 0.164620 -0.195728
v -0.284146 0.062952 -0.226517
v -0.267093 0.061909 -0.209256
v -0.258336 0.162255 -0.177759
v -0.284146 0.062952 -0.226517
v -0.270227 0.166986 -0.219906
v -0.278394 0.063995 -0.249998
v -0.275664 0.164620 -0.195728
v -0.271523 -0.364632 -0.359913
v -0.247006 -0.285477 -0.401866
v -0.237031 -0.359213 -0.365474
v -0.281874 -0.289227 -0.397867
v -0.304063 -0.359213 -0.347194
v -0.281874 -0.289227 -0.397867
v -0.271523 -0.364632 -0.359913
v -0.313944 -0.285477 -0.383611
v -0.304063 -0.359213 -0.347194
v -0.251249 -0.380647 -0.285572
v -0.284555 -0.374177 -0.274674
v -0.271523 -0.364632 -0.359913
v -0.237031 -0.359213 -0.365474
v -0.251249 -0.380647 -0.285572
v -0.271523 -0.364632 -0.359913
v -0.217021 -0.374177 -0.293091
v -0.313944 -0.285477 -0.383611
v -0.313574 -0.342958 -0.333066
v -0.322301 -0.274228 -0.364799
v -0.304063 -0.359213 -0.347194
v -0.322301 -0.274228 -0.364799
v -0.300107 -0.326703 -0.325204
v -0.307647 -0.262978 -0.352263
v -0.313574 -0.342958 -0.333066
v -0.295155 -0.354769 -0.266336
v -0.300107 -0.326703 -0.325204
v -0.313574 -0.342958 -0.333066
v -0.282880 -0.335361 -0.264237
v -0.295155 -0.354769 -0.266336
v -0.313574 -0.342958 -0.333066
v -0.284555 -0.374177 -0.274674
v -0.304063 -0.359213 -0.347194
v -0.263715 -0.321285 -0.331284
v -0.307647 -0.262978 -0.352263
v -0.300107 -0.326703 -0.325204
v -0.270683 -0.259228 -0.356833
v -0.263715 -0.321285 -0.331284
v -0.229276 -0.326703 -0.344521
v -0.236517 -0.262978 -0.371662
v -0.270683 -0.259228 -0.356833
v -0.263715 -0.321285 -0.331284
v -0.213166 -0.335361 -0.283250
v -0.229276 -0.326703 -0.344521
v -0.247562 -0.328892 -0.272054
v -0.263715 -0.321285 -0.331284
v -0.282880 -0.335361 -0.264237
v -0.247562 -0.328892 -0.272054
v -0.300107 -0.326703 -0.325204
v -0.192926 0.062952 -0.251395
v -0.220300 -0.106638 -0.309551
v -0.214410 -0.111127 -0.331082
v -0.198855 0.061909 -0.227866
v -0.192926 0.062952 -0.251395
v -0.214410 -0.111127 -0.331082
v -0.209802 0.063995 -0.268704
v -0.231440 -0.115617 -0.346362
v -0.230256 -0.274228 -0.389901
v -0.231440 -0.115617 -0.346362
v -0.214410 -0.111127 -0.331082
v -0.247006 -0.285477 -0.401866
v -0.230256 -0.274228 -0.389901
v -0.214410 -0.111127 -0.331082
v -0.236517 -0.262978 -0.371662
v -0.220300 -0.106638 -0.309551
v -0.247562 -0.328892 -0.272054
v -0.271381 -0.326501 -0.224257
v -0.237182 -0.319631 -0.233989
v -0.282880 -0.335361 -0.264237
v -0.202776 -0.326501 -0.242967
v -0.247562 -0.328892 -0.272054
v -0.237182 -0.319631 -0.233989
v -0.213166 -0.335361 -0.283250
v -0.202776 -0.326501 -0.242967
v -0.229687 -0.301936 -0.206507
v -0.195246 -0.308882 -0.213179
v -0.237182 -0.319631 -0.233989
v -0.229687 -0.301936 -0.206507
v -0.271381 -0.326501 -0.224257
v -0.262746 -0.308882 -0.194771
v -0.237182 -0.319631 -0.233989
v -0.191250 -0.347111 -0.244896
v -0.203656 -0.354769 -0.291290
v -0.213166 -0.335361 -0.283250
v -0.202776 -0.326501 -0.242967
v -0.203656 -0.354769 -0.291290
v -0.202485 -0.367721 -0.240618
v -0.217021 -0.374177 -0.293091
v -0.191250 -0.347111 -0.244896
v -0.191250 -0.347111 -0.244896
v -0.190684 -0.350553 -0.198101
v -0.202485 -0.367721 -0.240618
v -0.181646 -0.329717 -0.208727
v -0.181646 -0.329717 -0.208727
v -0.202776 -0.326501 -0.242967
v -0.195246 -0.308882 -0.213179
v -0.191250 -0.347111 -0.244896
v -0.236360 -0.374591 -0.230975
v -0.251249 -0.380647 -0.285572
v -0.217021 -0.374177 -0.293091
v -0.202485 -0.367721 -0.240618
v -0.236360 -0.374591 -0.230975
v -0.284555 -0.374177 -0.274674
v -0.251249 -0.380647 -0.285572
v -0.270440 -0.367721 -0.222086
v -0.236360 -0.374591 -0.230975
v -0.259021 -0.350553 -0.179464
v -0.270440 -0.367721 -0.222086
v -0.224162 -0.357499 -0.186250
v -0.190684 -0.350553 -0.198101
v -0.236360 -0.374591 -0.230975
v -0.202485 -0.367721 -0.240618
v -0.224162 -0.357499 -0.186250
v -0.229276 -0.326703 -0.344521
v -0.230256 -0.274228 -0.389901
v -0.236517 -0.262978 -0.371662
v -0.221665 -0.342958 -0.358131
v -0.247006 -0.285477 -0.401866
v -0.221665 -0.342958 -0.358131
v -0.237031 -0.359213 -0.365474
v -0.230256 -0.274228 -0.389901
v -0.221665 -0.342958 -0.358131
v -0.217021 -0.374177 -0.293091
v -0.237031 -0.359213 -0.365474
v -0.203656 -0.354769 -0.291290
v -0.229276 -0.326703 -0.344521
v -0.203656 -0.354769 -0.291290
v -0.221665 -0.342958 -0.358131
v -0.213166 -0.335361 -0.283250
v -0.270440 -0.367721 -0.222086
v -0.295155 -0.354769 -0.266336
v -0.284555 -0.374177 -0.274674
v -0.282291 -0.347111 -0.220068
v -0.282880 -0.335361 -0.264237
v -0.282291 -0.347111 -0.220068
v -0.271381 -0.326501 -0.224257
v -0.295155 -0.354769 -0.266336
v -0.272204 -0.329717 -0.184030
v -0.271381 -0.326501 -0.224257
v -0.282291 -0.347111 -0.220068
v -0.262746 -0.308882 -0.194771
v -0.282291 -0.347111 -0.220068
v -0.259021 -0.350553 -0.179464
v -0.272204 -0.329717 -0.184030
v -0.270440 -0.367721 -0.222086
vn 0.830758 -0.219852 -0.511377
vn 0.830758 -0.219852 -0.511377
vn 0.830758 -0.219852 -0.511377
vn 0.830758 -0.219852 -0.511377
vn 0.828383 -0.172028 -0.533092
vn 0.828383 -0.172028 -0.533092
vn 0.828383 -0.172028 -0.533092
vn 0.828383 -0.172028 -0.533092
vn 0.828463 0.170237 0.533542
vn 0.828463 0.170237 0.533542
vn 0.828463 0.170237 0.533542
vn 0.828463 0.170237 0.533542
vn 0.830878 0.217189 0.512319
vn 0.830878 0.217189 0.512319
vn 0.830878 0.217189 0.512319
vn 0.830878 0.217189 0.512319
vn -0.830877 0.217189 0.512320
vn -0.830877 0.217189 0.512320
vn -0.830877 0.217189 0.512320
vn -0.830877 0.217189 0.512320
vn -0.828463 0.170237 0.533543
vn -0.828463 0.170237 0.533543
vn -0.828463 0.170237 0.533543
vn -0.828463 0.170237 0.533543
vn -0.828383 -0.172029 -0.533092
vn -0.828383 -0.172029 -0.533092
vn -0.828383 -0.172029 -0.533092
vn -0.828383 -0.172029 -0.533092
vn -0.830758 -0.219852 -0.511376
vn -0.830758 -0.219852 -0.511376
vn -0.830758 -0.219852 -0.511376
vn -0.830758 -0.219852 -0.511376
vn 0.163713 0.382078 0.909513
vn 0.163713 0.382078 0.909513
vn 0.163713 0.382078 0.909513
vn 0.163713 0.382078 0.909513
vn 0.162218 0.297963 0.940693
vn 0.162218 0.297963 0.940693
vn 0.162218 0.297963 0.940693
vn 0.162218 0.297963 0.940693
vn -0.162218 0.297962 0.940693
vn -0.162218 0.297962 0.940693
vn -0.162218 0.297962 0.940693
vn -0.162218 0.297962 0.940693
vn -0.163713 0.382078 0.909513
vn -0.163713 0.382078 0.909513
vn -0.163713 0.382078 0.909513
vn -0.163713 0.382078 0.909513
vn -0.163543 -0.392821 -0.904956
vn -0.163543 -0.392821 -0.904956
vn -0.163543 -0.392821 -0.904956
vn -0.163543 -0.392821 -0.904956
vn -0.162107 -0.305183 -0.938395
vn -0.162107 -0.305183 -0.938395
vn -0.162107 -0.305183 -0.938395
vn -0.162107 -0.305183 -0.938395
vn 0.162106 -0.305182 -0.938395
vn 0.162106 -0.305182 -0.938395
vn 0.162106 -0.305182 -0.938395
vn 0.162106 -0.305182 -0.938395
vn 0.163543 -0.392820 -0.904956
vn 0.163543 -0.392820 -0.904956
vn 0.163543 -0.392820 -0.904956
vn 0.163543 -0.392820 -0.904956
vn 0.345583 -0.643813 -0.682699
vn 0.345583 -0.643813 -0.682699
vn 0.345583 -0.643813 -0.682699
vn 0.345583 -0.643813 -0.682699
vn -0.345583 -0.643813 -0.682699
vn -0.345583 -0.643813 -0.682699
vn -0.345583 -0.643813 -0.682699
vn -0.345583 -0.643813 -0.682699
vn -0.331310 -0.665227 0.669109
vn -0.331310 -0.665227 0.669109
vn -0.331310 -0.665227 0.669109
vn -0.331310 -0.665227 0.669109
vn 0.331311 -0.665226 0.669109
vn 0.331311 -0.665226 0.669109
vn 0.331311 -0.665226 0.669109
vn 0.331311 -0.665226 0.669109
vn -0.162718 -0.080299 -0.983400
vn -0.162718 -0.080299 -0.983400
vn -0.162718 -0.080299 -0.983400
vn -0.162718 -0.080299 -0.983400
vn -0.195222 -0.103083 -0.975327
vn -0.195222 -0.103083 -0.975327
vn -0.195222 -0.103083 -0.975327
vn -0.195222 -0.103083 -0.975327
vn 0.195222 -0.103085 -0.975326
vn 0.195222 -0.103085 -0.975326
vn 0.195222 -0.103085 -0.975326
vn 0.195222 -0.103085 -0.975326
vn 0.162717 -0.080299 -0.983400
vn 0.162717 -0.080299 -0.983400
vn 0.162717 -0.080299 -0.983400
vn 0.162717 -0.080299 -0.983400
vn 0.162749 0.085489 0.982957
vn 0.162749 0.085489 0.982957
vn 0.162749 0.085489 0.982957
vn 0.162749 0.085489 0.982957
vn 0.190504 -0.185573 0.963987
vn 0.190504 -0.185573 0.963987
vn 0.190504 -0.185573 0.963987
vn 0.190504 -0.185573 0.963987
vn -0.190504 -0.185574 0.963987
vn -0.190504 -0.185574 0.963987
vn -0.190504 -0.185574 0.963987
vn -0.190504 -0.185574 0.963987
vn -0.162749 0.085488 0.982957
vn -0.162749 0.085488 0.982957
vn -0.162749 0.085488 0.982957
vn -0.162749 0.085488 0.982957
vn -0.829368 0.047605 0.556670
vn -0.829368 0.047605 0.556670
vn -0.829368 0.047605 0.556670
vn -0.829368 0.047605 0.556670
vn -0.745632 -0.258218 0.614294
vn -0.745632 -0.258218 0.614294
vn -0.745632 -0.258218 0.614294
vn -0.745632 -0.258218 0.614294
vn -0.767381 -0.209806 -0.605895
vn -0.767381 -0.209806 -0.605895
vn -0.767381 -0.209806 -0.605895
vn -0.767381 -0.209806 -0.605895
vn -0.829347 -0.046349 -0.556808
vn -0.829347 -0.046349 -0.556808
vn -0.829347 -0.046349 -0.556808
vn -0.829347 -0.046349 -0.556808
vn 0.829348 -0.046349 -0.556807
vn 0.829348 -0.046349 -0.556807
vn 0.829348 -0.046349 -0.556807
vn 0.829348 -0.046349 -0.556807
vn 0.767381 -0.209806 -0.605895
vn 0.767381 -0.209806 -0.605895
vn 0.767381 -0.209806 -0.605895
vn 0.767381 -0.209806 -0.605895
vn 0.745632 -0.258218 0.614294
vn 0.745632 -0.258218 0.614294
vn 0.745632 -0.258218 0.614294
vn 0.745632 -0.258218 0.614294
vn 0.829368 0.047605 0.556670
vn 0.829368 0.047605 0.556670
vn 0.829368 0.047605 0.556670
vn 0.829368 0.047605 0.556670
vn 0.163813 -0.972662 0.164600
vn 0.163813 -0.972662 0.164600
vn 0.163813 -0.972662 0.164600
vn 0.163813 -0.972662 0.164600
vn -0.163846 -0.972335 0.166489
vn -0.163846 -0.972335 0.166489
vn -0.163846 -0.972335 0.166489
vn -0.163846 -0.972335 0.166489
vn -0.164886 -0.984497 0.059822
vn -0.164886 -0.984497 0.059822
vn -0.164886 -0.984497 0.059822
vn -0.164886 -0.984497 0.059822
vn 0.165085 -0.984534 0.058649
vn 0.165085 -0.984534 0.058649
vn 0.165085 -0.984534 0.058649
vn 0.165085 -0.984534 0.058649
vn -0.165080 0.984564 -0.058155
vn -0.165080 0.984564 -0.058155
vn -0.165080 0.984564 -0.058155
vn -0.165080 0.984564 -0.058155
vn -0.163798 0.970510 -0.176864
vn -0.163798 0.970510 -0.176864
vn -0.163798 0.970510 -0.176864
vn -0.163798 0.970510 -0.176864
vn 0.163843 0.970176 -0.178646
vn 0.163843 0.970176 -0.178646
vn 0.163843 0.970176 -0.178646
vn 0.163843 0.970176 -0.178646
vn 0.164880 0.984528 -0.059329
vn 0.164880 0.984528 -0.059329
vn 0.164880 0.984528 -0.059329
vn 0.164880 0.984528 -0.059329
vn -0.159026 -0.946818 0.279727
vn -0.159026 -0.946818 0.279727
vn -0.159026 -0.946818 0.279727
vn -0.159026 -0.946818 0.279727
vn 0.158982 -0.947061 0.278927
vn 0.158982 -0.947061 0.278927
vn 0.158982 -0.947061 0.278927
vn 0.158982 -0.947061 0.278927
vn 0.156406 -0.844912 0.511528
vn 0.156406 -0.844912 0.511528
vn 0.156406 -0.844912 0.511528
vn 0.156406 -0.844912 0.511528
vn -0.156405 -0.844912 0.511528
vn -0.156405 -0.844912 0.511528
vn -0.156405 -0.844912 0.511528
vn -0.156405 -0.844912 0.511528
vn 0.823149 -0.543934 0.162974
vn 0.823149 -0.543934 0.162974
vn 0.823149 -0.543934 0.162974
vn 0.823149 -0.543934 0.162974
vn 0.823235 0.540964 -0.172167
vn 0.823235 0.540964 -0.172167
vn 0.823235 0.540964 -0.172167
vn 0.823235 0.540964 -0.172167
vn 0.818646 0.489864 -0.299754
vn 0.818646 0.489864 -0.299754
vn 0.818646 0.489864 -0.299754
vn 0.818646 0.489864 -0.299754
vn 0.818617 -0.490679 0.298495
vn 0.818617 -0.490679 0.298495
vn 0.818617 -0.490679 0.298495
vn 0.818617 -0.490679 0.298495
vn 0.159097 0.939802 -0.302423
vn 0.159097 0.939802 -0.302423
vn 0.159097 0.939802 -0.302423
vn 0.159097 0.939802 -0.302423
vn -0.159049 0.940008 -0.301807
vn -0.159049 0.940008 -0.301807
vn -0.159049 0.940008 -0.301807
vn -0.159049 0.940008 -0.301807
vn -0.156441 0.841728 -0.516741
vn -0.156441 0.841728 -0.516741
vn -0.156441 0.841728 -0.516741
vn -0.156441 0.841728 -0.516741
vn 0.156442 0.841728 -0.516740
vn 0.156442 0.841728 -0.516740
vn 0.156442 0.841728 -0.516740
vn 0.156442 0.841728 -0.516740
vn -0.833053 -0.552014 0.036103
vn -0.833053 -0.552014 0.036103
vn -0.833053 -0.552014 0.036103
vn -0.833053 -0.552014 0.036103
vn -0.831124 -0.547011 0.100061
vn -0.831124 -0.547011 0.100061
vn -0.831124 -0.547011 0.100061
vn -0.831124 -0.547011 0.100061
vn -0.831133 0.548126 -0.093674
vn -0.831133 0.548126 -0.093674
vn -0.831133 0.548126 -0.093674
vn -0.831133 0.548126 -0.093674
vn -0.832901 0.552603 -0.030084
vn -0.832901 0.552603 -0.030084
vn -0.832901 0.552603 -0.030084
vn -0.832901 0.552603 -0.030084
vn 0.819802 -0.343058 0.458515
vn 0.819802 -0.343058 0.458515
vn 0.819802 -0.343058 0.458515
vn 0.819802 -0.343058 0.458515
vn 0.819873 0.345771 -0.456345
vn 0.819873 0.345771 -0.456345
vn 0.819873 0.345771 -0.456345
vn 0.819873 0.345771 -0.456345
vn 0.822818 0.185759 -0.537089
vn 0.822818 0.185759 -0.537089
vn 0.822818 0.185759 -0.537089
vn 0.822818 0.185759 -0.537089
vn 0.822471 -0.178607 0.540038
vn 0.822471 -0.178607 0.540038
vn 0.822471 -0.178607 0.540038
vn 0.822471 -0.178607 0.540038
vn 0.157151 0.599052 -0.785137
vn 0.157151 0.599052 -0.785137
vn 0.157151 0.599052 -0.785137
vn 0.157151 0.599052 -0.785137
vn -0.157151 0.599052 -0.785137
vn -0.157151 0.599052 -0.785137
vn -0.157151 0.599052 -0.785137
vn -0.157151 0.599052 -0.785137
vn -0.158934 0.330159 -0.930449
vn -0.158934 0.330159 -0.930449
vn -0.158934 0.330159 -0.930449
vn -0.158934 0.330159 -0.930449
vn 0.158934 0.330159 -0.930449
vn 0.158934 0.330159 -0.930449
vn 0.158934 0.330159 -0.930449
vn 0.158934 0.330159 -0.930449
vn -0.819873 0.345771 -0.456346
vn -0.819873 0.345771 -0.456346
vn -0.819873 0.345771 -0.456346
vn -0.819873 0.345771 -0.456346
vn -0.819802 -0.343058 0.458514
vn -0.819802 -0.343058 0.458514
vn -0.819802 -0.343058 0.458514
vn -0.819802 -0.343058 0.458514
vn -0.822471 -0.178607 0.540038
vn -0.822471 -0.178607 0.540038
vn -0.822471 -0.178607 0.540038
vn -0.822471 -0.178607 0.540038
vn -0.822817 0.185759 -0.537089
vn -0.822817 0.185759 -0.537089
vn -0.822817 0.185759 -0.537089
vn -0.822817 0.185759 -0.537089
vn -0.823206 0.542097 -0.168711
vn -0.823206 0.542097 -0.168711
vn -0.823206 0.542097 -0.168711
vn -0.823206 0.542097 -0.168711
vn -0.823199 -0.542703 0.166781
vn -0.823199 -0.542703 0.166781
vn -0.823199 -0.542703 0.166781
vn -0.823199 -0.542703 0.166781
vn -0.818617 -0.490680 0.298495
vn -0.818617 -0.490680 0.298495
vn -0.818617 -0.490680 0.298495
vn -0.818617 -0.490680 0.298495
vn -0.818646 0.489863 -0.299754
vn -0.818646 0.489863 -0.299754
vn -0.818646 0.489863 -0.299754
vn -0.818646 0.489863 -0.299754
vn 0.162806 0.180494 -0.970008
vn 0.162806 0.180494 -0.970008
vn 0.162806 0.180494 -0.970008
vn 0.162806 0.180494 -0.970008
vn -0.162806 0.180494 -0.970008
vn -0.162806 0.180494 -0.970008
vn -0.162806 0.180494 -0.970008
vn -0.162806 0.180494 -0.970008
vn -0.164799 0.123940 -0.978509
vn -0.164799 0.123940 -0.978509
vn -0.164799 0.123940 -0.978509
vn -0.164799 0.123940 -0.978509
vn 0.164799 0.123940 -0.978509
vn 0.164799 0.123940 -0.978509
vn 0.164799 0.123940 -0.978509
vn 0.164799 0.123940 -0.978509
vn -0.829432 0.100281 -0.549532
vn -0.829432 0.100281 -0.549532
vn -0.829432 0.100281 -0.549532
vn -0.829432 0.100281 -0.549532
vn -0.829360 -0.097271 0.550182
vn -0.829360 -0.097271 0.550182
vn -0.829360 -0.097271 0.550182
vn -0.829360 -0.097271 0.550182
vn -0.832691 -0.069139 0.549405
vn -0.832691 -0.069139 0.549405
vn -0.832691 -0.069139 0.549405
vn -0.832691 -0.069139 0.549405
vn -0.832690 0.069408 -0.549372
vn -0.832690 0.069408 -0.549372
vn -0.832690 0.069408 -0.549372
vn -0.832690 0.069408 -0.549372
vn -0.162701 -0.168002 0.972267
vn -0.162701 -0.168002 0.972267
vn -0.162701 -0.168002 0.972267
vn -0.162701 -0.168002 0.972267
vn 0.162701 -0.168003 0.972267
vn 0.162701 -0.168003 0.972267
vn 0.162701 -0.168003 0.972267
vn 0.162701 -0.168003 0.972267
vn 0.164800 -0.122825 0.978650
vn 0.164800 -0.122825 0.978650
vn 0.164800 -0.122825 0.978650
vn 0.164800 -0.122825 0.978650
vn -0.164801 -0.122825 0.978649
vn -0.164801 -0.122825 0.978649
vn -0.164801 -0.122825 0.978649
vn -0.164801 -0.122825 0.978649
vn -0.157056 -0.587723 0.793672
vn -0.157056 -0.587723 0.793672
vn -0.157056 -0.587723 0.793672
vn -0.157056 -0.587723 0.793672
vn 0.157056 -0.587723 0.793672
vn 0.157056 -0.587723 0.793672
vn 0.157056 -0.587723 0.793672
vn 0.157056 -0.587723 0.793672
vn 0.158455 -0.300351 0.940575
vn 0.158455 -0.300351 0.940575
vn 0.158455 -0.300351 0.940575
vn 0.158455 -0.300351 0.940575
vn -0.158455 -0.300351 0.940575
vn -0.158455 -0.300351 0.940575
vn -0.158455 -0.300351 0.940575
vn -0.158455 -0.300351 0.940575
vn -0.165171 -0.110251 0.980083
vn -0.165171 -0.110251 0.980083
vn -0.165171 -0.110251 0.980083
vn -0.165171 -0.110251 0.980083
vn 0.165171 -0.110251 0.980083
vn 0.165171 -0.110251 0.980083
vn 0.165171 -0.110251 0.980083
vn 0.165171 -0.110251 0.980083
vn 0.164217 -0.127296 0.978176
vn 0.164217 -0.127296 0.978176
vn 0.164217 -0.127296 0.978176
vn 0.164217 -0.127296 0.978176
vn -0.164217 -0.127296 0.978176
vn -0.164217 -0.127296 0.978176
vn -0.164217 -0.127296 0.978176
vn -0.164217 -0.127296 0.978176
vn 0.833279 -0.061887 0.549379
vn 0.833279 -0.061887 0.549379
vn 0.833279 -0.061887 0.549379
vn 0.833279 -0.061887 0.549379
vn 0.833276 0.062015 -0.549368
vn 0.833276 0.062015 -0.549368
vn 0.833276 0.062015 -0.549368
vn 0.833276 0.062015 -0.549368
vn 0.831797 0.069853 -0.550668
vn 0.831797 0.069853 -0.550668
vn 0.831797 0.069853 -0.550668
vn 0.831797 0.069853 -0.550668
vn 0.831774 -0.070932 0.550563
vn 0.831774 -0.070932 0.550563
vn 0.831774 -0.070932 0.550563
vn 0.831774 -0.070932 0.550563
vn 0.165167 0.110782 -0.980024
vn 0.165167 0.110782 -0.980024
vn 0.165167 0.110782 -0.980024
vn 0.165167 0.110782 -0.980024
vn -0.165167 0.110783 -0.980024
vn -0.165167 0.110783 -0.980024
vn -0.165167 0.110783 -0.980024
vn -0.165167 0.110783 -0.980024
vn -0.164250 0.122835 -0.978741
vn -0.164250 0.122835 -0.978741
vn -0.164250 0.122835 -0.978741
vn -0.164250 0.122835 -0.978741
vn 0.164250 0.122835 -0.978741
vn 0.164250 0.122835 -0.978741
vn 0.164250 0.122835 -0.978741
vn 0.164250 0.122835 -0.978741
vn 0.829360 -0.097271 0.550182
vn 0.829360 -0.097271 0.550182
vn 0.829360 -0.097271 0.550182
vn 0.829360 -0.097271 0.550182
vn 0.829433 0.100281 -0.549532
vn 0.829433 0.100281 -0.549532
vn 0.829433 0.100281 -0.549532
vn 0.829433 0.100281 -0.549532
vn 0.832690 0.069408 -0.549372
vn 0.832690 0.069408 -0.549372
vn 0.832690 0.069408 -0.549372
vn 0.832690 0.069408 -0.549372
vn 0.832691 -0.069139 0.549404
vn 0.832691 -0.069139 0.549404
vn 0.832691 -0.069139 0.549404
vn 0.832691 -0.069139 0.549404
vn 0.161039 0.150875 -0.975348
vn 0.161039 0.150875 -0.975348
vn 0.161039 0.150875 -0.975348
vn 0.161039 0.150875 -0.975348
vn -0.161039 0.150875 -0.975348
vn -0.161039 0.150875 -0.975348
vn -0.161039 0.150875 -0.975348
vn -0.161039 0.150875 -0.975348
vn -0.156571 0.137802 -0.978006
vn -0.156571 0.137802 -0.978006
vn -0.156571 0.137802 -0.978006
vn -0.156571 0.137802 -0.978006
vn 0.156571 0.137802 -0.978006
vn 0.156571 0.137802 -0.978006
vn 0.156571 0.137802 -0.978006
vn 0.156571 0.137802 -0.978006
vn -0.826596 0.087564 -0.555943
vn -0.826596 0.087564 -0.555943
vn -0.826596 0.087564 -0.555943
vn -0.826596 0.087564 -0.555943
vn -0.826646 -0.089742 0.555520
vn -0.826646 -0.089742 0.555520
vn -0.826646 -0.089742 0.555520
vn -0.826646 -0.089742 0.555520
vn -0.819211 -0.083198 0.567425
vn -0.819211 -0.083198 0.567425
vn -0.819211 -0.083198 0.567425
vn -0.819211 -0.083198 0.567425
vn -0.819018 0.081346 -0.567972
vn -0.819018 0.081346 -0.567972
vn -0.819018 0.081346 -0.567972
vn -0.819018 0.081346 -0.567972
vn -0.161110 -0.159842 0.973907
vn -0.161110 -0.159842 0.973907
vn -0.161110 -0.159842 0.973907
vn -0.161110 -0.159842 0.973907
vn 0.161110 -0.159842 0.973907
vn 0.161110 -0.159842 0.973907
vn 0.161110 -0.159842 0.973907
vn 0.161110 -0.159842 0.973907
vn 0.156826 -0.145398 0.976865
vn 0.156826 -0.145398 0.976865
vn 0.156826 -0.145398 0.976865
vn 0.156826 -0.145398 0.976865
vn -0.156826 -0.145398 0.976865
vn -0.156826 -0.145398 0.976865
vn -0.156826 -0.145398 0.976865
vn -0.156826 -0.145398 0.976865
vn -0.833276 0.062015 -0.549368
vn -0.833276 0.062015 -0.549368
vn -0.833276 0.062015 -0.549368
vn -0.833276 0.062015 -0.549368
vn -0.833279 -0.061887 0.549379
vn -0.833279 -0.061887 0.549379
vn -0.833279 -0.061887 0.549379
vn -0.833279 -0.061887 0.549379
vn -0.831774 -0.070932 0.550564
vn -0.831774 -0.070932 0.550564
vn -0.831774 -0.070932 0.550564
vn -0.831774 -0.070932 0.550564
vn -0.831797 0.069853 -0.550667
vn -0.831797 0.069853 -0.550667
vn -0.831797 0.069853 -0.550667
vn -0.831797 0.069853 -0.550667
vn 0.153716 0.085898 -0.984374
vn 0.153716 0.085898 -0.984374
vn 0.153716 0.085898 -0.984374
vn 0.153716 0.085898 -0.984374
vn -0.153716 0.085898 -0.984374
vn -0.153716 0.085898 -0.984374
vn -0.153716 0.085898 -0.984374
vn -0.153716 0.085898 -0.984374
vn -0.155898 0.015024 -0.987659
vn -0.155898 0.015024 -0.987659
vn -0.155898 0.015024 -0.987659
vn -0.155898 0.015024 -0.987659
vn 0.155898 0.015024 -0.987659
vn 0.155898 0.015024 -0.987659
vn 0.155898 0.015024 -0.987659
vn 0.155898 0.015024 -0.987659
vn -0.813629 0.049442 -0.579278
vn -0.813629 0.049442 -0.579278
vn -0.813629 0.049442 -0.579278
vn -0.813629 0.049442 -0.579278
vn -0.813437 -0.047733 0.579690
vn -0.813437 -0.047733 0.579690
vn -0.813437 -0.047733 0.579690
vn -0.813437 -0.047733 0.579690
vn -0.817577 -0.003604 0.575808
vn -0.817577 -0.003604 0.575808
vn -0.817577 -0.003604 0.575808
vn -0.817577 -0.003604 0.575808
vn -0.817649 0.006796 -0.575677
vn -0.817649 0.006796 -0.575677
vn -0.817649 0.006796 -0.575677
vn -0.817649 0.006796 -0.575677
vn -0.153472 -0.079030 0.984988
vn -0.153472 -0.079030 0.984988
vn -0.153472 -0.079030 0.984988
vn -0.153472 -0.079030 0.984988
vn 0.153472 -0.079030 0.984988
vn 0.153472 -0.079030 0.984988
vn 0.153472 -0.079030 0.984988
vn 0.153472 -0.079030 0.984988
vn 0.155802 -0.002205 0.987786
vn 0.155802 -0.002205 0.987786
vn 0.155802 -0.002205 0.987786
vn 0.155802 -0.002205 0.987786
vn -0.155802 -0.002205 0.987786
vn -0.155802 -0.002205 0.987786
vn -0.155802 -0.002205 0.987786
vn -0.155802 -0.002205 0.987786
vn 0.826646 -0.089742 0.555520
vn 0.826646 -0.089742 0.555520
vn 0.826646 -0.089742 0.555520
vn 0.826646 -0.089742 0.555520
vn 0.826596 0.087564 -0.555943
vn 0.826596 0.087564 -0.555943
vn 0.826596 0.087564 -0.555943
vn 0.826596 0.087564 -0.555943
vn 0.819018 0.081346 -0.567972
vn 0.819018 0.081346 -0.567972
vn 0.819018 0.081346 -0.567972
vn 0.819018 0.081346 -0.567972
vn 0.819211 -0.083198 0.567426
vn 0.819211 -0.083198 0.567426
vn 0.819211 -0.083198 0.567426
vn 0.819211 -0.083198 0.567426
vn -0.157780 0.071009 0.984918
vn -0.157780 0.071009 0.984918
vn -0.157780 0.071009 0.984918
vn -0.157780 0.071009 0.984918
vn 0.157780 0.071009 0.984918
vn 0.157780 0.071009 0.984918
vn 0.157780 0.071009 0.984918
vn 0.157780 0.071009 0.984918
vn 0.154055 0.141403 0.977892
vn 0.154055 0.141403 0.977892
vn 0.154055 0.141403 0.977892
vn 0.154055 0.141403 0.977892
vn -0.154055 0.141403 0.977892
vn -0.154055 0.141403 0.977892
vn -0.154055 0.141403 0.977892
vn -0.154055 0.141403 0.977892
vn 0.821094 0.042352 0.569220
vn 0.821094 0.042352 0.569220
vn 0.821094 0.042352 0.569220
vn 0.821094 0.042352 0.569220
vn 0.821218 -0.044164 -0.568903
vn 0.821218 -0.044164 -0.568903
vn 0.821218 -0.044164 -0.568903
vn 0.821218 -0.044164 -0.568903
vn 0.816214 -0.095617 -0.569783
vn 0.816214 -0.095617 -0.569783
vn 0.816214 -0.095617 -0.569783
vn 0.816214 -0.095617 -0.569783
vn 0.815163 0.088334 0.572457
vn 0.815163 0.088334 0.572457
vn 0.815163 0.088334 0.572457
vn 0.815163 0.088334 0.572457
vn 0.157947 -0.078388 -0.984331
vn 0.157947 -0.078388 -0.984331
vn 0.157947 -0.078388 -0.984331
vn 0.157947 -0.078388 -0.984331
vn -0.157947 -0.078388 -0.984331
vn -0.157947 -0.078388 -0.984331
vn -0.157947 -0.078388 -0.984331
vn -0.157947 -0.078388 -0.984331
vn -0.155420 -0.171403 -0.972865
vn -0.155420 -0.171403 -0.972865
vn -0.155420 -0.171403 -0.972865
vn -0.155420 -0.171403 -0.972865
vn 0.155419 -0.171403 -0.972865
vn 0.155419 -0.171403 -0.972865
vn 0.155419 -0.171403 -0.972865
vn 0.155419 -0.171403 -0.972865
vn 0.813437 -0.047733 0.579691
vn 0.813437 -0.047733 0.579691
vn 0.813437 -0.047733 0.579691
vn 0.813437 -0.047733 0.579691
vn 0.813629 0.049442 -0.579278
vn 0.813629 0.049442 -0.579278
vn 0.813629 0.049442 -0.579278
vn 0.813629 0.049442 -0.579278
vn 0.817649 0.006796 -0.575677
vn 0.817649 0.006796 -0.575677
vn 0.817649 0.006796 -0.575677
vn 0.817649 0.006796 -0.575677
vn 0.817577 -0.003604 0.575809
vn 0.817577 -0.003604 0.575809
vn 0.817577 -0.003604 0.575809
vn 0.817577 -0.003604 0.575809
vn 0.156583 -0.386800 -0.908773
vn 0.156583 -0.386800 -0.908773
vn 0.156583 -0.386800 -0.908773
vn 0.156583 -0.386800 -0.908773
vn -0.156583 -0.386801 -0.908772
vn -0.156583 -0.386801 -0.908772
vn -0.156583 -0.386801 -0.908772
vn -0.156583 -0.386801 -0.908772
vn -0.158347 -0.810299 -0.564218
vn -0.158347 -0.810299 -0.564218
vn -0.158347 -0.810299 -0.564218
vn -0.158347 -0.810299 -0.564218
vn 0.158347 -0.810299 -0.564218
vn 0.158347 -0.810299 -0.564218
vn 0.158347 -0.810299 -0.564218
vn 0.158347 -0.810299 -0.564218
vn -0.817811 -0.217182 -0.532932
vn -0.817811 -0.217182 -0.532932
vn -0.817811 -0.217182 -0.532932
vn -0.817811 -0.217182 -0.532932
vn -0.815707 0.203702 0.541412
vn -0.815707 0.203702 0.541412
vn -0.815707 0.203702 0.541412
vn -0.815707 0.203702 0.541412
vn -0.822181 0.464405 0.329161
vn -0.822181 0.464405 0.329161
vn -0.822181 0.464405 0.329161
vn -0.822181 0.464405 0.329161
vn -0.822056 -0.466359 -0.326700
vn -0.822056 -0.466359 -0.326700
vn -0.822056 -0.466359 -0.326700
vn -0.822056 -0.466359 -0.326700
vn -0.153788 0.328102 0.932040
vn -0.153788 0.328102 0.932040
vn -0.153788 0.328102 0.932040
vn -0.153788 0.328102 0.932040
vn 0.153788 0.328101 0.932040
vn 0.153788 0.328101 0.932040
vn 0.153788 0.328101 0.932040
vn 0.153788 0.328101 0.932040
vn 0.158519 0.802732 0.574885
vn 0.158519 0.802732 0.574885
vn 0.158519 0.802732 0.574885
vn 0.158519 0.802732 0.574885
vn -0.158518 0.802732 0.574885
vn -0.158518 0.802732 0.574885
vn -0.158518 0.802732 0.574885
vn -0.158518 0.802732 0.574885
vn -0.821218 -0.044164 -0.568903
vn -0.821218 -0.044164 -0.568903
vn -0.821218 -0.044164 -0.568903
vn -0.821218 -0.044164 -0.568903
vn -0.821094 0.042352 0.569219
vn -0.821094 0.042352 0.569219
vn -0.821094 0.042352 0.569219
vn -0.821094 0.042352 0.569219
vn -0.815163 0.088334 0.572457
vn -0.815163 0.088334 0.572457
vn -0.815163 0.088334 0.572457
vn -0.815163 0.088334 0.572457
vn -0.816214 -0.095617 -0.569782
vn -0.816214 -0.095617 -0.569782
vn -0.816214 -0.095617 -0.569782
vn -0.816214 -0.095617 -0.569782
vn -0.809891 -0.508343 -0.292685
vn -0.809891 -0.508343 -0.292685
vn -0.809891 -0.508343 -0.292685
vn -0.809891 -0.508343 -0.292685
vn -0.808596 0.499998 0.310120
vn -0.808596 0.499998 0.310120
vn -0.808596 0.499998 0.310120
vn -0.808596 0.499998 0.310120
vn -0.812414 0.571889 0.113691
vn -0.812414 0.571889 0.113691
vn -0.812414 0.571889 0.113691
vn -0.812414 0.571889 0.113691
vn -0.812376 -0.571830 -0.114258
vn -0.812376 -0.571830 -0.114258
vn -0.812376 -0.571830 -0.114258
vn -0.812376 -0.571830 -0.114258
vn -0.150251 0.825465 0.544088
vn -0.150251 0.825465 0.544088
vn -0.150251 0.825465 0.544088
vn -0.150251 0.825465 0.544088
vn 0.150252 0.825465 0.544088
vn 0.150252 0.825465 0.544088
vn 0.150252 0.825465 0.544088
vn 0.150252 0.825465 0.544088
vn 0.153006 0.969395 0.191997
vn 0.153006 0.969395 0.191997
vn 0.153006 0.969395 0.191997
vn 0.153006 0.969395 0.191997
vn -0.153006 0.969395 0.191997
vn -0.153006 0.969395 0.191997
vn -0.153006 0.969395 0.191997
vn -0.153006 0.969395 0.191997
vn 0.808596 0.499998 0.310121
vn 0.808596 0.499998 0.310121
vn 0.808596 0.499998 0.310121
vn 0.808596 0.499998 0.310121
vn 0.809891 -0.508343 -0.292684
vn 0.809891 -0.508343 -0.292684
vn 0.809891 -0.508343 -0.292684
vn 0.809891 -0.508343 -0.292684
vn 0.812376 -0.571830 -0.114258
vn 0.812376 -0.571830 -0.114258
vn 0.812376 -0.571830 -0.114258
vn 0.812376 -0.571830 -0.114258
vn 0.812414 0.571889 0.113691
vn 0.812414 0.571889 0.113691
vn 0.812414 0.571889 0.113691
vn 0.812414 0.571889 0.113691
vn 0.815708 0.203702 0.541411
vn 0.815708 0.203702 0.541411
vn 0.815708 0.203702 0.541411
vn 0.815708 0.203702 0.541411
vn 0.817811 -0.217182 -0.532933
vn 0.817811 -0.217182 -0.532933
vn 0.817811 -0.217182 -0.532933
vn 0.817811 -0.217182 -0.532933
vn 0.822056 -0.466360 -0.326700
vn 0.822056 -0.466360 -0.326700
vn 0.822056 -0.466360 -0.326700
vn 0.822056 -0.466360 -0.326700
vn 0.822180 0.464405 0.329161
vn 0.822180 0.464405 0.329161
vn 0.822180 0.464405 0.329161
vn 0.822180 0.464405 0.329161
vn -0.160274 0.986647 0.028984
vn -0.160274 0.986647 0.028984
vn -0.160274 0.986647 0.028984
vn -0.160274 0.986647 0.028984
vn 0.160273 0.986647 0.028984
vn 0.160273 0.986647 0.028984
vn 0.160273 0.986647 0.028984
vn 0.160273 0.986647 0.028984
vn 0.160669 0.986915 -0.013556
vn 0.160669 0.986915 -0.013556
vn 0.160669 0.986915 -0.013556
vn 0.160669 0.986915 -0.013556
vn -0.160669 0.986915 -0.013556
vn -0.160669 0.986915 -0.013556
vn -0.160669 0.986915 -0.013556
vn -0.160669 0.986915 -0.013556
vn 0.825226 0.564541 0.017191
vn 0.825226 0.564541 0.017191
vn 0.825226 0.564541 0.017191
vn 0.825226 0.564541 0.017191
vn 0.825151 -0.564623 -0.018092
vn 0.825151 -0.564623 -0.018092
vn 0.825151 -0.564623 -0.018092
vn 0.825151 -0.564623 -0.018092
vn 0.826187 -0.563302 0.010252
vn 0.826187 -0.563302 0.010252
vn 0.826187 -0.563302 0.010252
vn 0.826187 -0.563302 0.010252
vn 0.826040 0.563544 -0.008752
vn 0.826040 0.563544 -0.008752
vn 0.826040 0.563544 -0.008752
vn 0.826040 0.563544 -0.008752
vn 0.160172 -0.986549 -0.032644
vn 0.160172 -0.986549 -0.032644
vn 0.160172 -0.986549 -0.032644
vn 0.160172 -0.986549 -0.032644
vn -0.160172 -0.986549 -0.032644
vn -0.160172 -0.986549 -0.032644
vn -0.160172 -0.986549 -0.032644
vn -0.160172 -0.986549 -0.032644
vn -0.160871 -0.986779 0.019700
vn -0.160871 -0.986779 0.019700
vn -0.160871 -0.986779 0.019700
vn -0.160871 -0.986779 0.019700
vn 0.160871 -0.986779 0.019700
vn 0.160871 -0.986779 0.019700
vn 0.160871 -0.986779 0.019700
vn 0.160871 -0.986779 0.019700
vn 0.151938 -0.865115 -0.478007
vn 0.151938 -0.865115 -0.478007
vn 0.151938 -0.865115 -0.478007
vn 0.151938 -0.865115 -0.478007
vn -0.151939 -0.865115 -0.478006
vn -0.151939 -0.865115 -0.478006
vn -0.151939 -0.865115 -0.478006
vn -0.151939 -0.865115 -0.478006
vn -0.152958 -0.968961 -0.194211
vn -0.152958 -0.968961 -0.194211
vn -0.152958 -0.968961 -0.194211
vn -0.152958 -0.968961 -0.194211
vn 0.152957 -0.968961 -0.194211
vn 0.152957 -0.968961 -0.194211
vn 0.152957 -0.968961 -0.194211
vn 0.152957 -0.968961 -0.194211
vn -0.154430 0.984303 -0.085439
vn -0.154430 0.984303 -0.085439
vn -0.154430 0.984303 -0.085439
vn -0.154430 0.984303 -0.085439
vn 0.154430 0.984303 -0.085439
vn 0.154430 0.984303 -0.085439
vn 0.154430 0.984303 -0.085439
vn 0.154430 0.984303 -0.085439
vn 0.153922 0.926684 -0.342878
vn 0.153922 0.926684 -0.342878
vn 0.153922 0.926684 -0.342878
vn 0.153922 0.926684 -0.342878
vn -0.153922 0.926684 -0.342878
vn -0.153922 0.926684 -0.342878
vn -0.153922 0.926684 -0.342878
vn -0.153922 0.926684 -0.342878
vn 0.815806 0.575627 -0.055800
vn 0.815806 0.575627 -0.055800
vn 0.815806 0.575627 -0.055800
vn 0.815806 0.575627 -0.055800
vn 0.816817 -0.573360 0.063787
vn 0.816817 -0.573360 0.063787
vn 0.816817 -0.573360 0.063787
vn 0.816817 -0.573360 0.063787
vn 0.816489 -0.533599 0.220494
vn 0.816489 -0.533599 0.220494
vn 0.816489 -0.533599 0.220494
vn 0.816489 -0.533599 0.220494
vn 0.815231 0.539717 -0.210009
vn 0.815231 0.539717 -0.210009
vn 0.815231 0.539717 -0.210009
vn 0.815231 0.539717 -0.210009
vn 0.155743 -0.980733 0.117930
vn 0.155743 -0.980733 0.117930
vn 0.155743 -0.980733 0.117930
vn 0.155743 -0.980733 0.117930
vn -0.155744 -0.980733 0.117930
vn -0.155744 -0.980733 0.117930
vn -0.155744 -0.980733 0.117930
vn -0.155744 -0.980733 0.117930
vn -0.155588 -0.908502 0.387836
vn -0.155588 -0.908502 0.387836
vn -0.155588 -0.908502 0.387836
vn -0.155588 -0.908502 0.387836
vn 0.155587 -0.908502 0.387836
vn 0.155587 -0.908502 0.387836
vn 0.155587 -0.908502 0.387836
vn 0.155587 -0.908502 0.387836
vn -0.825151 -0.564623 -0.018092
vn -0.825151 -0.564623 -0.018092
vn -0.825151 -0.564623 -0.018092
vn -0.825151 -0.564623 -0.018092
vn -0.825226 0.564541 0.017191
vn -0.825226 0.564541 0.017191
vn -0.825226 0.564541 0.017191
vn -0.825226 0.564541 0.017191
vn -0.826041 0.563542 -0.008752
vn -0.826041 0.563542 -0.008752
vn -0.826041 0.563542 -0.008752
vn -0.826041 0.563542 -0.008752
vn -0.826185 -0.563305 0.010252
vn -0.826185 -0.563305 0.010252
vn -0.826185 -0.563305 0.010252
vn -0.826185 -0.563305 0.010252
vn 0.164186 -0.986205 -0.021056
vn 0.164186 -0.986205 -0.021056
vn 0.164186 -0.986205 -0.021056
vn 0.164186 -0.986205 -0.021056
vn -0.163770 -0.986271 -0.021167
vn -0.163770 -0.986271 -0.021167
vn -0.163770 -0.986271 -0.021167
vn -0.163770 -0.986271 -0.021167
vn -0.161159 -0.976738 -0.141459
vn -0.161159 -0.976738 -0.141459
vn -0.161159 -0.976738 -0.141459
vn -0.161159 -0.976738 -0.141459
vn 0.161643 -0.976740 -0.140892
vn 0.161643 -0.976740 -0.140892
vn 0.161643 -0.976740 -0.140892
vn 0.161643 -0.976740 -0.140892
vn -0.831332 -0.555647 -0.011997
vn -0.831332 -0.555647 -0.011997
vn -0.831332 -0.555647 -0.011997
vn -0.831332 -0.555647 -0.011997
vn -0.831457 0.555483 0.010880
vn -0.831457 0.555483 0.010880
vn -0.831457 0.555483 0.010880
vn -0.831457 0.555483 0.010880
vn -0.827245 0.556182 0.079545
vn -0.827245 0.556182 0.079545
vn -0.827245 0.556182 0.079545
vn -0.827245 0.556182 0.079545
vn -0.827014 -0.556112 -0.082390
vn -0.827014 -0.556112 -0.082390
vn -0.827014 -0.556112 -0.082390
vn -0.827014 -0.556112 -0.082390
vn -0.164205 0.986233 0.019507
vn -0.164205 0.986233 0.019507
vn -0.164205 0.986233 0.019507
vn -0.164205 0.986233 0.019507
vn 0.163796 0.986298 0.019693
vn 0.163796 0.986298 0.019693
vn 0.163796 0.986298 0.019693
vn 0.163796 0.986298 0.019693
vn 0.161112 0.976420 0.143690
vn 0.161112 0.976420 0.143690
vn 0.161112 0.976420 0.143690
vn 0.161112 0.976420 0.143690
vn -0.161611 0.976447 0.142943
vn -0.161611 0.976447 0.142943
vn -0.161611 0.976447 0.142943
vn -0.161611 0.976447 0.142943
vn 0.831106 0.546510 -0.102905
vn 0.831106 0.546510 -0.102905
vn 0.831106 0.546510 -0.102905
vn 0.831106 0.546510 -0.102905
vn 0.831131 -0.548642 0.090626
vn 0.831131 -0.548642 0.090626
vn 0.831131 -0.548642 0.090626
vn 0.831131 -0.548642 0.090626
vn 0.832905 -0.552591 0.030200
vn 0.832905 -0.552591 0.030200
vn 0.832905 -0.552591 0.030200
vn 0.832905 -0.552591 0.030200
vn 0.833048 0.552029 -0.035980
vn 0.833048 0.552029 -0.035980
vn 0.833048 0.552029 -0.035980
vn 0.833048 0.552029 -0.035980
vn -0.813896 -0.519333 -0.260512
vn -0.813896 -0.519333 -0.260512
vn -0.813896 -0.519333 -0.260512
vn -0.813896 -0.519333 -0.260512
vn -0.814827 0.521616 0.252930
vn -0.814827 0.521616 0.252930
vn -0.814827 0.521616 0.252930
vn -0.814827 0.521616 0.252930
vn -0.808820 0.432509 0.398429
vn -0.808820 0.432509 0.398429
vn -0.808820 0.432509 0.398429
vn -0.808820 0.432509 0.398429
vn -0.807653 -0.425667 -0.408050
vn -0.807653 -0.425667 -0.408050
vn -0.807653 -0.425667 -0.408050
vn -0.807653 -0.425667 -0.408050
vn 0.154303 -0.883219 -0.442848
vn 0.154303 -0.883219 -0.442848
vn 0.154303 -0.883219 -0.442848
vn 0.154303 -0.883219 -0.442848
vn -0.153383 -0.883047 -0.443511
vn -0.153383 -0.883047 -0.443511
vn -0.153383 -0.883047 -0.443511
vn -0.153383 -0.883047 -0.443511
vn -0.149919 -0.709575 -0.688496
vn -0.149919 -0.709575 -0.688496
vn -0.149919 -0.709575 -0.688496
vn -0.149919 -0.709575 -0.688496
vn 0.150752 -0.709837 -0.688044
vn 0.150752 -0.709837 -0.688044
vn 0.150752 -0.709837 -0.688044
vn 0.150752 -0.709837 -0.688044
vn 0.814189 0.520275 0.257704
vn 0.814189 0.520275 0.257704
vn 0.814189 0.520275 0.257704
vn 0.814189 0.520275 0.257704
vn 0.814510 -0.520536 -0.256158
vn 0.814510 -0.520536 -0.256158
vn 0.814510 -0.520536 -0.256158
vn 0.814510 -0.520536 -0.256158
vn 0.808193 -0.428024 -0.404500
vn 0.808193 -0.428024 -0.404500
vn 0.808193 -0.428024 -0.404500
vn 0.808193 -0.428024 -0.404500
vn 0.808256 0.429736 0.402553
vn 0.808256 0.429736 0.402553
vn 0.808256 0.429736 0.402553
vn 0.808256 0.429736 0.402553
vn 0.831345 0.555633 0.011679
vn 0.831345 0.555633 0.011679
vn 0.831345 0.555633 0.011679
vn 0.831345 0.555633 0.011679
vn 0.831438 -0.555503 -0.011293
vn 0.831438 -0.555503 -0.011293
vn 0.831438 -0.555503 -0.011293
vn 0.831438 -0.555503 -0.011293
vn 0.827265 -0.556213 -0.079122
vn 0.827265 -0.556213 -0.079122
vn 0.827265 -0.556213 -0.079122
vn 0.827265 -0.556213 -0.079122
vn 0.826983 0.556064 0.083022
vn 0.826983 0.556064 0.083022
vn 0.826983 0.556064 0.083022
vn 0.826983 0.556064 0.083022
vn -0.162871 0.066179 -0.984425
vn -0.162871 0.066179 -0.984425
vn -0.162871 0.066179 -0.984425
vn -0.162871 0.066179 -0.984425
vn -0.161428 0.231502 -0.959348
vn -0.161428 0.231502 -0.959348
vn -0.161428 0.231502 -0.959348
vn -0.161428 0.231502 -0.959348
vn 0.161429 0.231502 -0.959347
vn 0.161429 0.231502 -0.959347
vn 0.161429 0.231502 -0.959347
vn 0.161429 0.231502 -0.959347
vn 0.162872 0.066179 -0.984425
vn 0.162872 0.066179 -0.984425
vn 0.162872 0.066179 -0.984425
vn 0.162872 0.066179 -0.984425
vn 0.162907 -0.070809 0.984097
vn 0.162907 -0.070809 0.984097
vn 0.162907 -0.070809 0.984097
vn 0.162907 -0.070809 0.984097
vn 0.161465 -0.236156 0.958206
vn 0.161465 -0.236156 0.958206
vn 0.161465 -0.236156 0.958206
vn 0.161465 -0.236156 0.958206
vn -0.161465 -0.236156 0.958206
vn -0.161465 -0.236156 0.958206
vn -0.161465 -0.236156 0.958206
vn -0.161465 -0.236156 0.958206
vn -0.162907 -0.070810 0.984097
vn -0.162907 -0.070810 0.984097
vn -0.162907 -0.070810 0.984097
vn -0.162907 -0.070810 0.984097
vn -0.829626 -0.039342 0.556932
vn -0.829626 -0.039342 0.556932
vn -0.829626 -0.039342 0.556932
vn -0.829626 -0.039342 0.556932
vn -0.827254 -0.133726 0.545682
vn -0.827254 -0.133726 0.545682
vn -0.827254 -0.133726 0.545682
vn -0.827254 -0.133726 0.545682
vn -0.827226 0.132601 -0.545998
vn -0.827226 0.132601 -0.545998
vn -0.827226 0.132601 -0.545998
vn -0.827226 0.132601 -0.545998
vn -0.829600 0.038222 -0.557049
vn -0.829600 0.038222 -0.557049
vn -0.829600 0.038222 -0.557049
vn -0.829600 0.038222 -0.557049
vn 0.833739 -0.017756 -0.551873
vn 0.833739 -0.017756 -0.551873
vn 0.833739 -0.017756 -0.551873
vn 0.833739 -0.017756 -0.551873
vn 0.833747 0.017755 0.551861
vn 0.833747 0.017755 0.551861
vn 0.833747 0.017755 0.551861
vn 0.833747 0.017755 0.551861
vn 0.828835 0.025686 0.558904
vn 0.828835 0.025686 0.558904
vn 0.828835 0.025686 0.558904
vn 0.828835 0.025686 0.558904
vn 0.828844 -0.022630 -0.559022
vn 0.828844 -0.022630 -0.559022
vn 0.828844 -0.022630 -0.559022
vn 0.828844 -0.022630 -0.559022
vn -0.828827 -0.022703 -0.559044
vn -0.828827 -0.022703 -0.559044
vn -0.828827 -0.022703 -0.559044
vn -0.828827 -0.022703 -0.559044
vn -0.828848 0.025755 0.558881
vn -0.828848 0.025755 0.558881
vn -0.828848 0.025755 0.558881
vn -0.828848 0.025755 0.558881
vn -0.833739 0.017748 0.551873
vn -0.833739 0.017748 0.551873
vn -0.833739 0.017748 0.551873
vn -0.833739 0.017748 0.551873
vn -0.833747 -0.017747 -0.551862
vn -0.833747 -0.017747 -0.551862
vn -0.833747 -0.017747 -0.551862
vn -0.833747 -0.017747 -0.551862
vn 0.150134 0.586396 0.795990
vn 0.150134 0.586396 0.795990
vn 0.150134 0.586396 0.795990
vn 0.150134 0.586396 0.795990
vn 0.153693 0.245657 0.957095
vn 0.153693 0.245657 0.957095
vn 0.153693 0.245657 0.957095
vn 0.153693 0.245657 0.957095
vn -0.153769 0.245949 0.957008
vn -0.153769 0.245949 0.957008
vn -0.153769 0.245949 0.957008
vn -0.153769 0.245949 0.957008
vn -0.150067 0.587089 0.795491
vn -0.150067 0.587089 0.795491
vn -0.150067 0.587089 0.795491
vn -0.150067 0.587089 0.795491
vn -0.153535 -0.213058 -0.964901
vn -0.153535 -0.213058 -0.964901
vn -0.153535 -0.213058 -0.964901
vn -0.153535 -0.213058 -0.964901
vn 0.153743 -0.212689 -0.964949
vn 0.153743 -0.212689 -0.964949
vn 0.153743 -0.212689 -0.964949
vn 0.153743 -0.212689 -0.964949
vn 0.149934 -0.604660 -0.782244
vn 0.149934 -0.604660 -0.782244
vn 0.149934 -0.604660 -0.782244
vn 0.149934 -0.604660 -0.782244
vn -0.150091 -0.604849 -0.782068
vn -0.150091 -0.604849 -0.782068
vn -0.150091 -0.604849 -0.782068
vn -0.150091 -0.604849 -0.782068
vn 0.829601 0.038222 -0.557048
vn 0.829601 0.038222 -0.557048
vn 0.829601 0.038222 -0.557048
vn 0.829601 0.038222 -0.557048
vn 0.827226 0.132601 -0.545998
vn 0.827226 0.132601 -0.545998
vn 0.827226 0.132601 -0.545998
vn 0.827226 0.132601 -0.545998
vn 0.827253 -0.133726 0.545683
vn 0.827253 -0.133726 0.545683
vn 0.827253 -0.133726 0.545683
vn 0.827253 -0.133726 0.545683
vn 0.829625 -0.039342 0.556933
vn 0.829625 -0.039342 0.556933
vn 0.829625 -0.039342 0.556933
vn 0.829625 -0.039342 0.556933
vn 0.824497 0.325753 -0.462698
vn 0.824497 0.325753 -0.462698
vn 0.824497 0.325753 -0.462698
vn 0.824497 0.325753 -0.462698
vn 0.804265 0.530055 -0.268700
vn 0.804265 0.530055 -0.268700
vn 0.804265 0.530055 -0.268700
vn 0.804265 0.530055 -0.268700
vn 0.807532 -0.517822 0.282405
vn 0.807532 -0.517822 0.282405
vn 0.807532 -0.517822 0.282405
vn 0.807532 -0.517822 0.282405
vn 0.824679 -0.322870 0.464392
vn 0.824679 -0.322870 0.464392
vn 0.824679 -0.322870 0.464392
vn 0.824679 -0.322870 0.464392
vn -0.824679 -0.322869 0.464392
vn -0.824679 -0.322869 0.464392
vn -0.824679 -0.322869 0.464392
vn -0.824679 -0.322869 0.464392
vn -0.807532 -0.517822 0.282405
vn -0.807532 -0.517822 0.282405
vn -0.807532 -0.517822 0.282405
vn -0.807532 -0.517822 0.282405
vn -0.804265 0.530056 -0.268699
vn -0.804265 0.530056 -0.268699
vn -0.804265 0.530056 -0.268699
vn -0.804265 0.530056 -0.268699
vn -0.824497 0.325754 -0.462698
vn -0.824497 0.325754 -0.462698
vn -0.824497 0.325754 -0.462698
vn -0.824497 0.325754 -0.462698
vn 0.159984 -0.560600 0.812486
vn 0.159984 -0.560600 0.812486
vn 0.159984 -0.560600 0.812486
vn 0.159984 -0.560600 0.812486
vn 0.151309 -0.859420 0.488368
vn 0.151309 -0.859420 0.488368
vn 0.151309 -0.859420 0.488368
vn 0.151309 -0.859420 0.488368
vn -0.151310 -0.859420 0.488368
vn -0.151310 -0.859420 0.488368
vn -0.151310 -0.859420 0.488368
vn -0.151310 -0.859420 0.488368
vn -0.159984 -0.560599 0.812486
vn -0.159984 -0.560599 0.812486
vn -0.159984 -0.560599 0.812486
vn -0.159984 -0.560599 0.812486
vn -0.816816 -0.573361 0.063787
vn -0.816816 -0.573361 0.063787
vn -0.816816 -0.573361 0.063787
vn -0.816816 -0.573361 0.063787
vn -0.815808 0.575625 -0.055800
vn -0.815808 0.575625 -0.055800
vn -0.815808 0.575625 -0.055800
vn -0.815808 0.575625 -0.055800
vn -0.815231 0.539717 -0.210009
vn -0.815231 0.539717 -0.210009
vn -0.815231 0.539717 -0.210009
vn -0.815231 0.539717 -0.210009
vn -0.816488 -0.533600 0.220494
vn -0.816488 -0.533600 0.220494
vn -0.816488 -0.533600 0.220494
vn -0.816488 -0.533600 0.220494
vn -0.154671 0.888817 0.431371
vn -0.154671 0.888817 0.431371
vn -0.154671 0.888817 0.431371
vn -0.154671 0.888817 0.431371
vn 0.153795 0.888473 0.432392
vn 0.153795 0.888473 0.432392
vn 0.153795 0.888473 0.432392
vn 0.153795 0.888473 0.432392
vn 0.150737 0.728624 0.668121
vn 0.150737 0.728624 0.668121
vn 0.150737 0.728624 0.668121
vn 0.150737 0.728624 0.668121
vn -0.151466 0.729309 0.667208
vn -0.151466 0.729309 0.667208
vn -0.151466 0.729309 0.667208
vn -0.151466 0.729309 0.667208
vn -0.832992 -0.046037 -0.551366
vn -0.832992 -0.046037 -0.551366
vn -0.832992 -0.046037 -0.551366
vn -0.832992 -0.046037 -0.551366
vn -0.832988 0.046037 0.551372
vn -0.832988 0.046037 0.551372
vn -0.832988 0.046037 0.551372
vn -0.832988 0.046037 0.551372
vn -0.832006 0.031149 0.553891
vn -0.832006 0.031149 0.553891
vn -0.832006 0.031149 0.553891
vn -0.832006 0.031149 0.553891
vn -0.831983 -0.031773 -0.553890
vn -0.831983 -0.031773 -0.553890
vn -0.831983 -0.031773 -0.553890
vn -0.831983 -0.031773 -0.553890
vn -0.806900 -0.357036 -0.470571
vn -0.806900 -0.357036 -0.470571
vn -0.806900 -0.357036 -0.470571
vn -0.806900 -0.357036 -0.470571
vn -0.806924 0.354088 0.472752
vn -0.806924 0.354088 0.472752
vn -0.806924 0.354088 0.472752
vn -0.806924 0.354088 0.472752
vn -0.813779 0.139973 0.564067
vn -0.813779 0.139973 0.564067
vn -0.813779 0.139973 0.564067
vn -0.813779 0.139973 0.564067
vn -0.813684 -0.131780 -0.566173
vn -0.813684 -0.131780 -0.566173
vn -0.813684 -0.131780 -0.566173
vn -0.813684 -0.131780 -0.566173
vn -0.159732 0.571788 -0.804701
vn -0.159732 0.571788 -0.804701
vn -0.159732 0.571788 -0.804701
vn -0.159732 0.571788 -0.804701
vn -0.147310 0.892359 -0.426609
vn -0.147310 0.892359 -0.426609
vn -0.147310 0.892359 -0.426609
vn -0.147310 0.892359 -0.426609
vn 0.147310 0.892359 -0.426609
vn 0.147310 0.892359 -0.426609
vn 0.147310 0.892359 -0.426609
vn 0.147310 0.892359 -0.426609
vn 0.159732 0.571788 -0.804701
vn 0.159732 0.571788 -0.804701
vn 0.159732 0.571788 -0.804701
vn 0.159732 0.571788 -0.804701
vn 0.831983 -0.031773 -0.553890
vn 0.831983 -0.031773 -0.553890
vn 0.831983 -0.031773 -0.553890
vn 0.831983 -0.031773 -0.553890
vn 0.832006 0.031149 0.553892
vn 0.832006 0.031149 0.553892
vn 0.832006 0.031149 0.553892
vn 0.832006 0.031149 0.553892
vn 0.832993 0.046043 0.551365
vn 0.832993 0.046043 0.551365
vn 0.832993 0.046043 0.551365
vn 0.832993 0.046043 0.551365
vn 0.832988 -0.046043 -0.551372
vn 0.832988 -0.046043 -0.551372
vn 0.832988 -0.046043 -0.551372
vn 0.832988 -0.046043 -0.551372
vn 0.162388 0.048843 0.985517
vn 0.162388 0.048843 0.985517
vn 0.162388 0.048843 0.985517
vn 0.162388 0.048843 0.985517
vn 0.165487 0.031709 0.985702
vn 0.165487 0.031709 0.985702
vn 0.165487 0.031709 0.985702
vn 0.165487 0.031709 0.985702
vn -0.165441 0.031703 0.985710
vn -0.165441 0.031703 0.985710
vn -0.165441 0.031703 0.985710
vn -0.165441 0.031703 0.985710
vn -0.162448 0.048894 0.985505
vn -0.162448 0.048894 0.985505
vn -0.162448 0.048894 0.985505
vn -0.162448 0.048894 0.985505
vn 0.165000 0.082074 0.982873
vn 0.165000 0.082074 0.982873
vn 0.165000 0.082074 0.982873
vn 0.165000 0.082074 0.982873
vn 0.164381 0.054652 0.984882
vn 0.164381 0.054652 0.984882
vn 0.164381 0.054652 0.984882
vn 0.164381 0.054652 0.984882
vn -0.164381 0.054652 0.984882
vn -0.164381 0.054652 0.984882
vn -0.164381 0.054652 0.984882
vn -0.164381 0.054652 0.984882
vn -0.164976 0.082069 0.982877
vn -0.164976 0.082069 0.982877
vn -0.164976 0.082069 0.982877
vn -0.164976 0.082069 0.982877
vn -0.165486 -0.031703 -0.985702
vn -0.165486 -0.031703 -0.985702
vn -0.165486 -0.031703 -0.985702
vn -0.165486 -0.031703 -0.985702
vn 0.165440 -0.031709 -0.985710
vn 0.165440 -0.031709 -0.985710
vn 0.165440 -0.031709 -0.985710
vn 0.165440 -0.031709 -0.985710
vn 0.162459 -0.036272 -0.986048
vn 0.162459 -0.036272 -0.986048
vn 0.162459 -0.036272 -0.986048
vn 0.162459 -0.036272 -0.986048
vn -0.162361 -0.036328 -0.986062
vn -0.162361 -0.036328 -0.986062
vn -0.162361 -0.036328 -0.986062
vn -0.162361 -0.036328 -0.986062
vn -0.164347 -0.057233 -0.984741
vn -0.164347 -0.057233 -0.984741
vn -0.164347 -0.057233 -0.984741
vn -0.164347 -0.057233 -0.984741
vn 0.164347 -0.057233 -0.984741
vn 0.164347 -0.057233 -0.984741
vn 0.164347 -0.057233 -0.984741
vn 0.164347 -0.057233 -0.984741
vn 0.164976 -0.082074 -0.982877
vn 0.164976 -0.082074 -0.982877
vn 0.164976 -0.082074 -0.982877
vn 0.164976 -0.082074 -0.982877
vn -0.165000 -0.082068 -0.982873
vn -0.165000 -0.082068 -0.982873
vn -0.165000 -0.082068 -0.982873
vn -0.165000 -0.082068 -0.982873
vn 0.813714 -0.131305 -0.566241
vn 0.813714 -0.131305 -0.566241
vn 0.813714 -0.131305 -0.566241
vn 0.813714 -0.131305 -0.566241
vn 0.813755 0.139554 0.564206
vn 0.813755 0.139554 0.564206
vn 0.813755 0.139554 0.564206
vn 0.813755 0.139554 0.564206
vn 0.806970 0.351878 0.474323
vn 0.806970 0.351878 0.474323
vn 0.806970 0.351878 0.474323
vn 0.806970 0.351878 0.474323
vn 0.806855 -0.358105 -0.469836
vn 0.806855 -0.358105 -0.469836
vn 0.806855 -0.358105 -0.469836
vn 0.806855 -0.358105 -0.469836
vn -0.951504 -0.226652 -0.208014
vn -0.951504 -0.226652 -0.208014
vn -0.951504 -0.226652 -0.208014
vn -0.951504 -0.226652 -0.208014
vn -0.951504 -0.226652 0.208013
vn -0.951504 -0.226652 0.208013
vn -0.951504 -0.226652 0.208013
vn -0.951504 -0.226652 0.208013
vn -0.952207 -0.221982 0.209825
vn -0.952207 -0.221982 0.209825
vn -0.952207 -0.221982 0.209825
vn -0.952207 -0.221982 0.209825
vn -0.952207 -0.221982 -0.209825
vn -0.952207 -0.221982 -0.209825
vn -0.952207 -0.221982 -0.209825
vn -0.952207 -0.221982 -0.209825
vn 0.952949 0.218744 0.209855
vn 0.952949 0.218744 0.209855
vn 0.952949 0.218744 0.209855
vn 0.952949 0.218744 0.209855
vn 0.952280 0.223284 0.208102
vn 0.952280 0.223284 0.208102
vn 0.952280 0.223284 0.208102
vn 0.952280 0.223284 0.208102
vn 0.952280 0.223284 -0.208103
vn 0.952280 0.223284 -0.208103
vn 0.952280 0.223284 -0.208103
vn 0.952280 0.223284 -0.208103
vn 0.952949 0.218743 -0.209855
vn 0.952949 0.218743 -0.209855
vn 0.952949 0.218743 -0.209855
vn 0.952949 0.218743 -0.209855
vn -0.450530 -0.106827 0.886347
vn -0.450530 -0.106827 0.886347
vn -0.450530 -0.106827 0.886347
vn -0.450530 -0.106827 0.886347
vn 0.450621 0.106129 0.886385
vn 0.450621 0.106129 0.886385
vn 0.450621 0.106129 0.886385
vn 0.450621 0.106129 0.886385
vn 0.447987 0.103281 0.888054
vn 0.447987 0.103281 0.888054
vn 0.447987 0.103281 0.888054
vn 0.447987 0.103281 0.888054
vn -0.447865 -0.103940 0.888039
vn -0.447865 -0.103940 0.888039
vn -0.447865 -0.103940 0.888039
vn -0.447865 -0.103940 0.888039
vn -0.451908 -0.116507 -0.884424
vn -0.451908 -0.116507 -0.884424
vn -0.451908 -0.116507 -0.884424
vn -0.451908 -0.116507 -0.884424
vn 0.451990 0.115684 -0.884490
vn 0.451990 0.115684 -0.884490
vn 0.451990 0.115684 -0.884490
vn 0.451990 0.115684 -0.884490
vn 0.519407 -0.210569 -0.828177
vn 0.519407 -0.210569 -0.828177
vn 0.519407 -0.210569 -0.828177
vn 0.519407 -0.210569 -0.828177
vn -0.457919 -0.460906 -0.760182
vn -0.457919 -0.460906 -0.760182
vn -0.457919 -0.460906 -0.760182
vn -0.457919 -0.460906 -0.760182
vn -0.411772 -0.868574 -0.275724
vn -0.411772 -0.868574 -0.275724
vn -0.411772 -0.868574 -0.275724
vn -0.411772 -0.868574 -0.275724
vn 0.542318 -0.767456 -0.341911
vn 0.542318 -0.767456 -0.341911
vn 0.542318 -0.767456 -0.341911
vn 0.542318 -0.767456 -0.341911
vn 0.542318 -0.767455 0.341911
vn 0.542318 -0.767455 0.341911
vn 0.542318 -0.767455 0.341911
vn 0.542318 -0.767455 0.341911
vn -0.411771 -0.868574 0.275724
vn -0.411771 -0.868574 0.275724
vn -0.411771 -0.868574 0.275724
vn -0.411771 -0.868574 0.275724
vn -0.447865 -0.103940 -0.888039
vn -0.447865 -0.103940 -0.888039
vn -0.447865 -0.103940 -0.888039
vn -0.447865 -0.103940 -0.888039
vn 0.447988 0.103281 -0.888054
vn 0.447988 0.103281 -0.888054
vn 0.447988 0.103281 -0.888054
vn 0.447988 0.103281 -0.888054
vn 0.450621 0.106128 -0.886385
vn 0.450621 0.106128 -0.886385
vn 0.450621 0.106128 -0.886385
vn 0.450621 0.106128 -0.886385
vn -0.450530 -0.106828 -0.886347
vn -0.450530 -0.106828 -0.886347
vn -0.450530 -0.106828 -0.886347
vn -0.450530 -0.106828 -0.886347
vn -0.457920 -0.460905 0.760182
vn -0.457920 -0.460905 0.760182
vn -0.457920 -0.460905 0.760182
vn -0.457920 -0.460905 0.760182
vn 0.519407 -0.210568 0.828177
vn 0.519407 -0.210568 0.828177
vn 0.519407 -0.210568 0.828177
vn 0.519407 -0.210568 0.828177
vn 0.451990 0.115684 0.884490
vn 0.451990 0.115684 0.884490
vn 0.451990 0.115684 0.884490
vn 0.451990 0.115684 0.884490
vn -0.451908 -0.116507 0.884423
vn -0.451908 -0.116507 0.884423
vn -0.451908 -0.116507 0.884423
vn -0.451908 -0.116507 0.884423
vn 0.948237 0.241543 0.206165
vn 0.948237 0.241543 0.206165
vn 0.948237 0.241543 0.206165
vn 0.948237 0.241543 0.206165
vn 0.968218 0.005125 0.250054
vn 0.968218 0.005125 0.250054
vn 0.968218 0.005125 0.250054
vn 0.968218 0.005125 0.250054
vn 0.968218 0.005125 -0.250055
vn 0.968218 0.005125 -0.250055
vn 0.968218 0.005125 -0.250055
vn 0.968218 0.005125 -0.250055
vn 0.948237 0.241542 -0.206166
vn 0.948237 0.241542 -0.206166
vn 0.948237 0.241542 -0.206166
vn 0.948237 0.241542 -0.206166
vn -0.846034 -0.484865 -0.221656
vn -0.846034 -0.484865 -0.221656
vn -0.846034 -0.484865 -0.221656
vn -0.846034 -0.484865 -0.221656
vn -0.846035 -0.484865 0.221655
vn -0.846035 -0.484865 0.221655
vn -0.846035 -0.484865 0.221655
vn -0.846035 -0.484865 0.221655
vn -0.947276 -0.245425 0.205998
vn -0.947276 -0.245425 0.205998
vn -0.947276 -0.245425 0.205998
vn -0.947276 -0.245425 0.205998
vn -0.947276 -0.245425 -0.205998
vn -0.947276 -0.245425 -0.205998
vn -0.947276 -0.245425 -0.205998
vn -0.947276 -0.245425 -0.205998
vn 0.003517 0.985888 -0.167367
vn 0.003517 0.985888 -0.167367
vn 0.003517 0.985888 -0.167367
vn 0.003517 0.985888 -0.167367
vn 0.003517 0.985889 0.167365
vn 0.003517 0.985889 0.167365
vn 0.003517 0.985889 0.167365
vn 0.003517 0.985889 0.167365
vn 0.003335 0.986050 0.166414
vn 0.003335 0.986050 0.166414
vn 0.003335 0.986050 0.166414
vn 0.003335 0.986050 0.166414
vn 0.003334 0.986050 -0.166416
vn 0.003334 0.986050 -0.166416
vn 0.003334 0.986050 -0.166416
vn 0.003334 0.986050 -0.166416
vn 0.001954 0.547636 0.836715
vn 0.001954 0.547636 0.836715
vn 0.001954 0.547636 0.836715
vn 0.001954 0.547636 0.836715
vn -0.001953 -0.547635 0.836715
vn -0.001953 -0.547635 0.836715
vn -0.001953 -0.547635 0.836715
vn -0.001953 -0.547635 0.836715
vn -0.000793 -0.549855 0.835260
vn -0.000793 -0.549855 0.835260
vn -0.000793 -0.549855 0.835260
vn -0.000793 -0.549855 0.835260
vn 0.001430 0.549875 0.835246
vn 0.001430 0.549875 0.835246
vn 0.001430 0.549875 0.835246
vn 0.001430 0.549875 0.835246
vn -0.003517 -0.985889 0.167366
vn -0.003517 -0.985889 0.167366
vn -0.003517 -0.985889 0.167366
vn -0.003517 -0.985889 0.167366
vn -0.003517 -0.985889 -0.167366
vn -0.003517 -0.985889 -0.167366
vn -0.003517 -0.985889 -0.167366
vn -0.003517 -0.985889 -0.167366
vn -0.000672 -0.986052 -0.166434
vn -0.000672 -0.986052 -0.166434
vn -0.000672 -0.986052 -0.166434
vn -0.000672 -0.986052 -0.166434
vn -0.000671 -0.986052 0.166435
vn -0.000671 -0.986052 0.166435
vn -0.000671 -0.986052 0.166435
vn -0.000671 -0.986052 0.166435
vn 0.002404 0.986684 -0.162632
vn 0.002404 0.986684 -0.162632
vn 0.002404 0.986684 -0.162632
vn 0.002404 0.986684 -0.162632
vn 0.002405 0.986684 0.162632
vn 0.002405 0.986684 0.162632
vn 0.002405 0.986684 0.162632
vn 0.002405 0.986684 0.162632
vn -0.043266 0.986553 0.157614
vn -0.043266 0.986553 0.157614
vn -0.043266 0.986553 0.157614
vn -0.043266 0.986553 0.157614
vn -0.043266 0.986552 -0.157614
vn -0.043266 0.986552 -0.157614
vn -0.043266 0.986552 -0.157614
vn -0.043266 0.986552 -0.157614
vn -0.001205 0.558585 0.829447
vn -0.001205 0.558585 0.829447
vn -0.001205 0.558585 0.829447
vn -0.001205 0.558585 0.829447
vn 0.004750 -0.558048 0.829795
vn 0.004750 -0.558048 0.829795
vn 0.004750 -0.558048 0.829795
vn 0.004750 -0.558048 0.829795
vn 0.042190 -0.564402 0.824421
vn 0.042190 -0.564402 0.824421
vn 0.042190 -0.564402 0.824421
vn 0.042190 -0.564402 0.824421
vn -0.032698 0.567966 0.822402
vn -0.032698 0.567966 0.822402
vn -0.032698 0.567966 0.822402
vn -0.032698 0.567966 0.822402
vn 0.012260 -0.986528 0.163130
vn 0.012260 -0.986528 0.163130
vn 0.012260 -0.986528 0.163130
vn 0.012260 -0.986528 0.163130
vn 0.012260 -0.986528 -0.163130
vn 0.012260 -0.986528 -0.163130
vn 0.012260 -0.986528 -0.163130
vn 0.012260 -0.986528 -0.163130
vn 0.083043 -0.983551 -0.160411
vn 0.083043 -0.983551 -0.160411
vn 0.083043 -0.983551 -0.160411
vn 0.083043 -0.983551 -0.160411
vn 0.083043 -0.983551 0.160412
vn 0.083043 -0.983551 0.160412
vn 0.083043 -0.983551 0.160412
vn 0.083043 -0.983551 0.160412
vn -0.001954 -0.547636 -0.836714
vn -0.001954 -0.547636 -0.836714
vn -0.001954 -0.547636 -0.836714
vn -0.001954 -0.547636 -0.836714
vn 0.001953 0.547637 -0.836714
vn 0.001953 0.547637 -0.836714
vn 0.001953 0.547637 -0.836714
vn 0.001953 0.547637 -0.836714
vn 0.001429 0.549876 -0.835245
vn 0.001429 0.549876 -0.835245
vn 0.001429 0.549876 -0.835245
vn 0.001429 0.549876 -0.835245
vn -0.000793 -0.549855 -0.835260
vn -0.000793 -0.549855 -0.835260
vn -0.000793 -0.549855 -0.835260
vn -0.000793 -0.549855 -0.835260
vn -0.034904 -0.985892 0.163703
vn -0.034904 -0.985892 0.163703
vn -0.034904 -0.985892 0.163703
vn -0.034904 -0.985892 0.163703
vn -0.035288 -0.985985 -0.163060
vn -0.035288 -0.985985 -0.163060
vn -0.035288 -0.985985 -0.163060
vn -0.035288 -0.985985 -0.163060
vn -0.051673 -0.985388 -0.162299
vn -0.051673 -0.985388 -0.162299
vn -0.051673 -0.985388 -0.162299
vn -0.051673 -0.985388 -0.162299
vn -0.051275 -0.985386 0.162434
vn -0.051275 -0.985386 0.162434
vn -0.051275 -0.985386 0.162434
vn -0.051275 -0.985386 0.162434
vn -0.020543 -0.556935 -0.830302
vn -0.020543 -0.556935 -0.830302
vn -0.020543 -0.556935 -0.830302
vn -0.020543 -0.556935 -0.830302
vn 0.017907 0.556575 -0.830605
vn 0.017907 0.556575 -0.830605
vn 0.017907 0.556575 -0.830605
vn 0.017907 0.556575 -0.830605
vn 0.029757 0.558802 -0.828767
vn 0.029757 0.558802 -0.828767
vn 0.029757 0.558802 -0.828767
vn 0.029757 0.558802 -0.828767
vn -0.031067 -0.558776 -0.828736
vn -0.031067 -0.558776 -0.828736
vn -0.031067 -0.558776 -0.828736
vn -0.031067 -0.558776 -0.828736
vn 0.032873 0.985955 -0.163747
vn 0.032873 0.985955 -0.163747
vn 0.032873 0.985955 -0.163747
vn 0.032873 0.985955 -0.163747
vn 0.033337 0.986043 0.163116
vn 0.033337 0.986043 0.163116
vn 0.033337 0.986043 0.163116
vn 0.033337 0.986043 0.163116
vn 0.056084 0.985150 0.162280
vn 0.056084 0.985150 0.162280
vn 0.056084 0.985150 0.162280
vn 0.056084 0.985150 0.162280
vn 0.055556 0.985153 -0.162442
vn 0.055556 0.985153 -0.162442
vn 0.055556 0.985153 -0.162442
vn 0.055556 0.985153 -0.162442
vn -0.060244 -0.570711 -0.818938
vn -0.060244 -0.570711 -0.818938
vn -0.060244 -0.570711 -0.818938
vn -0.060244 -0.570711 -0.818938
vn 0.061652 0.570494 -0.818985
vn 0.061652 0.570494 -0.818985
vn 0.061652 0.570494 -0.818985
vn 0.061652 0.570494 -0.818985
vn 0.142174 0.572050 -0.807803
vn 0.142174 0.572050 -0.807803
vn 0.142174 0.572050 -0.807803
vn 0.142174 0.572050 -0.807803
vn -0.135474 -0.575754 -0.806321
vn -0.135474 -0.575754 -0.806321
vn -0.135474 -0.575754 -0.806321
vn -0.135474 -0.575754 -0.806321
vn -0.095756 -0.983104 0.156005
vn -0.095756 -0.983104 0.156005
vn -0.095756 -0.983104 0.156005
vn -0.095756 -0.983104 0.156005
vn -0.096170 -0.982970 -0.156592
vn -0.096170 -0.982970 -0.156592
vn -0.096170 -0.982970 -0.156592
vn -0.096170 -0.982970 -0.156592
vn -0.211770 -0.965864 -0.149199
vn -0.211770 -0.965864 -0.149199
vn -0.211770 -0.965864 -0.149199
vn -0.211770 -0.965864 -0.149199
vn -0.211492 -0.966124 0.147900
vn -0.211492 -0.966124 0.147900
vn -0.211492 -0.966124 0.147900
vn -0.211492 -0.966124 0.147900
vn 0.064652 0.569566 0.819399
vn 0.064652 0.569566 0.819399
vn 0.064652 0.569566 0.819399
vn 0.064652 0.569566 0.819399
vn -0.057535 -0.571565 0.818537
vn -0.057535 -0.571565 0.818537
vn -0.057535 -0.571565 0.818537
vn -0.057535 -0.571565 0.818537
vn -0.133088 -0.577590 0.805405
vn -0.133088 -0.577590 0.805405
vn -0.133088 -0.577590 0.805405
vn -0.133088 -0.577590 0.805405
vn 0.145009 0.569944 0.808786
vn 0.145009 0.569944 0.808786
vn 0.145009 0.569944 0.808786
vn 0.145009 0.569944 0.808786
vn 0.020107 0.556903 0.830334
vn 0.020107 0.556903 0.830334
vn 0.020107 0.556903 0.830334
vn 0.020107 0.556903 0.830334
vn -0.018438 -0.556613 0.830567
vn -0.018438 -0.556613 0.830567
vn -0.018438 -0.556613 0.830567
vn -0.018438 -0.556613 0.830567
vn -0.028777 -0.558850 0.828769
vn -0.028777 -0.558850 0.828769
vn -0.028777 -0.558850 0.828769
vn -0.028777 -0.558850 0.828769
vn 0.032199 0.558721 0.828731
vn 0.032199 0.558721 0.828731
vn 0.032199 0.558721 0.828731
vn 0.032199 0.558721 0.828731
vn -0.938625 0.276504 -0.206224
vn -0.938625 0.276504 -0.206224
vn -0.938625 0.276504 -0.206224
vn -0.938625 0.276504 -0.206224
vn -0.333889 0.931177 -0.146381
vn -0.333889 0.931177 -0.146381
vn -0.333889 0.931177 -0.146381
vn -0.333889 0.931177 -0.146381
vn -0.333888 0.931177 0.146381
vn -0.333888 0.931177 0.146381
vn -0.333888 0.931177 0.146381
vn -0.333888 0.931177 0.146381
vn -0.938625 0.276503 0.206224
vn -0.938625 0.276503 0.206224
vn -0.938625 0.276503 0.206224
vn -0.938625 0.276503 0.206224
vn 0.935087 -0.288240 0.206229
vn 0.935087 -0.288240 0.206229
vn 0.935087 -0.288240 0.206229
vn 0.935087 -0.288240 0.206229
vn 0.440410 -0.883098 0.161794
vn 0.440410 -0.883098 0.161794
vn 0.440410 -0.883098 0.161794
vn 0.440410 -0.883098 0.161794
vn 0.440409 -0.883098 -0.161793
vn 0.440409 -0.883098 -0.161793
vn 0.440409 -0.883098 -0.161793
vn 0.440409 -0.883098 -0.161793
vn 0.935087 -0.288241 -0.206229
vn 0.935087 -0.288241 -0.206229
vn 0.935087 -0.288241 -0.206229
vn 0.935087 -0.288241 -0.206229
vn 0.446100 -0.135913 -0.884603
vn 0.446100 -0.135913 -0.884603
vn 0.446100 -0.135913 -0.884603
vn 0.446100 -0.135913 -0.884603
vn 0.239214 -0.517343 -0.821665
vn 0.239214 -0.517343 -0.821665
vn 0.239214 -0.517343 -0.821665
vn 0.239214 -0.517343 -0.821665
vn -0.219054 0.544170 -0.809873
vn -0.219054 0.544170 -0.809873
vn -0.219054 0.544170 -0.809873
vn -0.219054 0.544170 -0.809873
vn -0.446829 0.133525 -0.884599
vn -0.446829 0.133525 -0.884599
vn -0.446829 0.133525 -0.884599
vn -0.446829 0.133525 -0.884599
vn -0.458708 -0.021168 0.888335
vn -0.458708 -0.021168 0.888335
vn -0.458708 -0.021168 0.888335
vn -0.458708 -0.021168 0.888335
vn 0.458695 0.020747 0.888351
vn 0.458695 0.020747 0.888351
vn 0.458695 0.020747 0.888351
vn 0.458695 0.020747 0.888351
vn 0.463383 0.054013 0.884511
vn 0.463383 0.054013 0.884511
vn 0.463383 0.054013 0.884511
vn 0.463383 0.054013 0.884511
vn -0.463697 -0.048258 0.884678
vn -0.463697 -0.048258 0.884678
vn -0.463697 -0.048258 0.884678
vn -0.463697 -0.048258 0.884678
vn -0.463683 -0.048384 -0.884679
vn -0.463683 -0.048384 -0.884679
vn -0.463683 -0.048384 -0.884679
vn -0.463683 -0.048384 -0.884679
vn 0.463390 0.054132 -0.884500
vn 0.463390 0.054132 -0.884500
vn 0.463390 0.054132 -0.884500
vn 0.463390 0.054132 -0.884500
vn 0.458709 0.020732 -0.888345
vn 0.458709 0.020732 -0.888345
vn 0.458709 0.020732 -0.888345
vn 0.458709 0.020732 -0.888345
vn -0.458694 -0.021152 -0.888342
vn -0.458694 -0.021152 -0.888342
vn -0.458694 -0.021152 -0.888342
vn -0.458694 -0.021152 -0.888342
vn 0.604206 0.779544 0.165062
vn 0.604206 0.779544 0.165062
vn 0.604206 0.779544 0.165062
vn 0.604206 0.779544 0.165062
vn 0.904529 0.381756 0.189971
vn 0.904529 0.381756 0.189971
vn 0.904529 0.381756 0.189971
vn 0.904529 0.381756 0.189971
vn 0.904398 0.382189 -0.189725
vn 0.904398 0.382189 -0.189725
vn 0.904398 0.382189 -0.189725
vn 0.904398 0.382189 -0.189725
vn 0.603691 0.780117 -0.164238
vn 0.603691 0.780117 -0.164238
vn 0.603691 0.780117 -0.164238
vn 0.603691 0.780117 -0.164238
vn -0.916340 -0.351892 -0.191032
vn -0.916340 -0.351892 -0.191032
vn -0.916340 -0.351892 -0.191032
vn -0.916340 -0.351892 -0.191032
vn -0.916562 -0.351354 0.190954
vn -0.916562 -0.351354 0.190954
vn -0.916562 -0.351354 0.190954
vn -0.916562 -0.351354 0.190954
vn -0.551688 -0.818710 0.159234
vn -0.551688 -0.818710 0.159234
vn -0.551688 -0.818710 0.159234
vn -0.551688 -0.818710 0.159234
vn -0.551421 -0.818684 -0.160286
vn -0.551421 -0.818684 -0.160286
vn -0.551421 -0.818684 -0.160286
vn -0.551421 -0.818684 -0.160286
vn -0.446829 0.133525 0.884599
vn -0.446829 0.133525 0.884599
vn -0.446829 0.133525 0.884599
vn -0.446829 0.133525 0.884599
vn -0.219055 0.544171 0.809872
vn -0.219055 0.544171 0.809872
vn -0.219055 0.544171 0.809872
vn -0.219055 0.544171 0.809872
vn 0.239214 -0.517343 0.821664
vn 0.239214 -0.517343 0.821664
vn 0.239214 -0.517343 0.821664
vn 0.239214 -0.517343 0.821664
vn 0.446101 -0.135912 0.884603
vn 0.446101 -0.135912 0.884603
vn 0.446101 -0.135912 0.884603
vn 0.446101 -0.135912 0.884603
vn -0.134082 0.575949 0.806415
vn -0.134082 0.575949 0.806415
vn -0.134082 0.575949 0.806415
vn -0.134082 0.575949 0.806415
vn -0.080250 0.572530 0.815947
vn -0.080250 0.572530 0.815947
vn -0.080250 0.572530 0.815947
vn -0.080250 0.572530 0.815947
vn 0.093827 -0.563865 0.820520
vn 0.093827 -0.563865 0.820520
vn 0.093827 -0.563865 0.820520
vn 0.093827 -0.563865 0.820520
vn 0.151865 -0.559537 0.814773
vn 0.151865 -0.559537 0.814773
vn 0.151865 -0.559537 0.814773
vn 0.151865 -0.559537 0.814773
vn 0.151864 -0.559536 -0.814774
vn 0.151864 -0.559536 -0.814774
vn 0.151864 -0.559536 -0.814774
vn 0.151864 -0.559536 -0.814774
vn 0.093827 -0.563865 -0.820520
vn 0.093827 -0.563865 -0.820520
vn 0.093827 -0.563865 -0.820520
vn 0.093827 -0.563865 -0.820520
vn -0.080249 0.572528 -0.815948
vn -0.080249 0.572528 -0.815948
vn -0.080249 0.572528 -0.815948
vn -0.080249 0.572528 -0.815948
vn -0.134082 0.575949 -0.806415
vn -0.134082 0.575949 -0.806415
vn -0.134082 0.575949 -0.806415
vn -0.134082 0.575949 -0.806415
vn 0.279165 -0.947350 0.156829
vn 0.279165 -0.947350 0.156829
vn 0.279165 -0.947350 0.156829
vn 0.279165 -0.947350 0.156829
vn 0.176642 -0.971354 0.158960
vn 0.176642 -0.971354 0.158960
vn 0.176642 -0.971354 0.158960
vn 0.176642 -0.971354 0.158960
vn 0.176641 -0.971355 -0.158959
vn 0.176641 -0.971355 -0.158959
vn 0.176641 -0.971355 -0.158959
vn 0.176641 -0.971355 -0.158959
vn 0.279166 -0.947350 -0.156828
vn 0.279166 -0.947350 -0.156828
vn 0.279166 -0.947350 -0.156828
vn 0.279166 -0.947350 -0.156828
vn 0.004750 -0.558050 -0.829794
vn 0.004750 -0.558050 -0.829794
vn 0.004750 -0.558050 -0.829794
vn 0.004750 -0.558050 -0.829794
vn -0.001205 0.558583 -0.829448
vn -0.001205 0.558583 -0.829448
vn -0.001205 0.558583 -0.829448
vn -0.001205 0.558583 -0.829448
vn -0.032699 0.567963 -0.822404
vn -0.032699 0.567963 -0.822404
vn -0.032699 0.567963 -0.822404
vn -0.032699 0.567963 -0.822404
vn 0.042190 -0.564405 -0.824419
vn 0.042190 -0.564405 -0.824419
vn 0.042190 -0.564405 -0.824419
vn 0.042190 -0.564405 -0.824419
vn 0.113046 0.981163 -0.156653
vn 0.113046 0.981163 -0.156653
vn 0.113046 0.981163 -0.156653
vn 0.113046 0.981163 -0.156653
vn 0.113718 0.981006 0.157148
vn 0.113718 0.981006 0.157148
vn 0.113718 0.981006 0.157148
vn 0.113718 0.981006 0.157148
vn 0.251499 0.955833 0.152091
vn 0.251499 0.955833 0.152091
vn 0.251499 0.955833 0.152091
vn 0.251499 0.955833 0.152091
vn 0.250804 0.956193 -0.150971
vn 0.250804 0.956193 -0.150971
vn 0.250804 0.956193 -0.150971
vn 0.250804 0.956193 -0.150971
vn -0.462210 -0.039164 -0.885905
vn -0.462210 -0.039164 -0.885905
vn -0.462210 -0.039164 -0.885905
vn -0.462210 -0.039164 -0.885905
vn 0.462183 0.038189 -0.885962
vn 0.462183 0.038189 -0.885962
vn 0.462183 0.038189 -0.885962
vn 0.462183 0.038189 -0.885962
vn 0.468986 0.017154 -0.883039
vn 0.468986 0.017154 -0.883039
vn 0.468986 0.017154 -0.883039
vn 0.468986 0.017154 -0.883039
vn -0.469255 -0.019388 -0.882850
vn -0.469255 -0.019388 -0.882850
vn -0.469255 -0.019388 -0.882850
vn -0.469255 -0.019388 -0.882850
vn -0.324509 -0.458125 -0.827536
vn -0.324509 -0.458125 -0.827536
vn -0.324509 -0.458125 -0.827536
vn -0.324509 -0.458125 -0.827536
vn 0.333341 0.446478 -0.830386
vn 0.333341 0.446478 -0.830386
vn 0.333341 0.446478 -0.830386
vn 0.333341 0.446478 -0.830386
vn 0.459890 0.190256 -0.867354
vn 0.459890 0.190256 -0.867354
vn 0.459890 0.190256 -0.867354
vn 0.459890 0.190256 -0.867354
vn -0.461550 -0.183416 -0.867946
vn -0.461550 -0.183416 -0.867946
vn -0.461550 -0.183416 -0.867946
vn -0.461550 -0.183416 -0.867946
vn -0.197926 0.969235 -0.146321
vn -0.197926 0.969235 -0.146321
vn -0.197926 0.969235 -0.146321
vn -0.197926 0.969235 -0.146321
vn -0.117981 0.981175 -0.152890
vn -0.117981 0.981175 -0.152890
vn -0.117981 0.981175 -0.152890
vn -0.117981 0.981175 -0.152890
vn -0.117981 0.981175 0.152889
vn -0.117981 0.981175 0.152889
vn -0.117981 0.981175 0.152889
vn -0.117981 0.981175 0.152889
vn -0.197926 0.969235 0.146321
vn -0.197926 0.969235 0.146321
vn -0.197926 0.969235 0.146321
vn -0.197926 0.969235 0.146321
vn -0.469254 -0.019387 0.882851
vn -0.469254 -0.019387 0.882851
vn -0.469254 -0.019387 0.882851
vn -0.469254 -0.019387 0.882851
vn 0.468987 0.017155 0.883038
vn 0.468987 0.017155 0.883038
vn 0.468987 0.017155 0.883038
vn 0.468987 0.017155 0.883038
vn 0.462179 0.038195 0.885964
vn 0.462179 0.038195 0.885964
vn 0.462179 0.038195 0.885964
vn 0.462179 0.038195 0.885964
vn -0.462212 -0.039170 0.885904
vn -0.462212 -0.039170 0.885904
vn -0.462212 -0.039170 0.885904
vn -0.462212 -0.039170 0.885904
vn 0.971032 0.120983 0.206059
vn 0.971032 0.120983 0.206059
vn 0.971032 0.120983 0.206059
vn 0.971032 0.120983 0.206059
vn 0.976687 0.043576 0.210199
vn 0.976687 0.043576 0.210199
vn 0.976687 0.043576 0.210199
vn 0.976687 0.043576 0.210199
vn 0.976701 0.043562 -0.210137
vn 0.976701 0.043562 -0.210137
vn 0.976701 0.043562 -0.210137
vn 0.976701 0.043562 -0.210137
vn 0.971042 0.121085 -0.205951
vn 0.971042 0.121085 -0.205951
vn 0.971042 0.121085 -0.205951
vn 0.971042 0.121085 -0.205951
vn 0.974980 0.079227 0.207693
vn 0.974980 0.079227 0.207693
vn 0.974980 0.079227 0.207693
vn 0.974980 0.079227 0.207693
vn 0.978263 0.032783 0.204762
vn 0.978263 0.032783 0.204762
vn 0.978263 0.032783 0.204762
vn 0.978263 0.032783 0.204762
vn 0.978263 0.032783 -0.204761
vn 0.978263 0.032783 -0.204761
vn 0.978263 0.032783 -0.204761
vn 0.978263 0.032783 -0.204761
vn 0.974985 0.079222 -0.207671
vn 0.974985 0.079222 -0.207671
vn 0.974985 0.079222 -0.207671
vn 0.974985 0.079222 -0.207671
vn -0.976598 -0.045646 -0.210174
vn -0.976598 -0.045646 -0.210174
vn -0.976598 -0.045646 -0.210174
vn -0.976598 -0.045646 -0.210174
vn -0.976611 -0.045661 0.210110
vn -0.976611 -0.045661 0.210110
vn -0.976611 -0.045661 0.210110
vn -0.976611 -0.045661 0.210110
vn -0.974040 -0.092961 0.206410
vn -0.974040 -0.092961 0.206410
vn -0.974040 -0.092961 0.206410
vn -0.974040 -0.092961 0.206410
vn -0.974025 -0.093080 -0.206427
vn -0.974025 -0.093080 -0.206427
vn -0.974025 -0.093080 -0.206427
vn -0.974025 -0.093080 -0.206427
vn -0.977934 -0.043586 -0.204319
vn -0.977934 -0.043586 -0.204319
vn -0.977934 -0.043586 -0.204319
vn -0.977934 -0.043586 -0.204319
vn -0.977934 -0.043585 0.204318
vn -0.977934 -0.043585 0.204318
vn -0.977934 -0.043585 0.204318
vn -0.977934 -0.043585 0.204318
vn -0.974618 -0.083984 0.207523
vn -0.974618 -0.083984 0.207523
vn -0.974618 -0.083984 0.207523
vn -0.974618 -0.083984 0.207523
vn -0.974614 -0.083978 -0.207547
vn -0.974614 -0.083978 -0.207547
vn -0.974614 -0.083978 -0.207547
vn -0.974614 -0.083978 -0.207547
vn -0.461733 -0.182806 0.867977
vn -0.461733 -0.182806 0.867977
vn -0.461733 -0.182806 0.867977
vn -0.461733 -0.182806 0.867977
vn 0.459989 0.189681 0.867428
vn 0.459989 0.189681 0.867428
vn 0.459989 0.189681 0.867428
vn 0.459989 0.189681 0.867428
vn 0.334584 0.444400 0.831001
vn 0.334584 0.444400 0.831001
vn 0.334584 0.444400 0.831001
vn 0.334584 0.444400 0.831001
vn -0.323998 -0.459231 0.827123
vn -0.323998 -0.459231 0.827123
vn -0.323998 -0.459231 0.827123
vn -0.323998 -0.459231 0.827123
vn 0.951504 -0.226652 -0.208013
vn 0.951504 -0.226652 -0.208013
vn 0.951504 -0.226652 -0.208013
vn 0.951504 -0.226652 -0.208013
vn 0.951504 -0.226652 0.208014
vn 0.951504 -0.226652 0.208014
vn 0.951504 -0.226652 0.208014
vn 0.951504 -0.226652 0.208014
vn 0.952207 -0.221982 0.209825
vn 0.952207 -0.221982 0.209825
vn 0.952207 -0.221982 0.209825
vn 0.952207 -0.221982 0.209825
vn 0.952207 -0.221982 -0.209825
vn 0.952207 -0.221982 -0.209825
vn 0.952207 -0.221982 -0.209825
vn 0.952207 -0.221982 -0.209825
vn -0.952949 0.218744 0.209855
vn -0.952949 0.218744 0.209855
vn -0.952949 0.218744 0.209855
vn -0.952949 0.218744 0.209855
vn -0.952280 0.223284 0.208102
vn -0.952280 0.223284 0.208102
vn -0.952280 0.223284 0.208102
vn -0.952280 0.223284 0.208102
vn -0.952280 0.223284 -0.208102
vn -0.952280 0.223284 -0.208102
vn -0.952280 0.223284 -0.208102
vn -0.952280 0.223284 -0.208102
vn -0.952949 0.218743 -0.209855
vn -0.952949 0.218743 -0.209855
vn -0.952949 0.218743 -0.209855
vn -0.952949 0.218743 -0.209855
vn 0.450530 -0.106828 0.886347
vn 0.450530 -0.106828 0.886347
vn 0.450530 -0.106828 0.886347
vn 0.450530 -0.106828 0.886347
vn -0.450621 0.106129 0.886385
vn -0.450621 0.106129 0.886385
vn -0.450621 0.106129 0.886385
vn -0.450621 0.106129 0.886385
vn -0.447988 0.103281 0.888054
vn -0.447988 0.103281 0.888054
vn -0.447988 0.103281 0.888054
vn -0.447988 0.103281 0.888054
vn 0.447864 -0.103940 0.888039
vn 0.447864 -0.103940 0.888039
vn 0.447864 -0.103940 0.888039
vn 0.447864 -0.103940 0.888039
vn 0.451908 -0.116507 -0.884424
vn 0.451908 -0.116507 -0.884424
vn 0.451908 -0.116507 -0.884424
vn 0.451908 -0.116507 -0.884424
vn -0.451990 0.115684 -0.884490
vn -0.451990 0.115684 -0.884490
vn -0.451990 0.115684 -0.884490
vn -0.451990 0.115684 -0.884490
vn -0.519407 -0.210569 -0.828177
vn -0.519407 -0.210569 -0.828177
vn -0.519407 -0.210569 -0.828177
vn -0.519407 -0.210569 -0.828177
vn 0.457919 -0.460906 -0.760182
vn 0.457919 -0.460906 -0.760182
vn 0.457919 -0.460906 -0.760182
vn 0.457919 -0.460906 -0.760182
vn 0.411772 -0.868574 -0.275724
vn 0.411772 -0.868574 -0.275724
vn 0.411772 -0.868574 -0.275724
vn 0.411772 -0.868574 -0.275724
vn -0.542318 -0.767456 -0.341911
vn -0.542318 -0.767456 -0.341911
vn -0.542318 -0.767456 -0.341911
vn -0.542318 -0.767456 -0.341911
vn -0.542318 -0.767456 0.341911
vn -0.542318 -0.767456 0.341911
vn -0.542318 -0.767456 0.341911
vn -0.542318 -0.767456 0.341911
vn 0.411772 -0.868574 0.275724
vn 0.411772 -0.868574 0.275724
vn 0.411772 -0.868574 0.275724
vn 0.411772 -0.868574 0.275724
vn 0.447865 -0.103940 -0.888039
vn 0.447865 -0.103940 -0.888039
vn 0.447865 -0.103940 -0.888039
vn 0.447865 -0.103940 -0.888039
vn -0.447987 0.103281 -0.888054
vn -0.447987 0.103281 -0.888054
vn -0.447987 0.103281 -0.888054
vn -0.447987 0.103281 -0.888054
vn -0.450621 0.106128 -0.886385
vn -0.450621 0.106128 -0.886385
vn -0.450621 0.106128 -0.886385
vn -0.450621 0.106128 -0.886385
vn 0.450530 -0.106828 -0.886347
vn 0.450530 -0.106828 -0.886347
vn 0.450530 -0.106828 -0.886347
vn 0.450530 -0.106828 -0.886347
vn 0.457920 -0.460905 0.760182
vn 0.457920 -0.460905 0.760182
vn 0.457920 -0.460905 0.760182
vn 0.457920 -0.460905 0.760182
vn -0.519407 -0.210568 0.828177
vn -0.519407 -0.210568 0.828177
vn -0.519407 -0.210568 0.828177
vn -0.519407 -0.210568 0.828177
vn -0.451990 0.115684 0.884490
vn -0.451990 0.115684 0.884490
vn -0.451990 0.115684 0.884490
vn -0.451990 0.115684 0.884490
vn 0.451909 -0.116507 0.884423
vn 0.451909 -0.116507 0.884423
vn 0.451909 -0.116507 0.884423
vn 0.451909 -0.116507 0.884423
vn -0.948237 0.241543 0.206166
vn -0.948237 0.241543 0.206166
vn -0.948237 0.241543 0.206166
vn -0.948237 0.241543 0.206166
vn -0.968218 0.005125 0.250055
vn -0.968218 0.005125 0.250055
vn -0.968218 0.005125 0.250055
vn -0.968218 0.005125 0.250055
vn -0.968218 0.005125 -0.250054
vn -0.968218 0.005125 -0.250054
vn -0.968218 0.005125 -0.250054
vn -0.968218 0.005125 -0.250054
vn -0.948237 0.241542 -0.206165
vn -0.948237 0.241542 -0.206165
vn -0.948237 0.241542 -0.206165
vn -0.948237 0.241542 -0.206165
vn 0.846035 -0.484865 -0.221655
vn 0.846035 -0.484865 -0.221655
vn 0.846035 -0.484865 -0.221655
vn 0.846035 -0.484865 -0.221655
vn 0.846035 -0.484865 0.221656
vn 0.846035 -0.484865 0.221656
vn 0.846035 -0.484865 0.221656
vn 0.846035 -0.484865 0.221656
vn 0.947276 -0.245425 0.205998
vn 0.947276 -0.245425 0.205998
vn 0.947276 -0.245425 0.205998
vn 0.947276 -0.245425 0.205998
vn 0.947276 -0.245425 -0.205998
vn 0.947276 -0.245425 -0.205998
vn 0.947276 -0.245425 -0.205998
vn 0.947276 -0.245425 -0.205998
vn -0.003517 0.985888 -0.167367
vn -0.003517 0.985888 -0.167367
vn -0.003517 0.985888 -0.167367
vn -0.003517 0.985888 -0.167367
vn -0.003517 0.985889 0.167365
vn -0.003517 0.985889 0.167365
vn -0.003517 0.985889 0.167365
vn -0.003517 0.985889 0.167365
vn -0.003335 0.986050 0.166414
vn -0.003335 0.986050 0.166414
vn -0.003335 0.986050 0.166414
vn -0.003335 0.986050 0.166414
vn -0.003334 0.986050 -0.166415
vn -0.003334 0.986050 -0.166415
vn -0.003334 0.986050 -0.166415
vn -0.003334 0.986050 -0.166415
vn -0.001954 0.547636 0.836715
vn -0.001954 0.547636 0.836715
vn -0.001954 0.547636 0.836715
vn -0.001954 0.547636 0.836715
vn 0.001953 -0.547635 0.836715
vn 0.001953 -0.547635 0.836715
vn 0.001953 -0.547635 0.836715
vn 0.001953 -0.547635 0.836715
vn 0.000793 -0.549855 0.835260
vn 0.000793 -0.549855 0.835260
vn 0.000793 -0.549855 0.835260
vn 0.000793 -0.549855 0.835260
vn -0.001430 0.549875 0.835246
vn -0.001430 0.549875 0.835246
vn -0.001430 0.549875 0.835246
vn -0.001430 0.549875 0.835246
vn 0.003517 -0.985889 0.167366
vn 0.003517 -0.985889 0.167366
vn 0.003517 -0.985889 0.167366
vn 0.003517 -0.985889 0.167366
vn 0.003517 -0.985889 -0.167366
vn 0.003517 -0.985889 -0.167366
vn 0.003517 -0.985889 -0.167366
vn 0.003517 -0.985889 -0.167366
vn 0.000672 -0.986052 -0.166434
vn 0.000672 -0.986052 -0.166434
vn 0.000672 -0.986052 -0.166434
vn 0.000672 -0.986052 -0.166434
vn 0.000672 -0.986052 0.166435
vn 0.000672 -0.986052 0.166435
vn 0.000672 -0.986052 0.166435
vn 0.000672 -0.986052 0.166435
vn -0.002404 0.986684 -0.162632
vn -0.002404 0.986684 -0.162632
vn -0.002404 0.986684 -0.162632
vn -0.002404 0.986684 -0.162632
vn -0.002405 0.986684 0.162632
vn -0.002405 0.986684 0.162632
vn -0.002405 0.986684 0.162632
vn -0.002405 0.986684 0.162632
vn 0.043266 0.986553 0.157614
vn 0.043266 0.986553 0.157614
vn 0.043266 0.986553 0.157614
vn 0.043266 0.986553 0.157614
vn 0.043266 0.986552 -0.157614
vn 0.043266 0.986552 -0.157614
vn 0.043266 0.986552 -0.157614
vn 0.043266 0.986552 -0.157614
vn 0.001205 0.558585 0.829447
vn 0.001205 0.558585 0.829447
vn 0.001205 0.558585 0.829447
vn 0.001205 0.558585 0.829447
vn -0.004750 -0.558048 0.829795
vn -0.004750 -0.558048 0.829795
vn -0.004750 -0.558048 0.829795
vn -0.004750 -0.558048 0.829795
vn -0.042190 -0.564402 0.824421
vn -0.042190 -0.564402 0.824421
vn -0.042190 -0.564402 0.824421
vn -0.042190 -0.564402 0.824421
vn 0.032698 0.567966 0.822402
vn 0.032698 0.567966 0.822402
vn 0.032698 0.567966 0.822402
vn 0.032698 0.567966 0.822402
vn -0.012260 -0.986528 0.163130
vn -0.012260 -0.986528 0.163130
vn -0.012260 -0.986528 0.163130
vn -0.012260 -0.986528 0.163130
vn -0.012260 -0.986528 -0.163130
vn -0.012260 -0.986528 -0.163130
vn -0.012260 -0.986528 -0.163130
vn -0.012260 -0.986528 -0.163130
vn -0.083043 -0.983551 -0.160411
vn -0.083043 -0.983551 -0.160411
vn -0.083043 -0.983551 -0.160411
vn -0.083043 -0.983551 -0.160411
vn -0.083042 -0.983551 0.160412
vn -0.083042 -0.983551 0.160412
vn -0.083042 -0.983551 0.160412
vn -0.083042 -0.983551 0.160412
vn 0.001954 -0.547636 -0.836714
vn 0.001954 -0.547636 -0.836714
vn 0.001954 -0.547636 -0.836714
vn 0.001954 -0.547636 -0.836714
vn -0.001953 0.547637 -0.836714
vn -0.001953 0.547637 -0.836714
vn -0.001953 0.547637 -0.836714
vn -0.001953 0.547637 -0.836714
vn -0.001429 0.549876 -0.835245
vn -0.001429 0.549876 -0.835245
vn -0.001429 0.549876 -0.835245
vn -0.001429 0.549876 -0.835245
vn 0.000793 -0.549855 -0.835260
vn 0.000793 -0.549855 -0.835260
vn 0.000793 -0.549855 -0.835260
vn 0.000793 -0.549855 -0.835260
vn 0.034904 -0.985892 0.163703
vn 0.034904 -0.985892 0.163703
vn 0.034904 -0.985892 0.163703
vn 0.034904 -0.985892 0.163703
vn 0.035288 -0.985985 -0.163060
vn 0.035288 -0.985985 -0.163060
vn 0.035288 -0.985985 -0.163060
vn 0.035288 -0.985985 -0.163060
vn 0.051673 -0.985388 -0.162299
vn 0.051673 -0.985388 -0.162299
vn 0.051673 -0.985388 -0.162299
vn 0.051673 -0.985388 -0.162299
vn 0.051275 -0.985386 0.162434
vn 0.051275 -0.985386 0.162434
vn 0.051275 -0.985386 0.162434
vn 0.051275 -0.985386 0.162434
vn 0.020543 -0.556935 -0.830302
vn 0.020543 -0.556935 -0.830302
vn 0.020543 -0.556935 -0.830302
vn 0.020543 -0.556935 -0.830302
vn -0.017907 0.556574 -0.830605
vn -0.017907 0.556574 -0.830605
vn -0.017907 0.556574 -0.830605
vn -0.017907 0.556574 -0.830605
vn -0.029757 0.558802 -0.828767
vn -0.029757 0.558802 -0.828767
vn -0.029757 0.558802 -0.828767
vn -0.029757 0.558802 -0.828767
vn 0.031067 -0.558776 -0.828736
vn 0.031067 -0.558776 -0.828736
vn 0.031067 -0.558776 -0.828736
vn 0.031067 -0.558776 -0.828736
vn -0.032873 0.985955 -0.163747
vn -0.032873 0.985955 -0.163747
vn -0.032873 0.985955 -0.163747
vn -0.032873 0.985955 -0.163747
vn -0.033337 0.986043 0.163116
vn -0.033337 0.986043 0.163116
vn -0.033337 0.986043 0.163116
vn -0.033337 0.986043 0.163116
vn -0.056084 0.985150 0.162280
vn -0.056084 0.985150 0.162280
vn -0.056084 0.985150 0.162280
vn -0.056084 0.985150 0.162280
vn -0.055556 0.985153 -0.162442
vn -0.055556 0.985153 -0.162442
vn -0.055556 0.985153 -0.162442
vn -0.055556 0.985153 -0.162442
vn 0.060244 -0.570711 -0.818938
vn 0.060244 -0.570711 -0.818938
vn 0.060244 -0.570711 -0.818938
vn 0.060244 -0.570711 -0.818938
vn -0.061652 0.570494 -0.818985
vn -0.061652 0.570494 -0.818985
vn -0.061652 0.570494 -0.818985
vn -0.061652 0.570494 -0.818985
vn -0.142174 0.572050 -0.807803
vn -0.142174 0.572050 -0.807803
vn -0.142174 0.572050 -0.807803
vn -0.142174 0.572050 -0.807803
vn 0.135474 -0.575754 -0.806321
vn 0.135474 -0.575754 -0.806321
vn 0.135474 -0.575754 -0.806321
vn 0.135474 -0.575754 -0.806321
vn 0.095756 -0.983104 0.156005
vn 0.095756 -0.983104 0.156005
vn 0.095756 -0.983104 0.156005
vn 0.095756 -0.983104 0.156005
vn 0.096170 -0.982970 -0.156592
vn 0.096170 -0.982970 -0.156592
vn 0.096170 -0.982970 -0.156592
vn 0.096170 -0.982970 -0.156592
vn 0.211770 -0.965864 -0.149199
vn 0.211770 -0.965864 -0.149199
vn 0.211770 -0.965864 -0.149199
vn 0.211770 -0.965864 -0.149199
vn 0.211492 -0.966124 0.147900
vn 0.211492 -0.966124 0.147900
vn 0.211492 -0.966124 0.147900
vn 0.211492 -0.966124 0.147900
vn -0.064652 0.569566 0.819399
vn -0.064652 0.569566 0.819399
vn -0.064652 0.569566 0.819399
vn -0.064652 0.569566 0.819399
vn 0.057535 -0.571565 0.818537
vn 0.057535 -0.571565 0.818537
vn 0.057535 -0.571565 0.818537
vn 0.057535 -0.571565 0.818537
vn 0.133088 -0.577590 0.805405
vn 0.133088 -0.577590 0.805405
vn 0.133088 -0.577590 0.805405
vn 0.133088 -0.577590 0.805405
vn -0.145009 0.569945 0.808786
vn -0.145009 0.569945 0.808786
vn -0.145009 0.569945 0.808786
vn -0.145009 0.569945 0.808786
vn -0.020107 0.556903 0.830334
vn -0.020107 0.556903 0.830334
vn -0.020107 0.556903 0.830334
vn -0.020107 0.556903 0.830334
vn 0.018438 -0.556613 0.830567
vn 0.018438 -0.556613 0.830567
vn 0.018438 -0.556613 0.830567
vn 0.018438 -0.556613 0.830567
vn 0.028777 -0.558850 0.828769
vn 0.028777 -0.558850 0.828769
vn 0.028777 -0.558850 0.828769
vn 0.028777 -0.558850 0.828769
vn -0.032199 0.558721 0.828731
vn -0.032199 0.558721 0.828731
vn -0.032199 0.558721 0.828731
vn -0.032199 0.558721 0.828731
vn 0.938625 0.276504 -0.206224
vn 0.938625 0.276504 -0.206224
vn 0.938625 0.276504 -0.206224
vn 0.938625 0.276504 -0.206224
vn 0.333889 0.931177 -0.146381
vn 0.333889 0.931177 -0.146381
vn 0.333889 0.931177 -0.146381
vn 0.333889 0.931177 -0.146381
vn 0.333889 0.931177 0.146381
vn 0.333889 0.931177 0.146381
vn 0.333889 0.931177 0.146381
vn 0.333889 0.931177 0.146381
vn 0.938625 0.276503 0.206224
vn 0.938625 0.276503 0.206224
vn 0.938625 0.276503 0.206224
vn 0.938625 0.276503 0.206224
vn -0.935087 -0.288240 0.206228
vn -0.935087 -0.288240 0.206228
vn -0.935087 -0.288240 0.206228
vn -0.935087 -0.288240 0.206228
vn -0.440410 -0.883098 0.161794
vn -0.440410 -0.883098 0.161794
vn -0.440410 -0.883098 0.161794
vn -0.440410 -0.883098 0.161794
vn -0.440409 -0.883098 -0.161793
vn -0.440409 -0.883098 -0.161793
vn -0.440409 -0.883098 -0.161793
vn -0.440409 -0.883098 -0.161793
vn -0.935087 -0.288241 -0.206229
vn -0.935087 -0.288241 -0.206229
vn -0.935087 -0.288241 -0.206229
vn -0.935087 -0.288241 -0.206229
vn -0.446101 -0.135913 -0.884602
vn -0.446101 -0.135913 -0.884602
vn -0.446101 -0.135913 -0.884602
vn -0.446101 -0.135913 -0.884602
vn -0.239214 -0.517343 -0.821664
vn -0.239214 -0.517343 -0.821664
vn -0.239214 -0.517343 -0.821664
vn -0.239214 -0.517343 -0.821664
vn 0.219054 0.544170 -0.809873
vn 0.219054 0.544170 -0.809873
vn 0.219054 0.544170 -0.809873
vn 0.219054 0.544170 -0.809873
vn 0.446829 0.133525 -0.884599
vn 0.446829 0.133525 -0.884599
vn 0.446829 0.133525 -0.884599
vn 0.446829 0.133525 -0.884599
vn 0.458708 -0.021168 0.888335
vn 0.458708 -0.021168 0.888335
vn 0.458708 -0.021168 0.888335
vn 0.458708 -0.021168 0.888335
vn -0.458695 0.020747 0.888351
vn -0.458695 0.020747 0.888351
vn -0.458695 0.020747 0.888351
vn -0.458695 0.020747 0.888351
vn -0.463383 0.054013 0.884511
vn -0.463383 0.054013 0.884511
vn -0.463383 0.054013 0.884511
vn -0.463383 0.054013 0.884511
vn 0.463698 -0.048258 0.884678
vn 0.463698 -0.048258 0.884678
vn 0.463698 -0.048258 0.884678
vn 0.463698 -0.048258 0.884678
vn 0.463683 -0.048384 -0.884679
vn 0.463683 -0.048384 -0.884679
vn 0.463683 -0.048384 -0.884679
vn 0.463683 -0.048384 -0.884679
vn -0.463390 0.054132 -0.884500
vn -0.463390 0.054132 -0.884500
vn -0.463390 0.054132 -0.884500
vn -0.463390 0.054132 -0.884500
vn -0.458709 0.020732 -0.888345
vn -0.458709 0.020732 -0.888345
vn -0.458709 0.020732 -0.888345
vn -0.458709 0.020732 -0.888345
vn 0.458695 -0.021152 -0.888342
vn 0.458695 -0.021152 -0.888342
vn 0.458695 -0.021152 -0.888342
vn 0.458695 -0.021152 -0.888342
vn -0.604206 0.779544 0.165061
vn -0.604206 0.779544 0.165061
vn -0.604206 0.779544 0.165061
vn -0.604206 0.779544 0.165061
vn -0.904529 0.381756 0.189972
vn -0.904529 0.381756 0.189972
vn -0.904529 0.381756 0.189972
vn -0.904529 0.381756 0.189972
vn -0.904398 0.382189 -0.189724
vn -0.904398 0.382189 -0.189724
vn -0.904398 0.382189 -0.189724
vn -0.904398 0.382189 -0.189724
vn -0.603691 0.780117 -0.164238
vn -0.603691 0.780117 -0.164238
vn -0.603691 0.780117 -0.164238
vn -0.603691 0.780117 -0.164238
vn 0.916340 -0.351892 -0.191031
vn 0.916340 -0.351892 -0.191031
vn 0.916340 -0.351892 -0.191031
vn 0.916340 -0.351892 -0.191031
vn 0.916563 -0.351354 0.190953
vn 0.916563 -0.351354 0.190953
vn 0.916563 -0.351354 0.190953
vn 0.916563 -0.351354 0.190953
vn 0.551688 -0.818709 0.159234
vn 0.551688 -0.818709 0.159234
vn 0.551688 -0.818709 0.159234
vn 0.551688 -0.818709 0.159234
vn 0.551421 -0.818684 -0.160285
vn 0.551421 -0.818684 -0.160285
vn 0.551421 -0.818684 -0.160285
vn 0.551421 -0.818684 -0.160285
vn 0.446829 0.133525 0.884599
vn 0.446829 0.133525 0.884599
vn 0.446829 0.133525 0.884599
vn 0.446829 0.133525 0.884599
vn 0.219055 0.544171 0.809872
vn 0.219055 0.544171 0.809872
vn 0.219055 0.544171 0.809872
vn 0.219055 0.544171 0.809872
vn -0.239214 -0.517343 0.821664
vn -0.239214 -0.517343 0.821664
vn -0.239214 -0.517343 0.821664
vn -0.239214 -0.517343 0.821664
vn -0.446100 -0.135912 0.884603
vn -0.446100 -0.135912 0.884603
vn -0.446100 -0.135912 0.884603
vn -0.446100 -0.135912 0.884603
vn 0.134082 0.575949 0.806415
vn 0.134082 0.575949 0.806415
vn 0.134082 0.575949 0.806415
vn 0.134082 0.575949 0.806415
vn 0.080250 0.572530 0.815947
vn 0.080250 0.572530 0.815947
vn 0.080250 0.572530 0.815947
vn 0.080250 0.572530 0.815947
vn -0.093827 -0.563865 0.820520
vn -0.093827 -0.563865 0.820520
vn -0.093827 -0.563865 0.820520
vn -0.093827 -0.563865 0.820520
vn -0.151865 -0.559537 0.814773
vn -0.151865 -0.559537 0.814773
vn -0.151865 -0.559537 0.814773
vn -0.151865 -0.559537 0.814773
vn -0.151864 -0.559536 -0.814774
vn -0.151864 -0.559536 -0.814774
vn -0.151864 -0.559536 -0.814774
vn -0.151864 -0.559536 -0.814774
vn -0.093827 -0.563865 -0.820520
vn -0.093827 -0.563865 -0.820520
vn -0.093827 -0.563865 -0.820520
vn -0.093827 -0.563865 -0.820520
vn 0.080249 0.572528 -0.815948
vn 0.080249 0.572528 -0.815948
vn 0.080249 0.572528 -0.815948
vn 0.080249 0.572528 -0.815948
vn 0.134082 0.575949 -0.806415
vn 0.134082 0.575949 -0.806415
vn 0.134082 0.575949 -0.806415
vn 0.134082 0.575949 -0.806415
vn -0.279165 -0.947350 0.156828
vn -0.279165 -0.947350 0.156828
vn -0.279165 -0.947350 0.156828
vn -0.279165 -0.947350 0.156828
vn -0.176642 -0.971354 0.158960
vn -0.176642 -0.971354 0.158960
vn -0.176642 -0.971354 0.158960
vn -0.176642 -0.971354 0.158960
vn -0.176641 -0.971355 -0.158959
vn -0.176641 -0.971355 -0.158959
vn -0.176641 -0.971355 -0.158959
vn -0.176641 -0.971355 -0.158959
vn -0.279166 -0.947349 -0.156829
vn -0.279166 -0.947349 -0.156829
vn -0.279166 -0.947349 -0.156829
vn -0.279166 -0.947349 -0.156829
vn -0.004750 -0.558050 -0.829794
vn -0.004750 -0.558050 -0.829794
vn -0.004750 -0.558050 -0.829794
vn -0.004750 -0.558050 -0.829794
vn 0.001205 0.558583 -0.829448
vn 0.001205 0.558583 -0.829448
vn 0.001205 0.558583 -0.829448
vn 0.001205 0.558583 -0.829448
vn 0.032699 0.567963 -0.822404
vn 0.032699 0.567963 -0.822404
vn 0.032699 0.567963 -0.822404
vn 0.032699 0.567963 -0.822404
vn -0.042190 -0.564405 -0.824419
vn -0.042190 -0.564405 -0.824419
vn -0.042190 -0.564405 -0.824419
vn -0.042190 -0.564405 -0.824419
vn -0.113046 0.981163 -0.156653
vn -0.113046 0.981163 -0.156653
vn -0.113046 0.981163 -0.156653
vn -0.113046 0.981163 -0.156653
vn -0.113718 0.981006 0.157149
vn -0.113718 0.981006 0.157149
vn -0.113718 0.981006 0.157149
vn -0.113718 0.981006 0.157149
vn -0.251499 0.955833 0.152091
vn -0.251499 0.955833 0.152091
vn -0.251499 0.955833 0.152091
vn -0.251499 0.955833 0.152091
vn -0.250804 0.956193 -0.150971
vn -0.250804 0.956193 -0.150971
vn -0.250804 0.956193 -0.150971
vn -0.250804 0.956193 -0.150971
vn 0.462209 -0.039164 -0.885906
vn 0.462209 -0.039164 -0.885906
vn 0.462209 -0.039164 -0.885906
vn 0.462209 -0.039164 -0.885906
vn -0.462183 0.038189 -0.885962
vn -0.462183 0.038189 -0.885962
vn -0.462183 0.038189 -0.885962
vn -0.462183 0.038189 -0.885962
vn -0.468986 0.017154 -0.883039
vn -0.468986 0.017154 -0.883039
vn -0.468986 0.017154 -0.883039
vn -0.468986 0.017154 -0.883039
vn 0.469256 -0.019388 -0.882850
vn 0.469256 -0.019388 -0.882850
vn 0.469256 -0.019388 -0.882850
vn 0.469256 -0.019388 -0.882850
vn 0.324509 -0.458125 -0.827536
vn 0.324509 -0.458125 -0.827536
vn 0.324509 -0.458125 -0.827536
vn 0.324509 -0.458125 -0.827536
vn -0.333341 0.446478 -0.830386
vn -0.333341 0.446478 -0.830386
vn -0.333341 0.446478 -0.830386
vn -0.333341 0.446478 -0.830386
vn -0.459891 0.190256 -0.867354
vn -0.459891 0.190256 -0.867354
vn -0.459891 0.190256 -0.867354
vn -0.459891 0.190256 -0.867354
vn 0.461551 -0.183416 -0.867946
vn 0.461551 -0.183416 -0.867946
vn 0.461551 -0.183416 -0.867946
vn 0.461551 -0.183416 -0.867946
vn 0.197926 0.969235 -0.146321
vn 0.197926 0.969235 -0.146321
vn 0.197926 0.969235 -0.146321
vn 0.197926 0.969235 -0.146321
vn 0.117981 0.981175 -0.152890
vn 0.117981 0.981175 -0.152890
vn 0.117981 0.981175 -0.152890
vn 0.117981 0.981175 -0.152890
vn 0.117981 0.981175 0.152889
vn 0.117981 0.981175 0.152889
vn 0.117981 0.981175 0.152889
vn 0.117981 0.981175 0.152889
vn 0.197926 0.969235 0.146321
vn 0.197926 0.969235 0.146321
vn 0.197926 0.969235 0.146321
vn 0.197926 0.969235 0.146321
vn 0.469253 -0.019387 0.882851
vn 0.469253 -0.019387 0.882851
vn 0.469253 -0.019387 0.882851
vn 0.469253 -0.019387 0.882851
vn -0.468987 0.017155 0.883038
vn -0.468987 0.017155 0.883038
vn -0.468987 0.017155 0.883038
vn -0.468987 0.017155 0.883038
vn -0.462180 0.038195 0.885963
vn -0.462180 0.038195 0.885963
vn -0.462180 0.038195 0.885963
vn -0.462180 0.038195 0.885963
vn 0.462213 -0.039170 0.885903
vn 0.462213 -0.039170 0.885903
vn 0.462213 -0.039170 0.885903
vn 0.462213 -0.039170 0.885903
vn -0.971032 0.120983 0.206059
vn -0.971032 0.120983 0.206059
vn -0.971032 0.120983 0.206059
vn -0.971032 0.120983 0.206059
vn -0.976687 0.043576 0.210199
vn -0.976687 0.043576 0.210199
vn -0.976687 0.043576 0.210199
vn -0.976687 0.043576 0.210199
vn -0.976701 0.043562 -0.210137
vn -0.976701 0.043562 -0.210137
vn -0.976701 0.043562 -0.210137
vn -0.976701 0.043562 -0.210137
vn -0.971042 0.121085 -0.205951
vn -0.971042 0.121085 -0.205951
vn -0.971042 0.121085 -0.205951
vn -0.971042 0.121085 -0.205951
vn -0.974980 0.079227 0.207694
vn -0.974980 0.079227 0.207694
vn -0.974980 0.079227 0.207694
vn -0.974980 0.079227 0.207694
vn -0.978263 0.032783 0.204761
vn -0.978263 0.032783 0.204761
vn -0.978263 0.032783 0.204761
vn -0.978263 0.032783 0.204761
vn -0.978263 0.032783 -0.204762
vn -0.978263 0.032783 -0.204762
vn -0.978263 0.032783 -0.204762
vn -0.978263 0.032783 -0.204762
vn -0.974986 0.079222 -0.207670
vn -0.974986 0.079222 -0.207670
vn -0.974986 0.079222 -0.207670
vn -0.974986 0.079222 -0.207670
vn 0.976598 -0.045646 -0.210174
vn 0.976598 -0.045646 -0.210174
vn 0.976598 -0.045646 -0.210174
vn 0.976598 -0.045646 -0.210174
vn 0.976611 -0.045661 0.210110
vn 0.976611 -0.045661 0.210110
vn 0.976611 -0.045661 0.210110
vn 0.976611 -0.045661 0.210110
vn 0.974040 -0.092961 0.206410
vn 0.974040 -0.092961 0.206410
vn 0.974040 -0.092961 0.206410
vn 0.974040 -0.092961 0.206410
vn 0.974025 -0.093080 -0.206427
vn 0.974025 -0.093080 -0.206427
vn 0.974025 -0.093080 -0.206427
vn 0.974025 -0.093080 -0.206427
vn 0.977934 -0.043586 -0.204318
vn 0.977934 -0.043586 -0.204318
vn 0.977934 -0.043586 -0.204318
vn 0.977934 -0.043586 -0.204318
vn 0.977934 -0.043585 0.204318
vn 0.977934 -0.043585 0.204318
vn 0.977934 -0.043585 0.204318
vn 0.977934 -0.043585 0.204318
vn 0.974618 -0.083984 0.207524
vn 0.974618 -0.083984 0.207524
vn 0.974618 -0.083984 0.207524
vn 0.974618 -0.083984 0.207524
vn 0.974614 -0.083978 -0.207548
vn 0.974614 -0.083978 -0.207548
vn 0.974614 -0.083978 -0.207548
vn 0.974614 -0.083978 -0.207548
vn 0.461734 -0.182806 0.867977
vn 0.461734 -0.182806 0.867977
vn 0.461734 -0.182806 0.867977
vn 0.461734 -0.182806 0.867977
vn -0.459989 0.189681 0.867428
vn -0.459989 0.189681 0.867428
vn -0.459989 0.189681 0.867428
vn -0.459989 0.189681 0.867428
vn -0.334584 0.444400 0.831001
vn -0.334584 0.444400 0.831001
vn -0.334584 0.444400 0.831001
vn -0.334584 0.444400 0.831001
vn 0.323998 -0.459231 0.827123
vn 0.323998 -0.459231 0.827123
vn 0.323998 -0.459231 0.827123
vn 0.323998 -0.459231 0.827123
vn -0.847459 -0.507624 -0.155344
vn -0.847459 -0.507624 -0.155344
vn -0.847459 -0.507624 -0.155344
vn -0.847459 -0.507624 -0.155344
vn -0.814377 0.489108 -0.312352
vn -0.814377 0.489108 -0.312352
vn -0.814377 0.489108 -0.312352
vn -0.814377 0.489108 -0.312352
vn -0.755364 0.492440 -0.432353
vn -0.755364 0.492440 -0.432353
vn -0.755364 0.492440 -0.432353
vn -0.755364 0.492440 -0.432353
vn -0.878863 -0.475310 -0.040988
vn -0.878863 -0.475310 -0.040988
vn -0.878863 -0.475310 -0.040988
vn -0.878863 -0.475310 -0.040988
vn -0.129814 0.962400 -0.238610
vn -0.129814 0.962400 -0.238610
vn -0.129814 0.962400 -0.238610
vn -0.129814 0.962400 -0.238610
vn 0.232978 0.962400 -0.139670
vn 0.232978 0.962400 -0.139670
vn 0.232978 0.962400 -0.139670
vn 0.232978 0.962400 -0.139670
vn 0.285817 0.889352 -0.356877
vn 0.285817 0.889352 -0.356877
vn 0.285817 0.889352 -0.356877
vn 0.285817 0.889352 -0.356877
vn -0.065067 0.889352 -0.452569
vn -0.065067 0.889352 -0.452569
vn -0.065067 0.889352 -0.452569
vn -0.065067 0.889352 -0.452569
vn 0.860198 0.489108 0.144332
vn 0.860198 0.489108 0.144332
vn 0.860198 0.489108 0.144332
vn 0.860198 0.489108 0.144332
vn 0.808991 -0.507624 0.296397
vn 0.808991 -0.507624 0.296397
vn 0.808991 -0.507624 0.296397
vn 0.808991 -0.507624 0.296397
vn 0.777992 -0.475310 0.410864
vn 0.777992 -0.475310 0.410864
vn 0.777992 -0.475310 0.410864
vn 0.777992 -0.475310 0.410864
vn 0.870277 0.492440 0.010986
vn 0.870277 0.492440 0.010986
vn 0.870277 0.492440 0.010986
vn 0.870277 0.492440 0.010986
vn 0.153459 -0.979212 0.132640
vn 0.153459 -0.979212 0.132640
vn 0.153459 -0.979212 0.132640
vn 0.153459 -0.979212 0.132640
vn -0.199550 -0.979213 0.036369
vn -0.199550 -0.979213 0.036369
vn -0.199550 -0.979213 0.036369
vn -0.199550 -0.979213 0.036369
vn -0.249131 -0.930745 0.267671
vn -0.249131 -0.930745 0.267671
vn -0.249131 -0.930745 0.267671
vn -0.249131 -0.930745 0.267671
vn 0.078748 -0.930745 0.357088
vn 0.078748 -0.930745 0.357088
vn 0.078748 -0.930745 0.357088
vn 0.078748 -0.930745 0.357088
vn 0.049770 0.408314 -0.911484
vn 0.049770 0.408314 -0.911484
vn 0.049770 0.408314 -0.911484
vn 0.049770 0.408314 -0.911484
vn 0.419858 0.408313 -0.810555
vn 0.419858 0.408313 -0.810555
vn 0.419858 0.408313 -0.810555
vn 0.419858 0.408313 -0.810555
vn 0.444020 0.097193 -0.890730
vn 0.444020 0.097193 -0.890730
vn 0.444020 0.097193 -0.890730
vn 0.444020 0.097193 -0.890730
vn 0.069657 0.097193 -0.992825
vn 0.069657 0.097193 -0.992825
vn 0.069657 0.097193 -0.992825
vn 0.069657 0.097193 -0.992825
vn 0.948667 0.212921 -0.233871
vn 0.948667 0.212921 -0.233871
vn 0.948667 0.212921 -0.233871
vn 0.948667 0.212921 -0.233871
vn 0.729700 -0.192282 0.656175
vn 0.729700 -0.192282 0.656175
vn 0.729700 -0.192282 0.656175
vn 0.729700 -0.192282 0.656175
vn 0.715904 -0.031846 0.697472
vn 0.715904 -0.031846 0.697472
vn 0.715904 -0.031846 0.697472
vn 0.715904 -0.031846 0.697472
vn 0.965658 0.042563 -0.256307
vn 0.965658 0.042563 -0.256307
vn 0.965658 0.042563 -0.256307
vn 0.965658 0.042563 -0.256307
vn -0.060931 -0.374143 0.925367
vn -0.060931 -0.374143 0.925367
vn -0.060931 -0.374143 0.925367
vn -0.060931 -0.374143 0.925367
vn -0.417290 -0.374143 0.828182
vn -0.417290 -0.374143 0.828182
vn -0.417290 -0.374143 0.828182
vn -0.417290 -0.374143 0.828182
vn -0.440212 -0.032139 0.897319
vn -0.440212 -0.032139 0.897319
vn -0.440212 -0.032139 0.897319
vn -0.440212 -0.032139 0.897319
vn -0.076283 -0.032139 0.996568
vn -0.076283 -0.032139 0.996568
vn -0.076283 -0.032139 0.996568
vn -0.076283 -0.032139 0.996568
vn -0.062568 -0.081899 0.994675
vn -0.062568 -0.081899 0.994675
vn -0.062568 -0.081899 0.994675
vn -0.062568 -0.081899 0.994675
vn -0.451067 -0.081899 0.888725
vn -0.451067 -0.081899 0.888725
vn -0.451067 -0.081899 0.888725
vn -0.451067 -0.081899 0.888725
vn -0.432819 -0.305376 0.848182
vn -0.432819 -0.305376 0.848182
vn -0.432819 -0.305376 0.848182
vn -0.432819 -0.305376 0.848182
vn -0.057706 -0.305376 0.950482
vn -0.057706 -0.305376 0.950482
vn -0.057706 -0.305376 0.950482
vn -0.057706 -0.305376 0.950482
vn -0.972651 -0.044389 0.227991
vn -0.972651 -0.044389 0.227991
vn -0.972651 -0.044389 0.227991
vn -0.972651 -0.044389 0.227991
vn -0.725335 0.046047 -0.686854
vn -0.725335 0.046047 -0.686854
vn -0.725335 0.046047 -0.686854
vn -0.725335 0.046047 -0.686854
vn -0.722128 0.142971 -0.676823
vn -0.722128 0.142971 -0.676823
vn -0.722128 0.142971 -0.676823
vn -0.722128 0.142971 -0.676823
vn -0.962649 -0.149625 0.225651
vn -0.962649 -0.149625 0.225651
vn -0.962649 -0.149625 0.225651
vn -0.962649 -0.149625 0.225651
vn 0.062763 0.097314 -0.993273
vn 0.062763 0.097314 -0.993273
vn 0.062763 0.097314 -0.993273
vn 0.062763 0.097314 -0.993273
vn 0.450186 0.097314 -0.887616
vn 0.450186 0.097314 -0.887616
vn 0.450186 0.097314 -0.887616
vn 0.450186 0.097314 -0.887616
vn 0.434288 0.282622 -0.855289
vn 0.434288 0.282622 -0.855289
vn 0.434288 0.282622 -0.855289
vn 0.434288 0.282622 -0.855289
vn 0.060049 0.282622 -0.957350
vn 0.060049 0.282622 -0.957350
vn 0.060049 0.282622 -0.957350
vn 0.060049 0.282622 -0.957350
vn -0.961796 -0.192282 0.194876
vn -0.961796 -0.192282 0.194876
vn -0.961796 -0.192282 0.194876
vn -0.961796 -0.192282 0.194876
vn -0.698591 0.212921 -0.683107
vn -0.698591 0.212921 -0.683107
vn -0.698591 0.212921 -0.683107
vn -0.698591 0.212921 -0.683107
vn -0.701840 0.042562 -0.711062
vn -0.701840 0.042562 -0.711062
vn -0.701840 0.042562 -0.711062
vn -0.701840 0.042562 -0.711062
vn -0.970875 -0.031846 0.237460
vn -0.970875 -0.031846 0.237460
vn -0.970875 -0.031846 0.237460
vn -0.970875 -0.031846 0.237460
vn 0.077838 0.400638 -0.912924
vn 0.077838 0.400638 -0.912924
vn 0.077838 0.400638 -0.912924
vn 0.077838 0.400638 -0.912924
vn 0.396407 0.400639 -0.826045
vn 0.396407 0.400639 -0.826045
vn 0.396407 0.400639 -0.826045
vn 0.396407 0.400639 -0.826045
vn 0.376891 0.313723 -0.871511
vn 0.376891 0.313723 -0.871511
vn 0.376891 0.313723 -0.871511
vn 0.376891 0.313723 -0.871511
vn 0.117734 0.313723 -0.942187
vn 0.117734 0.313723 -0.942187
vn 0.117734 0.313723 -0.942187
vn 0.117734 0.313723 -0.942187
vn 0.930938 0.236377 -0.278351
vn 0.930938 0.236377 -0.278351
vn 0.930938 0.236377 -0.278351
vn 0.930938 0.236377 -0.278351
vn 0.670985 -0.241114 0.701173
vn 0.670985 -0.241114 0.701173
vn 0.670985 -0.241114 0.701173
vn 0.670985 -0.241114 0.701173
vn 0.591067 -0.229166 0.773384
vn 0.591067 -0.229166 0.773384
vn 0.591067 -0.229166 0.773384
vn 0.591067 -0.229166 0.773384
vn 0.879886 0.225603 -0.418215
vn 0.879886 0.225603 -0.418215
vn 0.879886 0.225603 -0.418215
vn 0.879886 0.225603 -0.418215
vn -0.078853 -0.445268 0.891918
vn -0.078853 -0.445268 0.891918
vn -0.078853 -0.445268 0.891918
vn -0.078853 -0.445268 0.891918
vn -0.384869 -0.445268 0.808463
vn -0.384869 -0.445268 0.808463
vn -0.384869 -0.445268 0.808463
vn -0.384869 -0.445268 0.808463
vn -0.356575 -0.381935 0.852631
vn -0.356575 -0.381935 0.852631
vn -0.356575 -0.381935 0.852631
vn -0.356575 -0.381935 0.852631
vn -0.125652 -0.381935 0.915608
vn -0.125652 -0.381935 0.915608
vn -0.125652 -0.381935 0.915608
vn -0.125652 -0.381935 0.915608
vn 0.973610 0.046047 -0.223524
vn 0.973610 0.046047 -0.223524
vn 0.973610 0.046047 -0.223524
vn 0.973610 0.046047 -0.223524
vn 0.722241 -0.044390 0.690216
vn 0.722241 -0.044390 0.690216
vn 0.722241 -0.044390 0.690216
vn 0.722241 -0.044390 0.690216
vn 0.714812 -0.149625 0.683122
vn 0.714812 -0.149625 0.683122
vn 0.714812 -0.149625 0.683122
vn 0.714812 -0.149625 0.683122
vn 0.965755 0.142971 -0.216508
vn 0.965755 0.142971 -0.216508
vn 0.965755 0.142971 -0.216508
vn 0.965755 0.142971 -0.216508
vn 0.062876 -0.452103 -0.889747
vn 0.062876 -0.452103 -0.889747
vn 0.062876 -0.452103 -0.889747
vn 0.062876 -0.452103 -0.889747
vn 0.397532 -0.452103 -0.798481
vn 0.397532 -0.452103 -0.798481
vn 0.397532 -0.452103 -0.798481
vn 0.397532 -0.452103 -0.798481
vn 0.225076 -0.963886 -0.142353
vn 0.225076 -0.963886 -0.142353
vn 0.225076 -0.963886 -0.142353
vn 0.225076 -0.963886 -0.142353
vn -0.121645 -0.963886 -0.236910
vn -0.121645 -0.963886 -0.236910
vn -0.121645 -0.963886 -0.236910
vn -0.121645 -0.963886 -0.236910
vn 0.923076 -0.257314 -0.285869
vn 0.923076 -0.257314 -0.285869
vn 0.923076 -0.257314 -0.285869
vn 0.923076 -0.257314 -0.285869
vn 0.702407 0.214919 0.678553
vn 0.702407 0.214919 0.678553
vn 0.702407 0.214919 0.678553
vn 0.702407 0.214919 0.678553
vn 0.810421 0.499412 0.306275
vn 0.810421 0.499412 0.306275
vn 0.810421 0.499412 0.306275
vn 0.810421 0.499412 0.306275
vn 0.829957 -0.544466 0.121360
vn 0.829957 -0.544466 0.121360
vn 0.829957 -0.544466 0.121360
vn 0.829957 -0.544466 0.121360
vn -0.083877 0.392718 0.915826
vn -0.083877 0.392718 0.915826
vn -0.083877 0.392718 0.915826
vn -0.083877 0.392718 0.915826
vn -0.392677 0.392717 0.831611
vn -0.392677 0.392717 0.831611
vn -0.392677 0.392717 0.831611
vn -0.392677 0.392717 0.831611
vn -0.196873 0.977225 0.079195
vn -0.196873 0.977225 0.079195
vn -0.196873 0.977225 0.079195
vn -0.196873 0.977225 0.079195
vn 0.129410 0.977225 0.168178
vn 0.129410 0.977225 0.168178
vn 0.129410 0.977225 0.168178
vn 0.129410 0.977225 0.168178
vn -0.934054 -0.241114 0.263452
vn -0.934054 -0.241114 0.263452
vn -0.934054 -0.241114 0.263452
vn -0.934054 -0.241114 0.263452
vn -0.660737 0.236377 -0.712427
vn -0.660737 0.236377 -0.712427
vn -0.660737 0.236377 -0.712427
vn -0.660737 0.236377 -0.712427
vn -0.545747 0.225603 -0.807009
vn -0.545747 0.225603 -0.807009
vn -0.545747 0.225603 -0.807009
vn -0.545747 0.225603 -0.807009
vn -0.901861 -0.229166 0.366236
vn -0.901861 -0.229166 0.366236
vn -0.901861 -0.229166 0.366236
vn -0.901861 -0.229166 0.366236
vn 0.224849 0.961146 -0.160132
vn 0.224849 0.961146 -0.160132
vn 0.224849 0.961146 -0.160132
vn 0.224849 0.961146 -0.160132
vn -0.112423 0.961146 -0.252111
vn -0.112423 0.961146 -0.252111
vn -0.112423 0.961146 -0.252111
vn -0.112423 0.961146 -0.252111
vn -0.048213 0.844494 -0.533391
vn -0.048213 0.844494 -0.533391
vn -0.048213 0.844494 -0.533391
vn -0.048213 0.844494 -0.533391
vn 0.312326 0.844493 -0.435067
vn 0.312326 0.844493 -0.435067
vn 0.312326 0.844493 -0.435067
vn 0.312326 0.844493 -0.435067
vn -0.808301 0.501663 -0.308193
vn -0.808301 0.501663 -0.308193
vn -0.808301 0.501663 -0.308193
vn -0.808301 0.501663 -0.308193
vn -0.837571 -0.524354 -0.153389
vn -0.837571 -0.524354 -0.153389
vn -0.837571 -0.524354 -0.153389
vn -0.837571 -0.524354 -0.153389
vn -0.891084 -0.451699 -0.044007
vn -0.891084 -0.451699 -0.044007
vn -0.891084 -0.451699 -0.044007
vn -0.891084 -0.451699 -0.044007
vn -0.779787 0.446001 -0.439335
vn -0.779787 0.446001 -0.439335
vn -0.779787 0.446001 -0.439335
vn -0.779787 0.446001 -0.439335
vn -0.205854 -0.976887 0.057591
vn -0.205854 -0.976887 0.057591
vn -0.205854 -0.976887 0.057591
vn -0.205854 -0.976887 0.057591
vn 0.148116 -0.976887 0.154125
vn 0.148116 -0.976887 0.154125
vn 0.148116 -0.976887 0.154125
vn 0.148116 -0.976887 0.154125
vn 0.096132 -0.917534 0.385863
vn 0.096132 -0.917534 0.385863
vn 0.096132 -0.917534 0.385863
vn 0.096132 -0.917534 0.385863
vn -0.278715 -0.917534 0.283637
vn -0.278715 -0.917534 0.283637
vn -0.278715 -0.917534 0.283637
vn -0.278715 -0.917534 0.283637
vn -0.949643 0.214918 0.228011
vn -0.949643 0.214918 0.228011
vn -0.949643 0.214918 0.228011
vn -0.949643 0.214918 0.228011
vn -0.650146 -0.257315 -0.714912
vn -0.650146 -0.257315 -0.714912
vn -0.650146 -0.257315 -0.714912
vn -0.650146 -0.257315 -0.714912
vn -0.776660 -0.544466 -0.316791
vn -0.776660 -0.544466 -0.316791
vn -0.776660 -0.544466 -0.316791
vn -0.776660 -0.544466 -0.316791
vn -0.853706 0.499412 -0.147558
vn -0.853706 0.499412 -0.147558
vn -0.853706 0.499412 -0.147558
vn -0.853706 0.499412 -0.147558
vn 0.799480 -0.524354 0.293062
vn 0.799480 -0.524354 0.293062
vn 0.799480 -0.524354 0.293062
vn 0.799480 -0.524354 0.293062
vn 0.852853 0.501662 0.144832
vn 0.852853 0.501662 0.144832
vn 0.852853 0.501662 0.144832
vn 0.852853 0.501662 0.144832
vn 0.894864 0.446001 0.017370
vn 0.894864 0.446001 0.017370
vn 0.894864 0.446001 0.017370
vn 0.894864 0.446001 0.017370
vn 0.790054 -0.451699 0.414467
vn 0.790054 -0.451699 0.414467
vn 0.790054 -0.451699 0.414467
vn 0.790054 -0.451699 0.414467
vn 0.847459 -0.507624 -0.155344
vn 0.847459 -0.507624 -0.155344
vn 0.847459 -0.507624 -0.155344
vn 0.847459 -0.507624 -0.155344
vn 0.814377 0.489108 -0.312352
vn 0.814377 0.489108 -0.312352
vn 0.814377 0.489108 -0.312352
vn 0.814377 0.489108 -0.312352
vn 0.755364 0.492440 -0.432353
vn 0.755364 0.492440 -0.432353
vn 0.755364 0.492440 -0.432353
vn 0.755364 0.492440 -0.432353
vn 0.878863 -0.475310 -0.040988
vn 0.878863 -0.475310 -0.040988
vn 0.878863 -0.475310 -0.040988
vn 0.878863 -0.475310 -0.040988
vn 0.129814 0.962400 -0.238610
vn 0.129814 0.962400 -0.238610
vn 0.129814 0.962400 -0.238610
vn 0.129814 0.962400 -0.238610
vn -0.232978 0.962400 -0.139670
vn -0.232978 0.962400 -0.139670
vn -0.232978 0.962400 -0.139670
vn -0.232978 0.962400 -0.139670
vn -0.285817 0.889352 -0.356877
vn -0.285817 0.889352 -0.356877
vn -0.285817 0.889352 -0.356877
vn -0.285817 0.889352 -0.356877
vn 0.065067 0.889352 -0.452569
vn 0.065067 0.889352 -0.452569
vn 0.065067 0.889352 -0.452569
vn 0.065067 0.889352 -0.452569
vn -0.860198 0.489108 0.144332
vn -0.860198 0.489108 0.144332
vn -0.860198 0.489108 0.144332
vn -0.860198 0.489108 0.144332
vn -0.808991 -0.507624 0.296397
vn -0.808991 -0.507624 0.296397
vn -0.808991 -0.507624 0.296397
vn -0.808991 -0.507624 0.296397
vn -0.777992 -0.475310 0.410864
vn -0.777992 -0.475310 0.410864
vn -0.777992 -0.475310 0.410864
vn -0.777992 -0.475310 0.410864
vn -0.870277 0.492440 0.010986
vn -0.870277 0.492440 0.010986
vn -0.870277 0.492440 0.010986
vn -0.870277 0.492440 0.010986
vn -0.153458 -0.979213 0.132640
vn -0.153458 -0.979213 0.132640
vn -0.153458 -0.979213 0.132640
vn -0.153458 -0.979213 0.132640
vn 0.199550 -0.979212 0.036369
vn 0.199550 -0.979212 0.036369
vn 0.199550 -0.979212 0.036369
vn 0.199550 -0.979212 0.036369
vn 0.249131 -0.930745 0.267671
vn 0.249131 -0.930745 0.267671
vn 0.249131 -0.930745 0.267671
vn 0.249131 -0.930745 0.267671
vn -0.078748 -0.930745 0.357088
vn -0.078748 -0.930745 0.357088
vn -0.078748 -0.930745 0.357088
vn -0.078748 -0.930745 0.357088
vn -0.049770 0.408314 -0.911484
vn -0.049770 0.408314 -0.911484
vn -0.049770 0.408314 -0.911484
vn -0.049770 0.408314 -0.911484
vn -0.419858 0.408313 -0.810555
vn -0.419858 0.408313 -0.810555
vn -0.419858 0.408313 -0.810555
vn -0.419858 0.408313 -0.810555
vn -0.444020 0.097193 -0.890730
vn -0.444020 0.097193 -0.890730
vn -0.444020 0.097193 -0.890730
vn -0.444020 0.097193 -0.890730
vn -0.069657 0.097193 -0.992825
vn -0.069657 0.097193 -0.992825
vn -0.069657 0.097193 -0.992825
vn -0.069657 0.097193 -0.992825
vn -0.948667 0.212921 -0.233871
vn -0.948667 0.212921 -0.233871
vn -0.948667 0.212921 -0.233871
vn -0.948667 0.212921 -0.233871
vn -0.729700 -0.192282 0.656175
vn -0.729700 -0.192282 0.656175
vn -0.729700 -0.192282 0.656175
vn -0.729700 -0.192282 0.656175
vn -0.715904 -0.031846 0.697472
vn -0.715904 -0.031846 0.697472
vn -0.715904 -0.031846 0.697472
vn -0.715904 -0.031846 0.697472
vn -0.965658 0.042563 -0.256307
vn -0.965658 0.042563 -0.256307
vn -0.965658 0.042563 -0.256307
vn -0.965658 0.042563 -0.256307
vn 0.060931 -0.374143 0.925367
vn 0.060931 -0.374143 0.925367
vn 0.060931 -0.374143 0.925367
vn 0.060931 -0.374143 0.925367
vn 0.417290 -0.374143 0.828182
vn 0.417290 -0.374143 0.828182
vn 0.417290 -0.374143 0.828182
vn 0.417290 -0.374143 0.828182
vn 0.440212 -0.032139 0.897319
vn 0.440212 -0.032139 0.897319
vn 0.440212 -0.032139 0.897319
vn 0.440212 -0.032139 0.897319
vn 0.076283 -0.032139 0.996568
vn 0.076283 -0.032139 0.996568
vn 0.076283 -0.032139 0.996568
vn 0.076283 -0.032139 0.996568
vn 0.062568 -0.081899 0.994675
vn 0.062568 -0.081899 0.994675
vn 0.062568 -0.081899 0.994675
vn 0.062568 -0.081899 0.994675
vn 0.451067 -0.081898 0.888725
vn 0.451067 -0.081898 0.888725
vn 0.451067 -0.081898 0.888725
vn 0.451067 -0.081898 0.888725
vn 0.432819 -0.305376 0.848182
vn 0.432819 -0.305376 0.848182
vn 0.432819 -0.305376 0.848182
vn 0.432819 -0.305376 0.848182
vn 0.057706 -0.305376 0.950482
vn 0.057706 -0.305376 0.950482
vn 0.057706 -0.305376 0.950482
vn 0.057706 -0.305376 0.950482
vn 0.972651 -0.044389 0.227991
vn 0.972651 -0.044389 0.227991
vn 0.972651 -0.044389 0.227991
vn 0.972651 -0.044389 0.227991
vn 0.725335 0.046047 -0.686854
vn 0.725335 0.046047 -0.686854
vn 0.725335 0.046047 -0.686854
vn 0.725335 0.046047 -0.686854
vn 0.722129 0.142971 -0.676823
vn 0.722129 0.142971 -0.676823
vn 0.722129 0.142971 -0.676823
vn 0.722129 0.142971 -0.676823
vn 0.962649 -0.149625 0.225651
vn 0.962649 -0.149625 0.225651
vn 0.962649 -0.149625 0.225651
vn 0.962649 -0.149625 0.225651
vn -0.062763 0.097314 -0.993273
vn -0.062763 0.097314 -0.993273
vn -0.062763 0.097314 -0.993273
vn -0.062763 0.097314 -0.993273
vn -0.450186 0.097314 -0.887616
vn -0.450186 0.097314 -0.887616
vn -0.450186 0.097314 -0.887616
vn -0.450186 0.097314 -0.887616
vn -0.434288 0.282622 -0.855289
vn -0.434288 0.282622 -0.855289
vn -0.434288 0.282622 -0.855289
vn -0.434288 0.282622 -0.855289
vn -0.060049 0.282622 -0.957350
vn -0.060049 0.282622 -0.957350
vn -0.060049 0.282622 -0.957350
vn -0.060049 0.282622 -0.957350
vn 0.961796 -0.192282 0.194876
vn 0.961796 -0.192282 0.194876
vn 0.961796 -0.192282 0.194876
vn 0.961796 -0.192282 0.194876
vn 0.698591 0.212921 -0.683107
vn 0.698591 0.212921 -0.683107
vn 0.698591 0.212921 -0.683107
vn 0.698591 0.212921 -0.683107
vn 0.701840 0.042562 -0.711062
vn 0.701840 0.042562 -0.711062
vn 0.701840 0.042562 -0.711062
vn 0.701840 0.042562 -0.711062
vn 0.970875 -0.031846 0.237460
vn 0.970875 -0.031846 0.237460
vn 0.970875 -0.031846 0.237460
vn 0.970875 -0.031846 0.237460
vn -0.077838 0.400638 -0.912924
vn -0.077838 0.400638 -0.912924
vn -0.077838 0.400638 -0.912924
vn -0.077838 0.400638 -0.912924
vn -0.396407 0.400639 -0.826045
vn -0.396407 0.400639 -0.826045
vn -0.396407 0.400639 -0.826045
vn -0.396407 0.400639 -0.826045
vn -0.376891 0.313723 -0.871511
vn -0.376891 0.313723 -0.871511
vn -0.376891 0.313723 -0.871511
vn -0.376891 0.313723 -0.871511
vn -0.117734 0.313723 -0.942187
vn -0.117734 0.313723 -0.942187
vn -0.117734 0.313723 -0.942187
vn -0.117734 0.313723 -0.942187
vn -0.930939 0.236377 -0.278351
vn -0.930939 0.236377 -0.278351
vn -0.930939 0.236377 -0.278351
vn -0.930939 0.236377 -0.278351
vn -0.670985 -0.241114 0.701173
vn -0.670985 -0.241114 0.701173
vn -0.670985 -0.241114 0.701173
vn -0.670985 -0.241114 0.701173
vn -0.591067 -0.229166 0.773384
vn -0.591067 -0.229166 0.773384
vn -0.591067 -0.229166 0.773384
vn -0.591067 -0.229166 0.773384
vn -0.879886 0.225603 -0.418215
vn -0.879886 0.225603 -0.418215
vn -0.879886 0.225603 -0.418215
vn -0.879886 0.225603 -0.418215
vn 0.078853 -0.445268 0.891919
vn 0.078853 -0.445268 0.891919
vn 0.078853 -0.445268 0.891919
vn 0.078853 -0.445268 0.891919
vn 0.384869 -0.445268 0.808463
vn 0.384869 -0.445268 0.808463
vn 0.384869 -0.445268 0.808463
vn 0.384869 -0.445268 0.808463
vn 0.356575 -0.381935 0.852631
vn 0.356575 -0.381935 0.852631
vn 0.356575 -0.381935 0.852631
vn 0.356575 -0.381935 0.852631
vn 0.125652 -0.381935 0.915607
vn 0.125652 -0.381935 0.915607
vn 0.125652 -0.381935 0.915607
vn 0.125652 -0.381935 0.915607
vn -0.973610 0.046047 -0.223524
vn -0.973610 0.046047 -0.223524
vn -0.973610 0.046047 -0.223524
vn -0.973610 0.046047 -0.223524
vn -0.722241 -0.044390 0.690216
vn -0.722241 -0.044390 0.690216
vn -0.722241 -0.044390 0.690216
vn -0.722241 -0.044390 0.690216
vn -0.714812 -0.149625 0.683122
vn -0.714812 -0.149625 0.683122
vn -0.714812 -0.149625 0.683122
vn -0.714812 -0.149625 0.683122
vn -0.965755 0.142971 -0.216508
vn -0.965755 0.142971 -0.216508
vn -0.965755 0.142971 -0.216508
vn -0.965755 0.142971 -0.216508
vn -0.062876 -0.452103 -0.889747
vn -0.062876 -0.452103 -0.889747
vn -0.062876 -0.452103 -0.889747
vn -0.062876 -0.452103 -0.889747
vn -0.397532 -0.452103 -0.798481
vn -0.397532 -0.452103 -0.798481
vn -0.397532 -0.452103 -0.798481
vn -0.397532 -0.452103 -0.798481
vn -0.225076 -0.963886 -0.142353
vn -0.225076 -0.963886 -0.142353
vn -0.225076 -0.963886 -0.142353
vn -0.225076 -0.963886 -0.142353
vn 0.121645 -0.963886 -0.236910
vn 0.121645 -0.963886 -0.236910
vn 0.121645 -0.963886 -0.236910
vn 0.121645 -0.963886 -0.236910
vn -0.923075 -0.257314 -0.285870
vn -0.923075 -0.257314 -0.285870
vn -0.923075 -0.257314 -0.285870
vn -0.923075 -0.257314 -0.285870
vn -0.702406 0.214919 0.678554
vn -0.702406 0.214919 0.678554
vn -0.702406 0.214919 0.678554
vn -0.702406 0.214919 0.678554
vn -0.810421 0.499412 0.306275
vn -0.810421 0.499412 0.306275
vn -0.810421 0.499412 0.306275
vn -0.810421 0.499412 0.306275
vn -0.829957 -0.544466 0.121360
vn -0.829957 -0.544466 0.121360
vn -0.829957 -0.544466 0.121360
vn -0.829957 -0.544466 0.121360
vn 0.083877 0.392718 0.915826
vn 0.083877 0.392718 0.915826
vn 0.083877 0.392718 0.915826
vn 0.083877 0.392718 0.915826
vn 0.392677 0.392717 0.831611
vn 0.392677 0.392717 0.831611
vn 0.392677 0.392717 0.831611
vn 0.392677 0.392717 0.831611
vn 0.196873 0.977225 0.079195
vn 0.196873 0.977225 0.079195
vn 0.196873 0.977225 0.079195
vn 0.196873 0.977225 0.079195
vn -0.129410 0.977225 0.168178
vn -0.129410 0.977225 0.168178
vn -0.129410 0.977225 0.168178
vn -0.129410 0.977225 0.168178
vn 0.934054 -0.241114 0.263453
vn 0.934054 -0.241114 0.263453
vn 0.934054 -0.241114 0.263453
vn 0.934054 -0.241114 0.263453
vn 0.660737 0.236377 -0.712427
vn 0.660737 0.236377 -0.712427
vn 0.660737 0.236377 -0.712427
vn 0.660737 0.236377 -0.712427
vn 0.545747 0.225603 -0.807009
vn 0.545747 0.225603 -0.807009
vn 0.545747 0.225603 -0.807009
vn 0.545747 0.225603 -0.807009
vn 0.901861 -0.229166 0.366237
vn 0.901861 -0.229166 0.366237
vn 0.901861 -0.229166 0.366237
vn 0.901861 -0.229166 0.366237
vn -0.224849 0.961146 -0.160131
vn -0.224849 0.961146 -0.160131
vn -0.224849 0.961146 -0.160131
vn -0.224849 0.961146 -0.160131
vn 0.112423 0.961146 -0.252111
vn 0.112423 0.961146 -0.252111
vn 0.112423 0.961146 -0.252111
vn 0.112423 0.961146 -0.252111
vn 0.048213 0.844494 -0.533391
vn 0.048213 0.844494 -0.533391
vn 0.048213 0.844494 -0.533391
vn 0.048213 0.844494 -0.533391
vn -0.312326 0.844493 -0.435067
vn -0.312326 0.844493 -0.435067
vn -0.312326 0.844493 -0.435067
vn -0.312326 0.844493 -0.435067
vn 0.808301 0.501663 -0.308193
vn 0.808301 0.501663 -0.308193
vn 0.808301 0.501663 -0.308193
vn 0.808301 0.501663 -0.308193
vn 0.837571 -0.524354 -0.153389
vn 0.837571 -0.524354 -0.153389
vn 0.837571 -0.524354 -0.153389
vn 0.837571 -0.524354 -0.153389
vn 0.891084 -0.451699 -0.044007
vn 0.891084 -0.451699 -0.044007
vn 0.891084 -0.451699 -0.044007
vn 0.891084 -0.451699 -0.044007
vn 0.779786 0.446002 -0.439335
vn 0.779786 0.446002 -0.439335
vn 0.779786 0.446002 -0.439335
vn 0.779786 0.446002 -0.439335
vn 0.205854 -0.976886 0.057591
vn 0.205854 -0.976886 0.057591
vn 0.205854 -0.976886 0.057591
vn 0.205854 -0.976886 0.057591
vn -0.148116 -0.976887 0.154125
vn -0.148116 -0.976887 0.154125
vn -0.148116 -0.976887 0.154125
vn -0.148116 -0.976887 0.154125
vn -0.096133 -0.917534 0.385863
vn -0.096133 -0.917534 0.385863
vn -0.096133 -0.917534 0.385863
vn -0.096133 -0.917534 0.385863
vn 0.278716 -0.917534 0.283637
vn 0.278716 -0.917534 0.283637
vn 0.278716 -0.917534 0.283637
vn 0.278716 -0.917534 0.283637
vn 0.949643 0.214918 0.228011
vn 0.949643 0.214918 0.228011
vn 0.949643 0.214918 0.228011
vn 0.949643 0.214918 0.228011
vn 0.650146 -0.257314 -0.714912
vn 0.650146 -0.257314 -0.714912
vn 0.650146 -0.257314 -0.714912
vn 0.650146 -0.257314 -0.714912
vn 0.776660 -0.544466 -0.316791
vn 0.776660 -0.544466 -0.316791
vn 0.776660 -0.544466 -0.316791
vn 0.776660 -0.544466 -0.316791
vn 0.853706 0.499413 -0.147558
vn 0.853706 0.499413 -0.147558
vn 0.853706 0.499413 -0.147558
vn 0.853706 0.499413 -0.147558
vn -0.799480 -0.524353 0.293062
vn -0.799480 -0.524353 0.293062
vn -0.799480 -0.524353 0.293062
vn -0.799480 -0.524353 0.293062
vn -0.852853 0.501662 0.144832
vn -0.852853 0.501662 0.144832
vn -0.852853 0.501662 0.144832
vn -0.852853 0.501662 0.144832
vn -0.894864 0.446001 0.017370
vn -0.894864 0.446001 0.017370
vn -0.894864 0.446001 0.017370
vn -0.894864 0.446001 0.017370
vn -0.790054 -0.451699 0.414467
vn -0.790054 -0.451699 0.414467
vn -0.790054 -0.451699 0.414467
vn -0.790054 -0.451699 0.414467
usemtl backpack_DarkBrown
f 1//1 2//2 3//3
f 2//2 1//1 4//4
f 5//5 6//6 7//7
f 7//7 8//8 5//5
f 9//9 10//10 11//11
f 10//10 9//9 12//12
f 13//13 14//14 15//15
f 14//14 13//13 16//16
f 17//17 18//18 19//19
f 20//20 19//19 18//18
f 21//21 22//22 23//23
f 22//22 21//21 24//24
f 25//25 26//26 27//27
f 26//26 25//25 28//28
f 29//29 30//30 31//31
f 30//30 29//29 32//32
f 33//33 34//34 35//35
f 36//36 34//34 33//33
f 37//37 38//38 39//39
f 38//38 37//37 40//40
f 41//41 42//42 43//43
f 42//42 41//41 44//44
f 45//45 46//46 47//47
f 46//46 45//45 48//48
f 49//49 50//50 51//51
f 50//50 49//49 52//52
f 53//53 54//54 55//55
f 55//55 56//56 53//53
f 57//57 58//58 59//59
f 60//60 58//58 57//57
f 61//61 62//62 63//63
f 62//62 61//61 64//64
f 65//65 66//66 67//67
f 66//66 65//65 68//68
f 69//69 70//70 71//71
f 70//70 69//69 72//72
f 73//73 74//74 75//75
f 74//74 73//73 76//76
f 77//77 78//78 79//79
f 78//78 77//77 80//80
f 81//81 82//82 83//83
f 82//82 81//81 84//84
f 85//85 86//86 87//87
f 88//88 85//85 87//87
f 89//89 90//90 91//91
f 92//92 91//91 90//90
f 93//93 94//94 95//95
f 94//94 93//93 96//96
f 97//97 98//98 99//99
f 100//100 98//98 97//97
f 101//101 102//102 103//103
f 104//104 101//101 103//103
f 105//105 106//106 107//107
f 107//107 106//106 108//108
f 109//109 110//110 111//111
f 110//110 109//109 112//112
f 113//113 114//114 115//115
f 114//114 113//113 116//116
f 117//117 118//118 119//119
f 119//119 120//120 117//117
f 121//121 122//122 123//123
f 123//123 122//122 124//124
f 125//125 126//126 127//127
f 126//126 125//125 128//128
f 129//129 130//130 131//131
f 132//132 130//130 129//129
f 133//133 134//134 135//135
f 135//135 136//136 133//133
f 137//137 138//138 139//139
f 140//140 139//139 138//138
f 141//141 142//142 143//143
f 142//142 141//141 144//144
f 145//145 146//146 147//147
f 146//146 145//145 148//148
f 149//149 150//150 151//151
f 150//150 149//149 152//152
f 153//153 154//154 155//155
f 154//154 153//153 156//156
f 157//157 158//158 159//159
f 160//160 158//158 157//157
f 161//161 162//162 163//163
f 162//162 161//161 164//164
f 165//165 166//166 167//167
f 166//166 165//165 168//168
f 169//169 170//170 171//171
f 172//172 170//170 169//169
f 173//173 174//174 175//175
f 174//174 173//173 176//176
f 177//177 178//178 179//179
f 178//178 177//177 180//180
f 181//181 182//182 183//183
f 181//181 183//183 184//184
f 185//185 186//186 187//187
f 186//186 185//185 188//188
f 189//189 190//190 191//191
f 190//190 189//189 192//192
f 193//193 194//194 195//195
f 194//194 193//193 196//196
f 197//197 198//198 199//199
f 198//198 197//197 200//200
f 201//201 202//202 203//203
f 202//202 201//201 204//204
f 205//205 206//206 207//207
f 208//208 206//206 205//205
f 209//209 210//210 211//211
f 210//210 209//209 212//212
f 213//213 214//214 215//215
f 214//214 213//213 216//216
f 217//217 218//218 219//219
f 218//218 217//217 220//220
f 221//221 222//222 223//223
f 221//221 223//223 224//224
f 225//225 226//226 227//227
f 226//226 225//225 228//228
f 229//229 230//230 231//231
f 230//230 229//229 232//232
f 233//233 234//234 235//235
f 234//234 233//233 236//236
f 237//237 238//238 239//239
f 237//237 240//240 238//238
f 241//241 242//242 243//243
f 243//243 244//244 241//241
f 245//245 246//246 247//247
f 246//246 245//245 248//248
f 249//249 250//250 251//251
f 249//249 251//251 252//252
f 253//253 254//254 255//255
f 254//254 253//253 256//256
f 257//257 258//258 259//259
f 258//258 257//257 260//260
f 261//261 262//262 263//263
f 261//261 263//263 264//264
f 265//265 266//266 267//267
f 266//266 265//265 268//268
f 269//269 270//270 271//271
f 270//270 269//269 272//272
f 273//273 274//274 275//275
f 274//274 273//273 276//276
f 277//277 278//278 279//279
f 278//278 277//277 280//280
f 281//281 282//282 283//283
f 282//282 281//281 284//284
f 285//285 286//286 287//287
f 288//288 286//286 285//285
f 289//289 290//290 291//291
f 289//289 291//291 292//292
f 293//293 294//294 295//295
f 294//294 293//293 296//296
f 297//297 298//298 299//299
f 298//298 297//297 300//300
f 301//301 302//302 303//303
f 302//302 301//301 304//304
f 305//305 306//306 307//307
f 306//306 305//305 308//308
f 309//309 310//310 311//311
f 312//312 310//310 309//309
f 313//313 314//314 315//315
f 314//314 313//313 316//316
f 317//317 318//318 319//319
f 318//318 317//317 320//320
f 321//321 322//322 323//323
f 322//322 321//321 324//324
f 325//325 326//326 327//327
f 328//328 326//326 325//325
f 329//329 330//330 331//331
f 331//331 332//332 329//329
f 333//333 334//334 335//335
f 334//334 333//333 336//336
f 337//337 338//338 339//339
f 338//338 337//337 340//340
f 341//341 342//342 343//343
f 342//342 341//341 344//344
f 345//345 346//346 347//347
f 347//347 348//348 345//345
f 349//349 350//350 351//351
f 352//352 350//350 349//349
f 353//353 354//354 355//355
f 354//354 353//353 356//356
f 357//357 358//358 359//359
f 358//358 357//357 360//360
f 361//361 362//362 363//363
f 364//364 361//361 363//363
f 365//365 366//366 367//367
f 368//368 366//366 365//365
f 369//369 370//370 371//371
f 370//370 369//369 372//372
f 373//373 374//374 375//375
f 374//374 373//373 376//376
f 377//377 378//378 379//379
f 379//379 380//380 377//377
f 381//381 382//382 383//383
f 384//384 382//382 381//381
f 385//385 386//386 387//387
f 386//386 385//385 388//388
f 389//389 390//390 391//391
f 392//392 389//389 391//391
f 393//393 394//394 395//395
f 394//394 393//393 396//396
f 397//397 398//398 399//399
f 398//398 397//397 400//400
f 401//401 402//402 403//403
f 402//402 401//401 404//404
f 405//405 406//406 407//407
f 408//408 406//406 405//405
f 409//409 410//410 411//411
f 410//410 409//409 412//412
f 413//413 414//414 415//415
f 414//414 413//413 416//416
f 417//417 418//418 419//419
f 418//418 417//417 420//420
f 421//421 422//422 423//423
f 422//422 421//421 424//424
f 425//425 426//426 427//427
f 426//426 425//425 428//428
f 429//429 430//430 431//431
f 430//430 429//429 432//432
f 433//433 434//434 435//435
f 434//434 433//433 436//436
f 437//437 438//438 439//439
f 440//440 438//438 437//437
f 441//441 442//442 443//443
f 442//442 441//441 444//444
f 445//445 446//446 447//447
f 446//446 445//445 448//448
f 449//449 450//450 451//451
f 450//450 449//449 452//452
f 453//453 454//454 455//455
f 456//456 454//454 453//453
f 457//457 458//458 459//459
f 458//458 457//457 460//460
f 461//461 462//462 463//463
f 464//464 463//463 462//462
f 465//465 466//466 467//467
f 466//466 465//465 468//468
f 469//469 470//470 471//471
f 470//470 469//469 472//472
f 473//473 474//474 475//475
f 475//475 476//476 473//473
f 477//477 478//478 479//479
f 480//480 478//478 477//477
f 481//481 482//482 483//483
f 482//482 481//481 484//484
f 485//485 486//486 487//487
f 486//486 485//485 488//488
f 489//489 490//490 491//491
f 491//491 492//492 489//489
f 493//493 494//494 495//495
f 494//494 493//493 496//496
f 497//497 498//498 499//499
f 498//498 497//497 500//500
f 501//501 502//502 503//503
f 504//504 502//502 501//501
f 505//505 506//506 507//507
f 506//506 505//505 508//508
f 509//509 510//510 511//511
f 510//510 509//509 512//512
f 513//513 514//514 515//515
f 514//514 513//513 516//516
f 517//517 518//518 519//519
f 520//520 518//518 517//517
f 521//521 522//522 523//523
f 522//522 521//521 524//524
f 525//525 526//526 527//527
f 528//528 526//526 525//525
f 529//529 530//530 531//531
f 530//530 529//529 532//532
f 533//533 534//534 535//535
f 534//534 533//533 536//536
f 537//537 538//538 539//539
f 539//539 540//540 537//537
f 541//541 542//542 543//543
f 544//544 542//542 541//541
f 545//545 546//546 547//547
f 545//545 548//548 546//546
f 549//549 550//550 551//551
f 550//550 549//549 552//552
f 553//553 554//554 555//555
f 555//555 556//556 553//553
f 557//557 558//558 559//559
f 558//558 557//557 560//560
f 561//561 562//562 563//563
f 562//562 561//561 564//564
f 565//565 566//566 567//567
f 568//568 566//566 565//565
f 569//569 570//570 571//571
f 570//570 569//569 572//572
f 573//573 574//574 575//575
f 574//574 573//573 576//576
f 577//577 578//578 579//579
f 578//578 577//577 580//580
f 581//581 582//582 583//583
f 584//584 582//582 581//581
f 585//585 586//586 587//587
f 586//586 585//585 588//588
f 589//589 590//590 591//591
f 592//592 591//591 590//590
f 593//593 594//594 595//595
f 594//594 593//593 596//596
f 597//597 598//598 599//599
f 598//598 597//597 600//600
f 601//601 602//602 603//603
f 603//603 604//604 601//601
f 605//605 606//606 607//607
f 608//608 606//606 605//605
f 609//609 610//610 611//611
f 610//610 609//609 612//612
f 613//613 614//614 615//615
f 614//614 613//613 616//616
f 617//617 618//618 619//619
f 619//619 620//620 617//617
f 621//621 622//622 623//623
f 622//622 621//621 624//624
f 625//625 626//626 627//627
f 626//626 625//625 628//628
f 629//629 630//630 631//631
f 630//630 629//629 632//632
f 633//633 634//634 635//635
f 634//634 633//633 636//636
f 637//637 638//638 639//639
f 638//638 637//637 640//640
f 641//641 642//642 643//643
f 641//641 644//644 642//642
f 645//645 646//646 647//647
f 646//646 645//645 648//648
f 649//649 650//650 651//651
f 650//650 649//649 652//652
f 653//653 654//654 655//655
f 653//653 656//656 654//654
f 657//657 658//658 659//659
f 658//658 657//657 660//660
f 661//661 662//662 663//663
f 661//661 664//664 662//662
f 665//665 666//666 667//667
f 668//668 667//667 666//666
f 669//669 670//670 671//671
f 669//669 672//672 670//670
f 673//673 674//674 675//675
f 673//673 675//675 676//676
f 677//677 678//678 679//679
f 678//678 677//677 680//680
f 681//681 682//682 683//683
f 683//683 684//684 681//681
f 685//685 686//686 687//687
f 686//686 685//685 688//688
f 689//689 690//690 691//691
f 691//691 692//692 689//689
f 693//693 694//694 695//695
f 694//694 693//693 696//696
f 697//697 698//698 699//699
f 697//697 700//700 698//698
f 701//701 702//702 703//703
f 702//702 701//701 704//704
f 705//705 706//706 707//707
f 706//706 705//705 708//708
f 709//709 710//710 711//711
f 710//710 709//709 712//712
f 713//713 714//714 715//715
f 715//715 716//716 713//713
f 717//717 718//718 719//719
f 720//720 718//718 717//717
f 721//721 722//722 723//723
f 722//722 721//721 724//724
f 725//725 726//726 727//727
f 728//728 726//726 725//725
f 729//729 730//730 731//731
f 730//730 729//729 732//732
f 733//733 734//734 735//735
f 735//735 734//734 736//736
f 737//737 738//738 739//739
f 738//738 737//737 740//740
f 741//741 742//742 743//743
f 742//742 741//741 744//744
f 745//745 746//746 747//747
f 746//746 745//745 748//748
f 749//749 750//750 751//751
f 750//750 749//749 752//752
f 753//753 754//754 755//755
f 754//754 753//753 756//756
f 757//757 758//758 759//759
f 760//760 758//758 757//757
f 761//761 762//762 763//763
f 762//762 761//761 764//764
f 765//765 766//766 767//767
f 766//766 765//765 768//768
f 769//769 770//770 771//771
f 770//770 769//769 772//772
f 773//773 774//774 775//775
f 776//776 775//775 774//774
f 777//777 778//778 779//779
f 778//778 777//777 780//780
f 781//781 782//782 783//783
f 782//782 781//781 784//784
f 785//785 786//786 787//787
f 786//786 785//785 788//788
f 789//789 790//790 791//791
f 790//790 789//789 792//792
f 793//793 794//794 795//795
f 794//794 793//793 796//796
f 797//797 798//798 799//799
f 800//800 798//798 797//797
f 801//801 802//802 803//803
f 804//804 801//801 803//803
f 805//805 806//806 807//807
f 808//808 806//806 805//805
f 809//809 810//810 811//811
f 810//810 809//809 812//812
f 813//813 814//814 815//815
f 814//814 813//813 816//816
f 817//817 818//818 819//819
f 818//818 817//817 820//820
f 821//821 822//822 823//823
f 824//824 822//822 821//821
f 825//825 826//826 827//827
f 826//826 825//825 828//828
f 829//829 830//830 831//831
f 830//830 829//829 832//832
f 833//833 834//834 835//835
f 834//834 833//833 836//836
f 837//837 838//838 839//839
f 840//840 839//839 838//838
f 841//841 842//842 843//843
f 842//842 841//841 844//844
f 845//845 846//846 847//847
f 846//846 845//845 848//848
f 849//849 850//850 851//851
f 850//850 849//849 852//852
f 853//853 854//854 855//855
f 854//854 853//853 856//856
f 857//857 858//858 859//859
f 858//858 857//857 860//860
f 861//861 862//862 863//863
f 861//861 864//864 862//862
f 865//865 866//866 867//867
f 865//865 868//868 866//866
f 869//869 870//870 871//871
f 870//870 869//869 872//872
f 873//873 874//874 875//875
f 875//875 876//876 873//873
f 877//877 878//878 879//879
f 878//878 877//877 880//880
f 881//881 882//882 883//883
f 882//882 881//881 884//884
f 885//885 886//886 887//887
f 886//886 885//885 888//888
f 889//889 890//890 891//891
f 890//890 889//889 892//892
f 893//893 894//894 895//895
f 894//894 893//893 896//896
f 897//897 898//898 899//899
f 897//897 900//900 898//898
f 901//901 902//902 903//903
f 902//902 901//901 904//904
f 905//905 906//906 907//907
f 905//905 908//908 906//906
f 909//909 910//910 911//911
f 910//910 909//909 912//912
f 913//913 914//914 915//915
f 914//914 913//913 916//916
f 917//917 918//918 919//919
f 920//920 918//918 917//917
f 921//921 922//922 923//923
f 923//923 924//924 921//921
f 925//925 926//926 927//927
f 926//926 925//925 928//928
f 929//929 930//930 931//931
f 929//929 931//931 932//932
f 933//933 934//934 935//935
f 934//934 933//933 936//936
f 937//937 938//938 939//939
f 938//938 937//937 940//940
f 941//941 942//942 943//943
f 942//942 941//941 944//944
f 945//945 946//946 947//947
f 947//947 948//948 945//945
f 949//949 950//950 951//951
f 950//950 949//949 952//952
f 953//953 954//954 955//955
f 954//954 953//953 956//956
f 957//957 958//958 959//959
f 958//958 957//957 960//960
f 961//961 962//962 963//963
f 963//963 964//964 961//961
f 965//965 966//966 967//967
f 968//968 966//966 965//965
f 969//969 970//970 971//971
f 970//970 969//969 972//972
f 973//973 974//974 975//975
f 974//974 973//973 976//976
f 977//977 978//978 979//979
f 978//978 977//977 980//980
f 981//981 982//982 983//983
f 984//984 983//983 982//982
f 985//985 986//986 987//987
f 986//986 985//985 988//988
f 989//989 990//990 991//991
f 992//992 991//991 990//990
f 993//993 994//994 995//995
f 994//994 993//993 996//996
f 997//997 998//998 999//999
f 1000//1000 999//999 998//998
f 1001//1001 1002//1002 1003//1003
f 1002//1002 1001//1001 1004//1004
f 1005//1005 1006//1006 1007//1007
f 1006//1006 1005//1005 1008//1008
f 1009//1009 1010//1010 1011//1011
f 1012//1012 1010//1010 1009//1009
f 1013//1013 1014//1014 1015//1015
f 1014//1014 1013//1013 1016//1016
f 1017//1017 1018//1018 1019//1019
f 1018//1018 1017//1017 1020//1020
f 1021//1021 1022//1022 1023//1023
f 1022//1022 1021//1021 1024//1024
f 1025//1025 1026//1026 1027//1027
f 1026//1026 1025//1025 1028//1028
f 1029//1029 1030//1030 1031//1031
f 1031//1031 1032//1032 1029//1029
f 1033//1033 1034//1034 1035//1035
f 1036//1036 1034//1034 1033//1033
f 1037//1037 1038//1038 1039//1039
f 1038//1038 1037//1037 1040//1040
f 1041//1041 1042//1042 1043//1043
f 1044//1044 1042//1042 1041//1041
f 1045//1045 1046//1046 1047//1047
f 1046//1046 1045//1045 1048//1048
f 1049//1049 1050//1050 1051//1051
f 1052//1052 1051//1051 1050//1050
f 1053//1053 1054//1054 1055//1055
f 1054//1054 1053//1053 1056//1056
f 1057//1057 1058//1058 1059//1059
f 1059//1059 1060//1060 1057//1057
f 1061//1061 1062//1062 1063//1063
f 1062//1062 1061//1061 1064//1064
f 1065//1065 1066//1066 1067//1067
f 1066//1066 1065//1065 1068//1068
f 1069//1069 1070//1070 1071//1071
f 1072//1072 1070//1070 1069//1069
f 1073//1073 1074//1074 1075//1075
f 1074//1074 1073//1073 1076//1076
f 1077//1077 1078//1078 1079//1079
f 1078//1078 1077//1077 1080//1080
f 1081//1081 1082//1082 1083//1083
f 1082//1082 1081//1081 1084//1084
f 1085//1085 1086//1086 1087//1087
f 1088//1088 1086//1086 1085//1085
f 1089//1089 1090//1090 1091//1091
f 1089//1089 1092//1092 1090//1090
f 1093//1093 1094//1094 1095//1095
f 1094//1094 1093//1093 1096//1096
f 1097//1097 1098//1098 1099//1099
f 1098//1098 1097//1097 1100//1100
f 1101//1101 1102//1102 1103//1103
f 1102//1102 1101//1101 1104//1104
f 1105//1105 1106//1106 1107//1107
f 1108//1108 1105//1105 1107//1107
f 1109//1109 1110//1110 1111//1111
f 1112//1112 1110//1110 1109//1109
f 1113//1113 1114//1114 1115//1115
f 1114//1114 1113//1113 1116//1116
f 1117//1117 1118//1118 1119//1119
f 1118//1118 1117//1117 1120//1120
f 1121//1121 1122//1122 1123//1123
f 1122//1122 1121//1121 1124//1124
f 1125//1125 1126//1126 1127//1127
f 1127//1127 1128//1128 1125//1125
f 1129//1129 1130//1130 1131//1131
f 1130//1130 1129//1129 1132//1132
f 1133//1133 1134//1134 1135//1135
f 1134//1134 1133//1133 1136//1136
f 1137//1137 1138//1138 1139//1139
f 1140//1140 1139//1139 1138//1138
f 1141//1141 1142//1142 1143//1143
f 1142//1142 1141//1141 1144//1144
f 1145//1145 1146//1146 1147//1147
f 1147//1147 1146//1146 1148//1148
f 1149//1149 1150//1150 1151//1151
f 1150//1150 1149//1149 1152//1152
f 1153//1153 1154//1154 1155//1155
f 1154//1154 1153//1153 1156//1156
f 1157//1157 1158//1158 1159//1159
f 1157//1157 1159//1159 1160//1160
f 1161//1161 1162//1162 1163//1163
f 1162//1162 1161//1161 1164//1164
f 1165//1165 1166//1166 1167//1167
f 1165//1165 1168//1168 1166//1166
f 1169//1169 1170//1170 1171//1171
f 1170//1170 1169//1169 1172//1172
f 1173//1173 1174//1174 1175//1175
f 1174//1174 1173//1173 1176//1176
f 1177//1177 1178//1178 1179//1179
f 1178//1178 1177//1177 1180//1180
f 1181//1181 1182//1182 1183//1183
f 1182//1182 1181//1181 1184//1184
f 1185//1185 1186//1186 1187//1187
f 1186//1186 1185//1185 1188//1188
f 1189//1189 1190//1190 1191//1191
f 1190//1190 1189//1189 1192//1192
f 1193//1193 1194//1194 1195//1195
f 1195//1195 1196//1196 1193//1193
f 1197//1197 1198//1198 1199//1199
f 1198//1198 1197//1197 1200//1200
f 1201//1201 1202//1202 1203//1203
f 1202//1202 1201//1201 1204//1204
f 1205//1205 1206//1206 1207//1207
f 1206//1206 1205//1205 1208//1208
f 1209//1209 1210//1210 1211//1211
f 1212//1212 1209//1209 1211//1211
f 1213//1213 1214//1214 1215//1215
f 1216//1216 1214//1214 1213//1213
f 1217//1217 1218//1218 1219//1219
f 1218//1218 1217//1217 1220//1220
f 1221//1221 1222//1222 1223//1223
f 1224//1224 1221//1221 1223//1223
f 1225//1225 1226//1226 1227//1227
f 1226//1226 1225//1225 1228//1228
f 1229//1229 1230//1230 1231//1231
f 1232//1232 1230//1230 1229//1229
f 1233//1233 1234//1234 1235//1235
f 1234//1234 1233//1233 1236//1236
f 1237//1237 1238//1238 1239//1239
f 1240//1240 1238//1238 1237//1237
f 1241//1241 1242//1242 1243//1243
f 1243//1243 1244//1244 1241//1241
f 1245//1245 1246//1246 1247//1247
f 1246//1246 1245//1245 1248//1248
f 1249//1249 1250//1250 1251//1251
f 1249//1249 1252//1252 1250//1250
f 1253//1253 1254//1254 1255//1255
f 1254//1254 1253//1253 1256//1256
f 1257//1257 1258//1258 1259//1259
f 1257//1257 1260//1260 1258//1258
f 1261//1261 1262//1262 1263//1263
f 1262//1262 1261//1261 1264//1264
f 1265//1265 1266//1266 1267//1267
f 1267//1267 1268//1268 1265//1265
f 1269//1269 1270//1270 1271//1271
f 1270//1270 1269//1269 1272//1272
f 1273//1273 1274//1274 1275//1275
f 1274//1274 1273//1273 1276//1276
f 1277//1277 1278//1278 1279//1279
f 1278//1278 1277//1277 1280//1280
f 1281//1281 1282//1282 1283//1283
f 1284//1284 1282//1282 1281//1281
f 1285//1285 1286//1286 1287//1287
f 1286//1286 1285//1285 1288//1288
f 1289//1289 1290//1290 1291//1291
f 1292//1292 1290//1290 1289//1289
f 1293//1293 1294//1294 1295//1295
f 1294//1294 1293//1293 1296//1296
f 1297//1297 1298//1298 1299//1299
f 1300//1300 1298//1298 1297//1297
f 1301//1301 1302//1302 1303//1303
f 1303//1303 1304//1304 1301//1301
f 1305//1305 1306//1306 1307//1307
f 1308//1308 1306//1306 1305//1305
f 1309//1309 1310//1310 1311//1311
f 1310//1310 1309//1309 1312//1312
f 1313//1313 1314//1314 1315//1315
f 1315//1315 1316//1316 1313//1313
f 1317//1317 1318//1318 1319//1319
f 1318//1318 1317//1317 1320//1320
f 1321//1321 1322//1322 1323//1323
f 1322//1322 1321//1321 1324//1324
f 1325//1325 1326//1326 1327//1327
f 1326//1326 1325//1325 1328//1328
f 1329//1329 1330//1330 1331//1331
f 1330//1330 1329//1329 1332//1332
f 1333//1333 1334//1334 1335//1335
f 1334//1334 1333//1333 1336//1336
f 1337//1337 1338//1338 1339//1339
f 1338//1338 1337//1337 1340//1340
f 1341//1341 1342//1342 1343//1343
f 1342//1342 1341//1341 1344//1344
f 1345//1345 1346//1346 1347//1347
f 1346//1346 1345//1345 1348//1348
f 1349//1349 1350//1350 1351//1351
f 1352//1352 1350//1350 1349//1349
f 1353//1353 1354//1354 1355//1355
f 1353//1353 1356//1356 1354//1354
f 1357//1357 1358//1358 1359//1359
f 1358//1358 1357//1357 1360//1360
f 1361//1361 1362//1362 1363//1363
f 1364//1364 1362//1362 1361//1361
f 1365//1365 1366//1366 1367//1367
f 1367//1367 1368//1368 1365//1365
f 1369//1369 1370//1370 1371//1371
f 1370//1370 1369//1369 1372//1372
f 1373//1373 1374//1374 1375//1375
f 1374//1374 1373//1373 1376//1376
f 1377//1377 1378//1378 1379//1379
f 1378//1378 1377//1377 1380//1380
f 1381//1381 1382//1382 1383//1383
f 1382//1382 1381//1381 1384//1384
f 1385//1385 1386//1386 1387//1387
f 1386//1386 1385//1385 1388//1388
f 1389//1389 1390//1390 1391//1391
f 1392//1392 1390//1390 1389//1389
f 1393//1393 1394//1394 1395//1395
f 1394//1394 1393//1393 1396//1396
f 1397//1397 1398//1398 1399//1399
f 1398//1398 1397//1397 1400//1400
f 1401//1401 1402//1402 1403//1403
f 1404//1404 1403//1403 1402//1402
f 1405//1405 1406//1406 1407//1407
f 1406//1406 1405//1405 1408//1408
f 1409//1409 1410//1410 1411//1411
f 1410//1410 1409//1409 1412//1412
f 1413//1413 1414//1414 1415//1415
f 1414//1414 1413//1413 1416//1416
f 1417//1417 1418//1418 1419//1419
f 1420//1420 1419//1419 1418//1418
f 1421//1421 1422//1422 1423//1423
f 1423//1423 1424//1424 1421//1421
f 1425//1425 1426//1426 1427//1427
f 1427//1427 1426//1426 1428//1428
f 1429//1429 1430//1430 1431//1431
f 1431//1431 1432//1432 1429//1429
f 1433//1433 1434//1434 1435//1435
f 1436//1436 1433//1433 1435//1435
f 1437//1437 1438//1438 1439//1439
f 1438//1438 1437//1437 1440//1440
f 1441//1441 1442//1442 1443//1443
f 1442//1442 1441//1441 1444//1444
f 1445//1445 1446//1446 1447//1447
f 1446//1446 1445//1445 1448//1448
f 1449//1449 1450//1450 1451//1451
f 1450//1450 1449//1449 1452//1452
f 1453//1453 1454//1454 1455//1455
f 1455//1455 1456//1456 1453//1453
f 1457//1457 1458//1458 1459//1459
f 1460//1460 1458//1458 1457//1457
f 1461//1461 1462//1462 1463//1463
f 1464//1464 1461//1461 1463//1463
f 1465//1465 1466//1466 1467//1467
f 1468//1468 1465//1465 1467//1467
f 1469//1469 1470//1470 1471//1471
f 1470//1470 1469//1469 1472//1472
f 1473//1473 1474//1474 1475//1475
f 1474//1474 1473//1473 1476//1476
f 1477//1477 1478//1478 1479//1479
f 1478//1478 1477//1477 1480//1480
f 1481//1481 1482//1482 1483//1483
f 1484//1484 1481//1481 1483//1483
f 1485//1485 1486//1486 1487//1487
f 1488//1488 1486//1486 1485//1485
f 1489//1489 1490//1490 1491//1491
f 1492//1492 1490//1490 1489//1489
f 1493//1493 1494//1494 1495//1495
f 1496//1496 1493//1493 1495//1495
f 1497//1497 1498//1498 1499//1499
f 1498//1498 1497//1497 1500//1500
f 1501//1501 1502//1502 1503//1503
f 1502//1502 1501//1501 1504//1504
f 1505//1505 1506//1506 1507//1507
f 1506//1506 1505//1505 1508//1508
f 1509//1509 1510//1510 1511//1511
f 1509//1509 1511//1511 1512//1512
f 1513//1513 1514//1514 1515//1515
f 1514//1514 1513//1513 1516//1516
f 1517//1517 1518//1518 1519//1519
f 1518//1518 1517//1517 1520//1520
f 1521//1521 1522//1522 1523//1523
f 1522//1522 1521//1521 1524//1524
f 1525//1525 1526//1526 1527//1527
f 1525//1525 1527//1527 1528//1528
f 1529//1529 1530//1530 1531//1531
f 1530//1530 1529//1529 1532//1532
f 1533//1533 1534//1534 1535//1535
f 1533//1533 1536//1536 1534//1534
f 1537//1537 1538//1538 1539//1539
f 1538//1538 1537//1537 1540//1540
f 1541//1541 1542//1542 1543//1543
f 1542//1542 1541//1541 1544//1544
f 1545//1545 1546//1546 1547//1547
f 1548//1548 1547//1547 1546//1546
f 1549//1549 1550//1550 1551//1551
f 1549//1549 1551//1551 1552//1552
f 1553//1553 1554//1554 1555//1555
f 1554//1554 1553//1553 1556//1556
f 1557//1557 1558//1558 1559//1559
f 1557//1557 1559//1559 1560//1560
f 1561//1561 1562//1562 1563//1563
f 1562//1562 1561//1561 1564//1564
f 1565//1565 1566//1566 1567//1567
f 1566//1566 1565//1565 1568//1568
f 1569//1569 1570//1570 1571//1571
f 1570//1570 1569//1569 1572//1572
f 1573//1573 1574//1574 1575//1575
f 1573//1573 1575//1575 1576//1576
f 1577//1577 1578//1578 1579//1579
f 1578//1578 1577//1577 1580//1580
f 1581//1581 1582//1582 1583//1583
f 1583//1583 1584//1584 1581//1581
f 1585//1585 1586//1586 1587//1587
f 1586//1586 1585//1585 1588//1588
f 1589//1589 1590//1590 1591//1591
f 1590//1590 1589//1589 1592//1592
f 1593//1593 1594//1594 1595//1595
f 1596//1596 1593//1593 1595//1595
f 1597//1597 1598//1598 1599//1599
f 1597//1597 1599//1599 1600//1600
f 1601//1601 1602//1602 1603//1603
f 1604//1604 1603//1603 1602//1602
f 1605//1605 1606//1606 1607//1607
f 1606//1606 1605//1605 1608//1608
f 1609//1609 1610//1610 1611//1611
f 1610//1610 1609//1609 1612//1612
f 1613//1613 1614//1614 1615//1615
f 1614//1614 1613//1613 1616//1616
f 1617//1617 1618//1618 1619//1619
f 1618//1618 1617//1617 1620//1620
f 1621//1621 1622//1622 1623//1623
f 1622//1622 1621//1621 1624//1624
f 1625//1625 1626//1626 1627//1627
f 1626//1626 1625//1625 1628//1628
f 1629//1629 1630//1630 1631//1631
f 1630//1630 1629//1629 1632//1632
f 1633//1633 1634//1634 1635//1635
f 1636//1636 1635//1635 1634//1634
f 1637//1637 1638//1638 1639//1639
f 1638//1638 1637//1637 1640//1640
f 1641//1641 1642//1642 1643//1643
f 1642//1642 1641//1641 1644//1644
f 1645//1645 1646//1646 1647//1647
f 1646//1646 1645//1645 1648//1648
f 1649//1649 1650//1650 1651//1651
f 1650//1650 1649//1649 1652//1652
f 1653//1653 1654//1654 1655//1655
f 1654//1654 1653//1653 1656//1656
f 1657//1657 1658//1658 1659//1659
f 1660//1660 1659//1659 1658//1658
f 1661//1661 1662//1662 1663//1663
f 1661//1661 1663//1663 1664//1664
f 1665//1665 1666//1666 1667//1667
f 1666//1666 1665//1665 1668//1668
f 1669//1669 1670//1670 1671//1671
f 1669//1669 1671//1671 1672//1672
f 1673//1673 1674//1674 1675//1675
f 1674//1674 1673//1673 1676//1676
f 1677//1677 1678//1678 1679//1679
f 1678//1678 1677//1677 1680//1680
f 1681//1681 1682//1682 1683//1683
f 1682//1682 1681//1681 1684//1684
f 1685//1685 1686//1686 1687//1687
f 1685//1685 1688//1688 1686//1686
f 1689//1689 1690//1690 1691//1691
f 1690//1690 1689//1689 1692//1692
f 1693//1693 1694//1694 1695//1695
f 1694//1694 1693//1693 1696//1696
f 1697//1697 1698//1698 1699//1699
f 1700//1700 1698//1698 1697//1697
f 1701//1701 1702//1702 1703//1703
f 1702//1702 1701//1701 1704//1704
f 1705//1705 1706//1706 1707//1707
f 1708//1708 1707//1707 1706//1706
f 1709//1709 1710//1710 1711//1711
f 1710//1710 1709//1709 1712//1712
f 1713//1713 1714//1714 1715//1715
f 1714//1714 1713//1713 1716//1716
f 1717//1717 1718//1718 1719//1719
f 1717//1717 1720//1720 1718//1718
f 1721//1721 1722//1722 1723//1723
f 1722//1722 1721//1721 1724//1724
f 1725//1725 1726//1726 1727//1727
f 1725//1725 1728//1728 1726//1726
f 1729//1729 1730//1730 1731//1731
f 1730//1730 1729//1729 1732//1732
f 1733//1733 1734//1734 1735//1735
f 1734//1734 1733//1733 1736//1736
f 1737//1737 1738//1738 1739//1739
f 1740//1740 1738//1738 1737//1737
f 1741//1741 1742//1742 1743//1743
f 1741//1741 1744//1744 1742//1742
f 1745//1745 1746//1746 1747//1747
f 1746//1746 1745//1745 1748//1748
f 1749//1749 1750//1750 1751//1751
f 1750//1750 1749//1749 1752//1752
f 1753//1753 1754//1754 1755//1755
f 1754//1754 1753//1753 1756//1756
f 1757//1757 1758//1758 1759//1759
f 1758//1758 1757//1757 1760//1760
f 1761//1761 1762//1762 1763//1763
f 1761//1761 1763//1763 1764//1764
f 1765//1765 1766//1766 1767//1767
f 1768//1768 1765//1765 1767//1767
f 1769//1769 1770//1770 1771//1771
f 1770//1770 1769//1769 1772//1772
f 1773//1773 1774//1774 1775//1775
f 1774//1774 1773//1773 1776//1776
f 1777//1777 1778//1778 1779//1779
f 1780//1780 1778//1778 1777//1777
f 1781//1781 1782//1782 1783//1783
f 1782//1782 1781//1781 1784//1784
f 1785//1785 1786//1786 1787//1787
f 1788//1788 1785//1785 1787//1787
f 1789//1789 1790//1790 1791//1791
f 1790//1790 1789//1789 1792//1792
f 1793//1793 1794//1794 1795//1795
f 1794//1794 1793//1793 1796//1796
f 1797//1797 1798//1798 1799//1799
f 1798//1798 1797//1797 1800//1800
f 1801//1801 1802//1802 1803//1803
f 1802//1802 1801//1801 1804//1804
f 1805//1805 1806//1806 1807//1807
f 1807//1807 1808//1808 1805//1805
f 1809//1809 1810//1810 1811//1811
f 1810//1810 1809//1809 1812//1812
f 1813//1813 1814//1814 1815//1815
f 1814//1814 1813//1813 1816//1816
f 1817//1817 1818//1818 1819//1819
f 1818//1818 1817//1817 1820//1820
f 1821//1821 1822//1822 1823//1823
f 1822//1822 1821//1821 1824//1824
f 1825//1825 1826//1826 1827//1827
f 1828//1828 1826//1826 1825//1825
f 1829//1829 1830//1830 1831//1831
f 1832//1832 1829//1829 1831//1831
f 1833//1833 1834//1834 1835//1835
f 1834//1834 1833//1833 1836//1836
f 1837//1837 1838//1838 1839//1839
f 1840//1840 1838//1838 1837//1837
f 1841//1841 1842//1842 1843//1843
f 1842//1842 1841//1841 1844//1844
f 1845//1845 1846//1846 1847//1847
f 1846//1846 1845//1845 1848//1848
f 1849//1849 1850//1850 1851//1851
f 1849//1849 1851//1851 1852//1852
f 1853//1853 1854//1854 1855//1855
f 1854//1854 1853//1853 1856//1856
f 1857//1857 1858//1858 1859//1859
f 1859//1859 1860//1860 1857//1857
f 1861//1861 1862//1862 1863//1863
f 1862//1862 1861//1861 1864//1864
f 1865//1865 1866//1866 1867//1867
f 1866//1866 1865//1865 1868//1868
f 1869//1869 1870//1870 1871//1871
f 1870//1870 1869//1869 1872//1872
f 1873//1873 1874//1874 1875//1875
f 1874//1874 1873//1873 1876//1876
f 1877//1877 1878//1878 1879//1879
f 1880//1880 1879//1879 1878//1878
f 1881//1881 1882//1882 1883//1883
f 1882//1882 1881//1881 1884//1884
f 1885//1885 1886//1886 1887//1887
f 1888//1888 1887//1887 1886//1886
f 1889//1889 1890//1890 1891//1891
f 1889//1889 1892//1892 1890//1890
f 1893//1893 1894//1894 1895//1895
f 1894//1894 1893//1893 1896//1896
f 1897//1897 1898//1898 1899//1899
f 1898//1898 1897//1897 1900//1900
f 1901//1901 1902//1902 1903//1903
f 1904//1904 1901//1901 1903//1903
f 1905//1905 1906//1906 1907//1907
f 1908//1908 1907//1907 1906//1906
f 1909//1909 1910//1910 1911//1911
f 1910//1910 1909//1909 1912//1912
f 1913//1913 1914//1914 1915//1915
f 1914//1914 1913//1913 1916//1916
f 1917//1917 1918//1918 1919//1919
f 1918//1918 1917//1917 1920//1920
f 1921//1921 1922//1922 1923//1923
f 1922//1922 1921//1921 1924//1924
f 1925//1925 1926//1926 1927//1927
f 1926//1926 1925//1925 1928//1928
f 1929//1929 1930//1930 1931//1931
f 1932//1932 1931//1931 1930//1930
f 1933//1933 1934//1934 1935//1935
f 1933//1933 1936//1936 1934//1934
f 1937//1937 1938//1938 1939//1939
f 1938//1938 1937//1937 1940//1940
f 1941//1941 1942//1942 1943//1943
f 1942//1942 1941//1941 1944//1944
f 1945//1945 1946//1946 1947//1947
f 1946//1946 1945//1945 1948//1948
f 1949//1949 1950//1950 1951//1951
f 1951//1951 1952//1952 1949//1949
f 1953//1953 1954//1954 1955//1955
f 1954//1954 1953//1953 1956//1956
f 1957//1957 1958//1958 1959//1959
f 1959//1959 1960//1960 1957//1957
f 1961//1961 1962//1962 1963//1963
f 1962//1962 1961//1961 1964//1964
f 1965//1965 1966//1966 1967//1967
f 1967//1967 1968//1968 1965//1965
f 1969//1969 1970//1970 1971//1971
f 1970//1970 1969//1969 1972//1972
f 1973//1973 1974//1974 1975//1975
f 1974//1974 1973//1973 1976//1976
f 1977//1977 1978//1978 1979//1979
f 1980//1980 1978//1978 1977//1977
f 1981//1981 1982//1982 1983//1983
f 1982//1982 1981//1981 1984//1984
f 1985//1985 1986//1986 1987//1987
f 1988//1988 1986//1986 1985//1985
f 1989//1989 1990//1990 1991//1991
f 1990//1990 1989//1989 1992//1992
f 1993//1993 1994//1994 1995//1995
f 1996//1996 1993//1993 1995//1995
f 1997//1997 1998//1998 1999//1999
f 1998//1998 1997//1997 2000//2000
f 2001//2001 2002//2002 2003//2003
f 2002//2002 2001//2001 2004//2004
f 2005//2005 2006//2006 2007//2007
f 2006//2006 2005//2005 2008//2008
f 2009//2009 2010//2010 2011//2011
f 2011//2011 2012//2012 2009//2009
f 2013//2013 2014//2014 2015//2015
f 2016//2016 2014//2014 2013//2013
f 2017//2017 2018//2018 2019//2019
f 2018//2018 2017//2017 2020//2020
f 2021//2021 2022//2022 2023//2023
f 2024//2024 2022//2022 2021//2021
f 2025//2025 2026//2026 2027//2027
f 2027//2027 2028//2028 2025//2025
f 2029//2029 2030//2030 2031//2031
f 2030//2030 2029//2029 2032//2032
f 2033//2033 2034//2034 2035//2035
f 2034//2034 2033//2033 2036//2036
f 2037//2037 2038//2038 2039//2039
f 2038//2038 2037//2037 2040//2040
f 2041//2041 2042//2042 2043//2043
f 2042//2042 2041//2041 2044//2044
f 2045//2045 2046//2046 2047//2047
f 2046//2046 2045//2045 2048//2048
f 2049//2049 2050//2050 2051//2051
f 2050//2050 2049//2049 2052//2052
f 2053//2053 2054//2054 2055//2055
f 2054//2054 2053//2053 2056//2056
f 2057//2057 2058//2058 2059//2059
f 2060//2060 2058//2058 2057//2057
f 2061//2061 2062//2062 2063//2063
f 2062//2062 2061//2061 2064//2064
f 2065//2065 2066//2066 2067//2067
f 2066//2066 2065//2065 2068//2068
f 2069//2069 2070//2070 2071//2071
f 2070//2070 2069//2069 2072//2072
f 2073//2073 2074//2074 2075//2075
f 2076//2076 2075//2075 2074//2074
f 2077//2077 2078//2078 2079//2079
f 2078//2078 2077//2077 2080//2080
f 2081//2081 2082//2082 2083//2083
f 2083//2083 2084//2084 2081//2081
f 2085//2085 2086//2086 2087//2087
f 2088//2088 2086//2086 2085//2085
f 2089//2089 2090//2090 2091//2091
f 2090//2090 2089//2089 2092//2092
f 2093//2093 2094//2094 2095//2095
f 2094//2094 2093//2093 2096//2096
f 2097//2097 2098//2098 2099//2099
f 2100//2100 2098//2098 2097//2097
f 2101//2101 2102//2102 2103//2103
f 2102//2102 2101//2101 2104//2104
f 2105//2105 2106//2106 2107//2107
f 2106//2106 2105//2105 2108//2108
f 2109//2109 2110//2110 2111//2111
f 2110//2110 2109//2109 2112//2112
f 2113//2113 2114//2114 2115//2115
f 2115//2115 2116//2116 2113//2113
f 2117//2117 2118//2118 2119//2119
f 2118//2118 2117//2117 2120//2120
f 2121//2121 2122//2122 2123//2123
f 2122//2122 2121//2121 2124//2124
f 2125//2125 2126//2126 2127//2127
f 2126//2126 2125//2125 2128//2128
f 2129//2129 2130//2130 2131//2131
f 2130//2130 2129//2129 2132//2132
f 2133//2133 2134//2134 2135//2135
f 2136//2136 2133//2133 2135//2135
f 2137//2137 2138//2138 2139//2139
f 2140//2140 2137//2137 2139//2139
f 2141//2141 2142//2142 2143//2143
f 2144//2144 2142//2142 2141//2141
f 2145//2145 2146//2146 2147//2147
f 2148//2148 2145//2145 2147//2147
f 2149//2149 2150//2150 2151//2151
f 2152//2152 2151//2151 2150//2150
f 2153//2153 2154//2154 2155//2155
f 2154//2154 2153//2153 2156//2156
f 2157//2157 2158//2158 2159//2159
f 2159//2159 2160//2160 2157//2157
f 2161//2161 2162//2162 2163//2163
f 2162//2162 2161//2161 2164//2164
f 2165//2165 2166//2166 2167//2167
f 2168//2168 2167//2167 2166//2166
f 2169//2169 2170//2170 2171//2171
f 2170//2170 2169//2169 2172//2172
f 2173//2173 2174//2174 2175//2175
f 2174//2174 2173//2173 2176//2176
f 2177//2177 2178//2178 2179//2179
f 2179//2179 2180//2180 2177//2177
f 2181//2181 2182//2182 2183//2183
f 2184//2184 2183//2183 2182//2182
f 2185//2185 2186//2186 2187//2187
f 2186//2186 2185//2185 2188//2188
f 2189//2189 2190//2190 2191//2191
f 2190//2190 2189//2189 2192//2192
f 2193//2193 2194//2194 2195//2195
f 2196//2196 2194//2194 2193//2193
f 2197//2197 2198//2198 2199//2199
f 2200//2200 2197//2197 2199//2199
f 2201//2201 2202//2202 2203//2203
f 2202//2202 2201//2201 2204//2204
f 2205//2205 2206//2206 2207//2207
f 2206//2206 2205//2205 2208//2208
f 2209//2209 2210//2210 2211//2211
f 2212//2212 2209//2209 2211//2211
f 2213//2213 2214//2214 2215//2215
f 2216//2216 2214//2214 2213//2213
f 2217//2217 2218//2218 2219//2219
f 2218//2218 2217//2217 2220//2220
f 2221//2221 2222//2222 2223//2223
f 2222//2222 2221//2221 2224//2224
f 2225//2225 2226//2226 2227//2227
f 2225//2225 2228//2228 2226//2226
f 2229//2229 2230//2230 2231//2231
f 2232//2232 2231//2231 2230//2230
f 2233//2233 2234//2234 2235//2235
f 2234//2234 2233//2233 2236//2236
f 2237//2237 2238//2238 2239//2239
f 2238//2238 2237//2237 2240//2240
f 2241//2241 2242//2242 2243//2243
f 2242//2242 2241//2241 2244//2244
f 2245//2245 2246//2246 2247//2247
f 2248//2248 2247//2247 2246//2246
f 2249//2249 2250//2250 2251//2251
f 2250//2250 2249//2249 2252//2252
f 2253//2253 2254//2254 2255//2255
f 2254//2254 2253//2253 2256//2256
f 2257//2257 2258//2258 2259//2259
f 2258//2258 2257//2257 2260//2260
f 2261//2261 2262//2262 2263//2263
f 2262//2262 2261//2261 2264//2264
f 2265//2265 2266//2266 2267//2267
f 2265//2265 2267//2267 2268//2268
f 2269//2269 2270//2270 2271//2271
f 2270//2270 2269//2269 2272//2272
f 2273//2273 2274//2274 2275//2275
f 2273//2273 2275//2275 2276//2276
f 2277//2277 2278//2278 2279//2279
f 2280//2280 2279//2279 2278//2278
f 2281//2281 2282//2282 2283//2283
f 2282//2282 2281//2281 2284//2284
f 2285//2285 2286//2286 2287//2287
f 2286//2286 2285//2285 2288//2288
f 2289//2289 2290//2290 2291//2291
f 2290//2290 2289//2289 2292//2292
f 2293//2293 2294//2294 2295//2295
f 2296//2296 2295//2295 2294//2294
f 2297//2297 2298//2298 2299//2299
f 2298//2298 2297//2297 2300//2300
f 2301//2301 2302//2302 2303//2303
f 2302//2302 2301//2301 2304//2304
f 2305//2305 2306//2306 2307//2307
f 2306//2306 2305//2305 2308//2308
f 2309//2309 2310//2310 2311//2311
f 2310//2310 2309//2309 2312//2312
f 2313//2313 2314//2314 2315//2315
f 2316//2316 2314//2314 2313//2313
f 2317//2317 2318//2318 2319//2319
f 2318//2318 2317//2317 2320//2320
f 2321//2321 2322//2322 2323//2323
f 2321//2321 2324//2324 2322//2322
f 2325//2325 2326//2326 2327//2327
f 2326//2326 2325//2325 2328//2328
f 2329//2329 2330//2330 2331//2331
f 2329//2329 2332//2332 2330//2330
f 2333//2333 2334//2334 2335//2335
f 2334//2334 2333//2333 2336//2336
f 2337//2337 2338//2338 2339//2339
f 2338//2338 2337//2337 2340//2340
f 2341//2341 2342//2342 2343//2343
f 2342//2342 2341//2341 2344//2344
f 2345//2345 2346//2346 2347//2347
f 2346//2346 2345//2345 2348//2348
f 2349//2349 2350//2350 2351//2351
f 2350//2350 2349//2349 2352//2352
f 2353//2353 2354//2354 2355//2355
f 2353//2353 2356//2356 2354//2354
f 2357//2357 2358//2358 2359//2359
f 2358//2358 2357//2357 2360//2360
f 2361//2361 2362//2362 2363//2363
f 2361//2361 2364//2364 2362//2362
f 2365//2365 2366//2366 2367//2367
f 2366//2366 2365//2365 2368//2368
f 2369//2369 2370//2370 2371//2371
f 2369//2369 2372//2372 2370//2370
f 2373//2373 2374//2374 2375//2375
f 2376//2376 2375//2375 2374//2374
f 2377//2377 2378//2378 2379//2379
f 2377//2377 2380//2380 2378//2378
f 2381//2381 2382//2382 2383//2383
f 2382//2382 2381//2381 2384//2384
f 2385//2385 2386//2386 2387//2387
f 2386//2386 2385//2385 2388//2388
f 2389//2389 2390//2390 2391//2391
f 2392//2392 2390//2390 2389//2389
f 2393//2393 2394//2394 2395//2395
f 2394//2394 2393//2393 2396//2396
f 2397//2397 2398//2398 2399//2399
f 2400//2400 2399//2399 2398//2398
f 2401//2401 2402//2402 2403//2403
f 2401//2401 2404//2404 2402//2402
f 2405//2405 2406//2406 2407//2407
f 2408//2408 2407//2407 2406//2406
f 2409//2409 2410//2410 2411//2411
f 2410//2410 2409//2409 2412//2412
f 2413//2413 2414//2414 2415//2415
f 2414//2414 2413//2413 2416//2416
f 2417//2417 2418//2418 2419//2419
f 2417//2417 2419//2419 2420//2420
f 2421//2421 2422//2422 2423//2423
f 2422//2422 2421//2421 2424//2424
f 2425//2425 2426//2426 2427//2427
f 2426//2426 2425//2425 2428//2428
f 2429//2429 2430//2430 2431//2431
f 2430//2430 2429//2429 2432//2432
f 2433//2433 2434//2434 2435//2435
f 2434//2434 2433//2433 2436//2436
f 2437//2437 2438//2438 2439//2439
f 2440//2440 2439//2439 2438//2438
f 2441//2441 2442//2442 2443//2443
f 2442//2442 2441//2441 2444//2444
f 2445//2445 2446//2446 2447//2447
f 2446//2446 2445//2445 2448//2448
f 2449//2449 2450//2450 2451//2451
f 2449//2449 2452//2452 2450//2450
f 2453//2453 2454//2454 2455//2455
f 2455//2455 2456//2456 2453//2453
f 2457//2457 2458//2458 2459//2459
f 2460//2460 2457//2457 2459//2459
f 2461//2461 2462//2462 2463//2463
f 2462//2462 2461//2461 2464//2464
f 2465//2465 2466//2466 2467//2467
f 2466//2466 2465//2465 2468//2468
f 2469//2469 2470//2470 2471//2471
f 2470//2470 2469//2469 2472//2472
f 2473//2473 2474//2474 2475//2475
f 2474//2474 2473//2473 2476//2476
f 2477//2477 2478//2478 2479//2479
f 2478//2478 2477//2477 2480//2480
f 2481//2481 2482//2482 2483//2483
f 2482//2482 2481//2481 2484//2484
f 2485//2485 2486//2486 2487//2487
f 2485//2485 2487//2487 2488//2488
f 2489//2489 2490//2490 2491//2491
f 2490//2490 2489//2489 2492//2492
f 2493//2493 2494//2494 2495//2495
f 2494//2494 2493//2493 2496//2496
f 2497//2497 2498//2498 2499//2499
f 2499//2499 2500//2500 2497//2497
f 2501//2501 2502//2502 2503//2503
f 2502//2502 2501//2501 2504//2504
f 2505//2505 2506//2506 2507//2507
f 2506//2506 2505//2505 2508//2508
f 2509//2509 2510//2510 2511//2511
f 2510//2510 2509//2509 2512//2512
f 2513//2513 2514//2514 2515//2515
f 2514//2514 2513//2513 2516//2516
f 2517//2517 2518//2518 2519//2519
f 2520//2520 2517//2517 2519//2519
f 2521//2521 2522//2522 2523//2523
f 2522//2522 2521//2521 2524//2524
f 2525//2525 2526//2526 2527//2527
f 2528//2528 2526//2526 2525//2525
f 2529//2529 2530//2530 2531//2531
f 2530//2530 2529//2529 2532//2532
f 2533//2533 2534//2534 2535//2535
f 2534//2534 2533//2533 2536//2536
f 2537//2537 2538//2538 2539//2539
f 2538//2538 2537//2537 2540//2540
f 2541//2541 2542//2542 2543//2543
f 2542//2542 2541//2541 2544//2544
f 2545//2545 2546//2546 2547//2547
f 2548//2548 2545//2545 2547//2547
f 2549//2549 2550//2550 2551//2551
f 2552//2552 2550//2550 2549//2549
f 2553//2553 2554//2554 2555//2555
f 2553//2553 2556//2556 2554//2554
f 2557//2557 2558//2558 2559//2559
f 2560//2560 2557//2557 2559//2559
f 2561//2561 2562//2562 2563//2563
f 2562//2562 2561//2561 2564//2564
f 2565//2565 2566//2566 2567//2567
f 2566//2566 2565//2565 2568//2568
f 2569//2569 2570//2570 2571//2571
f 2572//2572 2569//2569 2571//2571
f 2573//2573 2574//2574 2575//2575
f 2573//2573 2576//2576 2574//2574
f 2577//2577 2578//2578 2579//2579
f 2580//2580 2579//2579 2578//2578
f 2581//2581 2582//2582 2583//2583
f 2582//2582 2581//2581 2584//2584
f 2585//2585 2586//2586 2587//2587
f 2588//2588 2587//2587 2586//2586
f 2589//2589 2590//2590 2591//2591
f 2590//2590 2589//2589 2592//2592
f 2593//2593 2594//2594 2595//2595
f 2594//2594 2593//2593 2596//2596
f 2597//2597 2598//2598 2599//2599
f 2598//2598 2597//2597 2600//2600
f 2601//2601 2602//2602 2603//2603
f 2602//2602 2601//2601 2604//2604
f 2605//2605 2606//2606 2607//2607
f 2607//2607 2608//2608 2605//2605
f 2609//2609 2610//2610 2611//2611
f 2610//2610 2609//2609 2612//2612
f 2613//2613 2614//2614 2615//2615
f 2614//2614 2613//2613 2616//2616
f 2617//2617 2618//2618 2619//2619
f 2618//2618 2617//2617 2620//2620
f 2621//2621 2622//2622 2623//2623
f 2624//2624 2622//2622 2621//2621
f 2625//2625 2626//2626 2627//2627
f 2625//2625 2628//2628 2626//2626
f 2629//2629 2630//2630 2631//2631
f 2630//2630 2629//2629 2632//2632
f 2633//2633 2634//2634 2635//2635
f 2635//2635 2636//2636 2633//2633
f 2637//2637 2638//2638 2639//2639
f 2638//2638 2637//2637 2640//2640
f 2641//2641 2642//2642 2643//2643
f 2642//2642 2641//2641 2644//2644
f 2645//2645 2646//2646 2647//2647
f 2646//2646 2645//2645 2648//2648
f 2649//2649 2650//2650 2651//2651
f 2649//2649 2652//2652 2650//2650
f 2653//2653 2654//2654 2655//2655
f 2654//2654 2653//2653 2656//2656
f 2657//2657 2658//2658 2659//2659
f 2658//2658 2657//2657 2660//2660
f 2661//2661 2662//2662 2663//2663
f 2664//2664 2661//2661 2663//2663
f 2665//2665 2666//2666 2667//2667
f 2666//2666 2665//2665 2668//2668
f 2669//2669 2670//2670 2671//2671
f 2672//2672 2670//2670 2669//2669
f 2673//2673 2674//2674 2675//2675
f 2674//2674 2673//2673 2676//2676
f 2677//2677 2678//2678 2679//2679
f 2680//2680 2679//2679 2678//2678
f 2681//2681 2682//2682 2683//2683
f 2682//2682 2681//2681 2684//2684
f 2685//2685 2686//2686 2687//2687
f 2686//2686 2685//2685 2688//2688
f 2689//2689 2690//2690 2691//2691
f 2690//2690 2689//2689 2692//2692
f 2693//2693 2694//2694 2695//2695
f 2693//2693 2696//2696 2694//2694
f 2697//2697 2698//2698 2699//2699
f 2700//2700 2697//2697 2699//2699
f 2701//2701 2702//2702 2703//2703
f 2702//2702 2701//2701 2704//2704
f 2705//2705 2706//2706 2707//2707
f 2707//2707 2708//2708 2705//2705
f 2709//2709 2710//2710 2711//2711
f 2710//2710 2709//2709 2712//2712
f 2713//2713 2714//2714 2715//2715
f 2714//2714 2713//2713 2716//2716
f 2717//2717 2718//2718 2719//2719
f 2718//2718 2717//2717 2720//2720
f 2721//2721 2722//2722 2723//2723
f 2724//2724 2722//2722 2721//2721
f 2725//2725 2726//2726 2727//2727
f 2727//2727 2728//2728 2725//2725
f 2729//2729 2730//2730 2731//2731
f 2732//2732 2730//2730 2729//2729
f 2733//2733 2734//2734 2735//2735
f 2734//2734 2733//2733 2736//2736
f 2737//2737 2738//2738 2739//2739
f 2738//2738 2737//2737 2740//2740
f 2741//2741 2742//2742 2743//2743
f 2743//2743 2744//2744 2741//2741
f 2745//2745 2746//2746 2747//2747
f 2748//2748 2746//2746 2745//2745
f 2749//2749 2750//2750 2751//2751
f 2750//2750 2749//2749 2752//2752
f 2753//2753 2754//2754 2755//2755
f 2754//2754 2753//2753 2756//2756
f 2757//2757 2758//2758 2759//2759
f 2758//2758 2757//2757 2760//2760
f 2761//2761 2762//2762 2763//2763
f 2762//2762 2761//2761 2764//2764
f 2765//2765 2766//2766 2767//2767
f 2766//2766 2765//2765 2768//2768
f 2769//2769 2770//2770 2771//2771
f 2770//2770 2769//2769 2772//2772
f 2773//2773 2774//2774 2775//2775
f 2774//2774 2773//2773 2776//2776
f 2777//2777 2778//2778 2779//2779
f 2778//2778 2777//2777 2780//2780
f 2781//2781 2782//2782 2783//2783
f 2784//2784 2782//2782 2781//2781
f 2785//2785 2786//2786 2787//2787
f 2787//2787 2788//2788 2785//2785
f 2789//2789 2790//2790 2791//2791
f 2790//2790 2789//2789 2792//2792
f 2793//2793 2794//2794 2795//2795
f 2795//2795 2796//2796 2793//2793
f 2797//2797 2798//2798 2799//2799
f 2798//2798 2797//2797 2800//2800
f 2801//2801 2802//2802 2803//2803
f 2802//2802 2801//2801 2804//2804
f 2805//2805 2806//2806 2807//2807
f 2805//2805 2808//2808 2806//2806
f 2809//2809 2810//2810 2811//2811
f 2810//2810 2809//2809 2812//2812
f 2813//2813 2814//2814 2815//2815
f 2814//2814 2813//2813 2816//2816
f 2817//2817 2818//2818 2819//2819
f 2818//2818 2817//2817 2820//2820
f 2821//2821 2822//2822 2823//2823
f 2822//2822 2821//2821 2824//2824
f 2825//2825 2826//2826 2827//2827
f 2826//2826 2825//2825 2828//2828
f 2829//2829 2830//2830 2831//2831
f 2830//2830 2829//2829 2832//2832
f 2833//2833 2834//2834 2835//2835
f 2836//2836 2834//2834 2833//2833
f 2837//2837 2838//2838 2839//2839
f 2838//2838 2837//2837 2840//2840
f 2841//2841 2842//2842 2843//2843
f 2844//2844 2841//2841 2843//2843
f 2845//2845 2846//2846 2847//2847
f 2846//2846 2845//2845 2848//2848
f 2849//2849 2850//2850 2851//2851
f 2852//2852 2849//2849 2851//2851
f 2853//2853 2854//2854 2855//2855
f 2853//2853 2856//2856 2854//2854
f 2857//2857 2858//2858 2859//2859
f 2858//2858 2857//2857 2860//2860
f 2861//2861 2862//2862 2863//2863
f 2862//2862 2861//2861 2864//2864
f 2865//2865 2866//2866 2867//2867
f 2866//2866 2865//2865 2868//2868
f 2869//2869 2870//2870 2871//2871
f 2870//2870 2869//2869 2872//2872
f 2873//2873 2874//2874 2875//2875
f 2874//2874 2873//2873 2876//2876
f 2877//2877 2878//2878 2879//2879
f 2878//2878 2877//2877 2880//2880
f 2881//2881 2882//2882 2883//2883
f 2882//2882 2881//2881 2884//2884
f 2885//2885 2886//2886 2887//2887
f 2887//2887 2888//2888 2885//2885
f 2889//2889 2890//2890 2891//2891
f 2890//2890 2889//2889 2892//2892
f 2893//2893 2894//2894 2895//2895
f 2895//2895 2896//2896 2893//2893
f 2897//2897 2898//2898 2899//2899
f 2897//2897 2899//2899 2900//2900
f 2901//2901 2902//2902 2903//2903
f 2902//2902 2901//2901 2904//2904
f 2905//2905 2906//2906 2907//2907
f 2908//2908 2906//2906 2905//2905
f 2909//2909 2910//2910 2911//2911
f 2912//2912 2909//2909 2911//2911
f 2913//2913 2914//2914 2915//2915
f 2914//2914 2913//2913 2916//2916
f 2917//2917 2918//2918 2919//2919
f 2918//2918 2917//2917 2920//2920
f 2921//2921 2922//2922 2923//2923
f 2924//2924 2922//2922 2921//2921
f 2925//2925 2926//2926 2927//2927
f 2926//2926 2925//2925 2928//2928
f 2929//2929 2930//2930 2931//2931
f 2932//2932 2930//2930 2929//2929
f 2933//2933 2934//2934 2935//2935
f 2934//2934 2933//2933 2936//2936
f 2937//2937 2938//2938 2939//2939
f 2938//2938 2937//2937 2940//2940
f 2941//2941 2942//2942 2943//2943
f 2943//2943 2944//2944 2941//2941
f 2945//2945 2946//2946 2947//2947
f 2945//2945 2948//2948 2946//2946
f 2949//2949 2950//2950 2951//2951
f 2950//2950 2949//2949 2952//2952
f 2953//2953 2954//2954 2955//2955
f 2954//2954 2953//2953 2956//2956
f 2957//2957 2958//2958 2959//2959
f 2959//2959 2960//2960 2957//2957
f 2961//2961 2962//2962 2963//2963
f 2962//2962 2961//2961 2964//2964
f 2965//2965 2966//2966 2967//2967
f 2966//2966 2965//2965 2968//2968
f 2969//2969 2970//2970 2971//2971
f 2972//2972 2970//2970 2969//2969
f 2973//2973 2974//2974 2975//2975
f 2974//2974 2973//2973 2976//2976
f 2977//2977 2978//2978 2979//2979
f 2978//2978 2977//2977 2980//2980
f 2981//2981 2982//2982 2983//2983
f 2982//2982 2981//2981 2984//2984
f 2985//2985 2986//2986 2987//2987
f 2986//2986 2985//2985 2988//2988
f 2989//2989 2990//2990 2991//2991
f 2991//2991 2992//2992 2989//2989
f 2993//2993 2994//2994 2995//2995
f 2996//2996 2995//2995 2994//2994
f 2997//2997 2998//2998 2999//2999
f 2998//2998 2997//2997 3000//3000
f 3001//3001 3002//3002 3003//3003
f 3004//3004 3003//3003 3002//3002
f 3005//3005 3006//3006 3007//3007
f 3006//3006 3005//3005 3008//3008
f 3009//3009 3010//3010 3011//3011
f 3012//3012 3009//3009 3011//3011
f 3013//3013 3014//3014 3015//3015
f 3014//3014 3013//3013 3016//3016
f 3017//3017 3018//3018 3019//3019
f 3018//3018 3017//3017 3020//3020
f 3021//3021 3022//3022 3023//3023
f 3022//3022 3021//3021 3024//3024
f 3025//3025 3026//3026 3027//3027
f 3026//3026 3025//3025 3028//3028
f 3029//3029 3030//3030 3031//3031
f 3030//3030 3029//3029 3032//3032
f 3033//3033 3034//3034 3035//3035
f 3034//3034 3033//3033 3036//3036
f 3037//3037 3038//3038 3039//3039
f 3038//3038 3037//3037 3040//3040
f 3041//3041 3042//3042 3043//3043
f 3044//3044 3041//3041 3043//3043
f 3045//3045 3046//3046 3047//3047
f 3046//3046 3045//3045 3048//3048
f 3049//3049 3050//3050 3051//3051
f 3050//3050 3049//3049 3052//3052
f 3053//3053 3054//3054 3055//3055
f 3054//3054 3053//3053 3056//3056
f 3057//3057 3058//3058 3059//3059
f 3058//3058 3057//3057 3060//3060
f 3061//3061 3062//3062 3063//3063
f 3062//3062 3061//3061 3064//3064
f 3065//3065 3066//3066 3067//3067
f 3066//3066 3065//3065 3068//3068
f 3069//3069 3070//3070 3071//3071
f 3070//3070 3069//3069 3072//3072
f 3073//3073 3074//3074 3075//3075
f 3073//3073 3076//3076 3074//3074
f 3077//3077 3078//3078 3079//3079
f 3078//3078 3077//3077 3080//3080
f 3081//3081 3082//3082 3083//3083
f 3084//3084 3082//3082 3081//3081
f 3085//3085 3086//3086 3087//3087
f 3087//3087 3088//3088 3085//3085
f 3089//3089 3090//3090 3091//3091
f 3090//3090 3089//3089 3092//3092
f 3093//3093 3094//3094 3095//3095
f 3094//3094 3093//3093 3096//3096
f 3097//3097 3098//3098 3099//3099
f 3098//3098 3097//3097 3100//3100
f 3101//3101 3102//3102 3103//3103
f 3103//3103 3104//3104 3101//3101
f 3105//3105 3106//3106 3107//3107
f 3106//3106 3105//3105 3108//3108
f 3109//3109 3110//3110 3111//3111
f 3110//3110 3109//3109 3112//3112
f 3113//3113 3114//3114 3115//3115
f 3114//3114 3113//3113 3116//3116
f 3117//3117 3118//3118 3119//3119
f 3118//3118 3117//3117 3120//3120
f 3121//3121 3122//3122 3123//3123
f 3122//3122 3121//3121 3124//3124
f 3125//3125 3126//3126 3127//3127
f 3126//3126 3125//3125 3128//3128
f 3129//3129 3130//3130 3131//3131
f 3132//3132 3130//3130 3129//3129
f 3133//3133 3134//3134 3135//3135
f 3134//3134 3133//3133 3136//3136
f 3137//3137 3138//3138 3139//3139
f 3138//3138 3137//3137 3140//3140
f 3141//3141 3142//3142 3143//3143
f 3141//3141 3144//3144 3142//3142
f 3145//3145 3146//3146 3147//3147
f 3148//3148 3145//3145 3147//3147
f 3149//3149 3150//3150 3151//3151
f 3150//3150 3149//3149 3152//3152
f 3153//3153 3154//3154 3155//3155
f 3154//3154 3153//3153 3156//3156
f 3157//3157 3158//3158 3159//3159
f 3157//3157 3160//3160 3158//3158
f 3161//3161 3162//3162 3163//3163
f 3164//3164 3163//3163 3162//3162
f 3165//3165 3166//3166 3167//3167
f 3166//3166 3165//3165 3168//3168
f 3169//3169 3170//3170 3171//3171
f 3170//3170 3169//3169 3172//3172
f 3173//3173 3174//3174 3175//3175
f 3174//3174 3173//3173 3176//3176
f 3177//3177 3178//3178 3179//3179
f 3178//3178 3177//3177 3180//3180
f 3181//3181 3182//3182 3183//3183
f 3181//3181 3184//3184 3182//3182
f 3185//3185 3186//3186 3187//3187
f 3186//3186 3185//3185 3188//3188
f 3189//3189 3190//3190 3191//3191
f 3192//3192 3190//3190 3189//3189
f 3193//3193 3194//3194 3195//3195
f 3194//3194 3193//3193 3196//3196
f 3197//3197 3198//3198 3199//3199
f 3200//3200 3197//3197 3199//3199
f 3201//3201 3202//3202 3203//3203
f 3202//3202 3201//3201 3204//3204
f 3205//3205 3206//3206 3207//3207
f 3206//3206 3205//3205 3208//3208
f 3209//3209 3210//3210 3211//3211
f 3209//3209 3212//3212 3210//3210
f 3213//3213 3214//3214 3215//3215
f 3216//3216 3213//3213 3215//3215
f 3217//3217 3218//3218 3219//3219
f 3219//3219 3220//3220 3217//3217
f 3221//3221 3222//3222 3223//3223
f 3222//3222 3221//3221 3224//3224
f 3225//3225 3226//3226 3227//3227
f 3226//3226 3225//3225 3228//3228
f 3229//3229 3230//3230 3231//3231
f 3230//3230 3229//3229 3232//3232
f 3233//3233 3234//3234 3235//3235
f 3234//3234 3233//3233 3236//3236
f 3237//3237 3238//3238 3239//3239
f 3238//3238 3237//3237 3240//3240
f 3241//3241 3242//3242 3243//3243
f 3242//3242 3241//3241 3244//3244
f 3245//3245 3246//3246 3247//3247
f 3246//3246 3245//3245 3248//3248
f 3249//3249 3250//3250 3251//3251
f 3250//3250 3249//3249 3252//3252
f 3253//3253 3254//3254 3255//3255
f 3253//3253 3256//3256 3254//3254
f 3257//3257 3258//3258 3259//3259
f 3258//3258 3257//3257 3260//3260
f 3261//3261 3262//3262 3263//3263
f 3262//3262 3261//3261 3264//3264
f 3265//3265 3266//3266 3267//3267
f 3266//3266 3265//3265 3268//3268
f 3269//3269 3270//3270 3271//3271
f 3270//3270 3269//3269 3272//3272
f 3273//3273 3274//3274 3275//3275
f 3274//3274 3273//3273 3276//3276
f 3277//3277 3278//3278 3279//3279
f 3280//3280 3278//3278 3277//3277
f 3281//3281 3282//3282 3283//3283
f 3282//3282 3281//3281 3284//3284
f 3285//3285 3286//3286 3287//3287
f 3286//3286 3285//3285 3288//3288
f 3289//3289 3290//3290 3291//3291
f 3292//3292 3289//3289 3291//3291
f 3293//3293 3294//3294 3295//3295
f 3296//3296 3294//3294 3293//3293
f 3297//3297 3298//3298 3299//3299
f 3298//3298 3297//3297 3300//3300
f 3301//3301 3302//3302 3303//3303
f 3302//3302 3301//3301 3304//3304
f 3305//3305 3306//3306 3307//3307
f 3307//3307 3308//3308 3305//3305
f 3309//3309 3310//3310 3311//3311
f 3310//3310 3309//3309 3312//3312
f 3313//3313 3314//3314 3315//3315
f 3314//3314 3313//3313 3316//3316
f 3317//3317 3318//3318 3319//3319
f 3318//3318 3317//3317 3320//3320
f 3321//3321 3322//3322 3323//3323
f 3322//3322 3321//3321 3324//3324
f 3325//3325 3326//3326 3327//3327
f 3326//3326 3325//3325 3328//3328
f 3329//3329 3330//3330 3331//3331
f 3330//3330 3329//3329 3332//3332
f 3333//3333 3334//3334 3335//3335
f 3336//3336 3334//3334 3333//3333
f 3337//3337 3338//3338 3339//3339
f 3338//3338 3337//3337 3340//3340
f 3341//3341 3342//3342 3343//3343
f 3342//3342 3341//3341 3344//3344
f 3345//3345 3346//3346 3347//3347
f 3346//3346 3345//3345 3348//3348
f 3349//3349 3350//3350 3351//3351
f 3350//3350 3349//3349 3352//3352
f 3353//3353 3354//3354 3355//3355
f 3355//3355 3356//3356 3353//3353
f 3357//3357 3358//3358 3359//3359
f 3358//3358 3357//3357 3360//3360
f 3361//3361 3362//3362 3363//3363
f 3362//3362 3361//3361 3364//3364
f 3365//3365 3366//3366 3367//3367
f 3368//3368 3365//3365 3367//3367
f 3369//3369 3370//3370 3371//3371
f 3370//3370 3369//3369 3372//3372
f 3373//3373 3374//3374 3375//3375
f 3376//3376 3374//3374 3373//3373
f 3377//3377 3378//3378 3379//3379
f 3378//3378 3377//3377 3380//3380
f 3381//3381 3382//3382 3383//3383
f 3382//3382 3381//3381 3384//3384
f 3385//3385 3386//3386 3387//3387
f 3387//3387 3388//3388 3385//3385
f 3389//3389 3390//3390 3391//3391
f 3390//3390 3389//3389 3392//3392
f 3393//3393 3394//3394 3395//3395
f 3394//3394 3393//3393 3396//3396
f 3397//3397 3398//3398 3399//3399
f 3398//3398 3397//3397 3400//3400
f 3401//3401 3402//3402 3403//3403
f 3403//3403 3404//3404 3401//3401
f 3405//3405 3406//3406 3407//3407
f 3406//3406 3405//3405 3408//3408
f 3409//3409 3410//3410 3411//3411
f 3410//3410 3409//3409 3412//3412
f 3413//3413 3414//3414 3415//3415
f 3416//3416 3414//3414 3413//3413
f 3417//3417 3418//3418 3419//3419
f 3419//3419 3420//3420 3417//3417
f 3421//3421 3422//3422 3423//3423
f 3422//3422 3421//3421 3424//3424
f 3425//3425 3426//3426 3427//3427
f 3426//3426 3425//3425 3428//3428
f 3429//3429 3430//3430 3431//3431
f 3430//3430 3429//3429 3432//3432
f 3433//3433 3434//3434 3435//3435
f 3434//3434 3433//3433 3436//3436
f 3437//3437 3438//3438 3439//3439
f 3438//3438 3437//3437 3440//3440
f 3441//3441 3442//3442 3443//3443
f 3441//3441 3444//3444 3442//3442
f 3445//3445 3446//3446 3447//3447
f 3446//3446 3445//3445 3448//3448
f 3449//3449 3450//3450 3451//3451
f 3450//3450 3449//3449 3452//3452
f 3453//3453 3454//3454 3455//3455
f 3456//3456 3455//3455 3454//3454
f 3457//3457 3458//3458 3459//3459
f 3458//3458 3457//3457 3460//3460
f 3461//3461 3462//3462 3463//3463
f 3464//3464 3461//3461 3463//3463
f 3465//3465 3466//3466 3467//3467
f 3465//3465 3468//3468 3466//3466
f 3469//3469 3470//3470 3471//3471
f 3470//3470 3469//3469 3472//3472
f 3473//3473 3474//3474 3475//3475
f 3474//3474 3473//3473 3476//3476
f 3477//3477 3478//3478 3479//3479
f 3480//3480 3479//3479 3478//3478
f 3481//3481 3482//3482 3483//3483
f 3482//3482 3481//3481 3484//3484
f 3485//3485 3486//3486 3487//3487
f 3488//3488 3487//3487 3486//3486
f 3489//3489 3490//3490 3491//3491
f 3490//3490 3489//3489 3492//3492
f 3493//3493 3494//3494 3495//3495
f 3494//3494 3493//3493 3496//3496
f 3497//3497 3498//3498 3499//3499
f 3498//3498 3497//3497 3500//3500
f 3501//3501 3502//3502 3503//3503
f 3502//3502 3501//3501 3504//3504
f 3505//3505 3506//3506 3507//3507
f 3507//3507 3508//3508 3505//3505
f 3509//3509 3510//3510 3511//3511
f 3510//3510 3509//3509 3512//3512
f 3513//3513 3514//3514 3515//3515
f 3513//3513 3516//3516 3514//3514
f 3517//3517 3518//3518 3519//3519
f 3518//3518 3517//3517 3520//3520
f 3521//3521 3522//3522 3523//3523
f 3523//3523 3524//3524 3521//3521
f 3525//3525 3526//3526 3527//3527
f 3528//3528 3526//3526 3525//3525
f 3529//3529 3530//3530 3531//3531
f 3530//3530 3529//3529 3532//3532
f 3533//3533 3534//3534 3535//3535
f 3534//3534 3533//3533 3536//3536
f 3537//3537 3538//3538 3539//3539
f 3538//3538 3537//3537 3540//3540
f 3541//3541 3542//3542 3543//3543
f 3544//3544 3542//3542 3541//3541
f 3545//3545 3546//3546 3547//3547
f 3546//3546 3545//3545 3548//3548
f 3549//3549 3550//3550 3551//3551
f 3550//3550 3549//3549 3552//3552
f 3553//3553 3554//3554 3555//3555
f 3554//3554 3553//3553 3556//3556
f 3557//3557 3558//3558 3559//3559
f 3558//3558 3557//3557 3560//3560
f 3561//3561 3562//3562 3563//3563
f 3562//3562 3561//3561 3564//3564
f 3565//3565 3566//3566 3567//3567
f 3568//3568 3566//3566 3565//3565
v -0.158653 0.098243 0.344675
v -0.238452 0.090494 0.337256
v -0.156604 0.056530 0.340502
v -0.272197 0.128425 0.340502
v -0.272197 0.128425 0.340502
v -0.156600 0.164454 0.344675
v -0.269886 0.185116 0.340502
v -0.158653 0.098243 0.344675
v 0.000000 0.147702 0.344675
v -0.158653 0.098243 0.344675
v 0.000000 0.075145 0.344675
v -0.156600 0.164454 0.344675
v 0.000000 0.075145 0.344675
v -0.156604 0.056530 0.340502
v 0.000000 0.029862 0.340795
v -0.158653 0.098243 0.344675
v 0.156604 0.056530 0.341674
v 0.000000 0.075145 0.344675
v 0.000000 0.029862 0.340795
v 0.158653 0.098243 0.344675
v 0.158653 0.098243 0.344675
v 0.000000 0.147702 0.344675
v 0.000000 0.075145 0.344675
v 0.156600 0.164454 0.344675
v 0.272197 0.128425 0.342847
v 0.156600 0.164454 0.344675
v 0.158653 0.098243 0.344675
v 0.269886 0.185116 0.342847
v 0.272197 0.128425 0.342847
v 0.158653 0.098243 0.344675
v 0.238452 0.090494 0.340904
v 0.156604 0.056530 0.341674
v -0.136870 0.062520 0.311289
v 0.000000 0.111978 0.313634
v 0.000000 0.039421 0.313634
v -0.139943 0.128730 0.311289
v -0.244968 0.101633 0.315462
v -0.139943 0.128730 0.311289
v -0.136870 0.062520 0.311289
v -0.249065 0.158323 0.315462
v -0.244968 0.101633 0.315462
v -0.136870 0.062520 0.311289
v -0.220655 0.070648 0.318708
v -0.138344 0.029737 0.315462
v -0.138344 0.029737 0.315462
v 0.000000 0.039421 0.313634
v 0.000000 0.003069 0.317514
v -0.136870 0.062520 0.311289
v 0.244968 0.101633 0.329535
v 0.139943 0.128730 0.320671
v 0.249065 0.158323 0.329535
v 0.136870 0.062520 0.320671
v 0.000000 0.111978 0.313634
v 0.139943 0.128730 0.320671
v 0.136870 0.062520 0.320671
v 0.000000 0.039421 0.313634
v 0.000000 0.039421 0.313634
v 0.138344 0.029737 0.323671
v 0.000000 0.003069 0.317514
v 0.136870 0.062520 0.320671
v 0.136870 0.062520 0.320671
v 0.244968 0.101633 0.329535
v 0.220655 0.070648 0.329653
v 0.138344 0.029737 0.323671
v -0.298074 0.260363 0.327982
v -0.296543 0.180096 0.327982
v -0.269886 0.185116 0.340502
v -0.266421 0.270143 0.340502
v -0.296543 0.180096 0.327982
v -0.255209 0.243350 0.315462
v -0.249065 0.158323 0.315462
v -0.298074 0.260363 0.327982
v -0.264050 0.325534 0.294856
v -0.255209 0.243350 0.315462
v -0.298074 0.260363 0.327982
v -0.303373 0.338383 0.306496
v -0.266421 0.270143 0.340502
v -0.303373 0.338383 0.306496
v -0.298074 0.260363 0.327982
v -0.266853 0.352326 0.318136
v 0.272197 0.128425 0.342847
v 0.296543 0.180096 0.337364
v 0.269886 0.185116 0.342847
v 0.295523 0.126578 0.337364
v 0.249065 0.158323 0.329535
v 0.296543 0.180096 0.337364
v 0.295523 0.126578 0.337364
v 0.244968 0.101633 0.329535
v 0.244968 0.101633 0.329535
v 0.258104 0.082541 0.336191
v 0.220655 0.070648 0.329653
v 0.295523 0.126578 0.337364
v 0.258104 0.082541 0.336191
v 0.272197 0.128425 0.342847
v 0.238452 0.090494 0.340904
v 0.295523 0.126578 0.337364
v -0.099710 0.426249 -0.124478
v -0.176851 0.407048 -0.129962
v -0.169783 0.419720 -0.114257
v -0.090273 0.411253 -0.144932
v -0.176851 0.407048 -0.129962
v -0.090273 0.411253 -0.144932
v -0.169783 0.399874 -0.122380
v -0.099710 0.399457 -0.135445
v -0.090273 0.411253 -0.144932
v 0.000000 0.403327 -0.135445
v -0.099710 0.399457 -0.135445
v 0.000000 0.415124 -0.144932
v 0.000000 0.415124 -0.144932
v -0.090273 0.411253 -0.144932
v 0.000000 0.430120 -0.124478
v -0.099710 0.426249 -0.124478
v -0.276234 0.400490 0.251040
v -0.303373 0.338383 0.306496
v -0.266853 0.352326 0.318136
v -0.315696 0.385159 0.242039
v -0.264050 0.325534 0.294856
v -0.315696 0.385159 0.242039
v -0.276234 0.373697 0.233037
v -0.303373 0.338383 0.306496
v -0.327573 0.408524 0.154923
v -0.276234 0.373697 0.233037
v -0.315696 0.385159 0.242039
v -0.286627 0.397063 0.148560
v -0.315696 0.385159 0.242039
v -0.276234 0.400490 0.251040
v -0.286627 0.423855 0.161286
v -0.327573 0.408524 0.154923
v -0.256039 0.409912 -0.085052
v -0.312659 0.414712 -0.017484
v -0.273577 0.430044 -0.012000
v -0.224034 0.425244 -0.079569
v -0.312659 0.414712 -0.017484
v -0.256039 0.409912 -0.085052
v -0.273577 0.403251 -0.022967
v -0.224034 0.398451 -0.090535
v -0.224034 0.398451 -0.090535
v -0.176851 0.407048 -0.129962
v -0.169783 0.399874 -0.122380
v -0.256039 0.409912 -0.085052
v -0.224034 0.425244 -0.079569
v -0.176851 0.407048 -0.129962
v -0.256039 0.409912 -0.085052
v -0.169783 0.419720 -0.114257
v 0.266421 0.270143 0.342847
v 0.303373 0.338383 0.314705
v 0.266853 0.352326 0.320188
v 0.298074 0.260363 0.337364
v 0.298074 0.260363 0.337364
v 0.255209 0.243350 0.329535
v 0.264050 0.325534 0.307169
v 0.303373 0.338383 0.314705
v 0.296543 0.180096 0.337364
v 0.255209 0.243350 0.329535
v 0.298074 0.260363 0.337364
v 0.249065 0.158323 0.329535
v 0.298074 0.260363 0.337364
v 0.269886 0.185116 0.342847
v 0.296543 0.180096 0.337364
v 0.266421 0.270143 0.342847
v 0.312659 0.414712 -0.017484
v 0.290091 0.431644 0.070945
v 0.331532 0.416312 0.065462
v 0.273577 0.430044 -0.012000
v 0.312659 0.414712 -0.017484
v 0.290091 0.404851 0.059978
v 0.273577 0.403251 -0.022967
v 0.331532 0.416312 0.065462
v 0.331532 0.416312 0.065462
v 0.286627 0.397063 0.150319
v 0.290091 0.404851 0.059978
v 0.327573 0.408524 0.156096
v 0.327573 0.408524 0.156096
v 0.290091 0.431644 0.070945
v 0.286627 0.423855 0.161579
v 0.331532 0.416312 0.065462
v 0.000000 0.029862 0.340795
v -0.147378 0.030718 0.327982
v 0.000000 0.002859 0.329155
v -0.156604 0.056530 0.340502
v 0.000000 0.002859 0.329155
v -0.138344 0.029737 0.315462
v 0.000000 0.003069 0.317514
v -0.147378 0.030718 0.327982
v -0.147378 0.030718 0.327982
v -0.220655 0.070648 0.318708
v -0.138344 0.029737 0.315462
v -0.258104 0.082541 0.327982
v -0.258104 0.082541 0.327982
v -0.147378 0.030718 0.327982
v -0.238452 0.090494 0.337256
v -0.156604 0.056530 0.340502
v -0.272197 0.128425 0.340502
v -0.258104 0.082541 0.327982
v -0.238452 0.090494 0.337256
v -0.295523 0.126578 0.327982
v -0.244968 0.101633 0.315462
v -0.220655 0.070648 0.318708
v -0.258104 0.082541 0.327982
v -0.295523 0.126578 0.327982
v -0.249065 0.158323 0.315462
v -0.244968 0.101633 0.315462
v -0.295523 0.126578 0.327982
v -0.296543 0.180096 0.327982
v -0.272197 0.128425 0.340502
v -0.296543 0.180096 0.327982
v -0.295523 0.126578 0.327982
v -0.269886 0.185116 0.340502
v 0.224034 0.425244 -0.079569
v 0.176851 0.407048 -0.129962
v 0.169783 0.419720 -0.114257
v 0.256039 0.409912 -0.085052
v 0.176851 0.407048 -0.129962
v 0.256039 0.409912 -0.085052
v 0.224034 0.398451 -0.090535
v 0.169783 0.399874 -0.122380
v 0.256039 0.409912 -0.085052
v 0.273577 0.403251 -0.022967
v 0.224034 0.398451 -0.090535
v 0.312659 0.414712 -0.017484
v 0.256039 0.409912 -0.085052
v 0.273577 0.430044 -0.012000
v 0.312659 0.414712 -0.017484
v 0.224034 0.425244 -0.079569
v 0.315696 0.385159 0.246730
v 0.286627 0.423855 0.161579
v 0.276234 0.400490 0.252213
v 0.327573 0.408524 0.156096
v 0.327573 0.408524 0.156096
v 0.276234 0.373697 0.240074
v 0.286627 0.397063 0.150319
v 0.315696 0.385159 0.246730
v 0.303373 0.338383 0.314705
v 0.276234 0.373697 0.240074
v 0.315696 0.385159 0.246730
v 0.264050 0.325534 0.307169
v 0.303373 0.338383 0.314705
v 0.276234 0.400490 0.252213
v 0.266853 0.352326 0.320188
v 0.315696 0.385159 0.246730
v 0.147378 0.030718 0.332673
v 0.238452 0.090494 0.340904
v 0.156604 0.056530 0.341674
v 0.258104 0.082541 0.336191
v 0.258104 0.082541 0.336191
v 0.147378 0.030718 0.332673
v 0.220655 0.070648 0.329653
v 0.138344 0.029737 0.323671
v 0.138344 0.029737 0.323671
v 0.000000 0.002859 0.329155
v 0.000000 0.003069 0.317514
v 0.147378 0.030718 0.332673
v 0.147378 0.030718 0.332673
v 0.000000 0.029862 0.340795
v 0.000000 0.002859 0.329155
v 0.156604 0.056530 0.341674
v -0.327573 0.408524 0.154923
v -0.290091 0.431644 0.070945
v -0.331532 0.416312 0.065462
v -0.286627 0.423855 0.161286
v -0.286627 0.397063 0.148560
v -0.331532 0.416312 0.065462
v -0.290091 0.404851 0.059978
v -0.327573 0.408524 0.154923
v -0.290091 0.404851 0.059978
v -0.312659 0.414712 -0.017484
v -0.273577 0.403251 -0.022967
v -0.331532 0.416312 0.065462
v -0.290091 0.431644 0.070945
v -0.312659 0.414712 -0.017484
v -0.331532 0.416312 0.065462
v -0.273577 0.430044 -0.012000
v 0.090273 0.411253 -0.144932
v 0.000000 0.430120 -0.124478
v 0.099710 0.426249 -0.124478
v 0.000000 0.415124 -0.144932
v 0.000000 0.415124 -0.144932
v 0.090273 0.411253 -0.144932
v 0.000000 0.403327 -0.135445
v 0.099710 0.399457 -0.135445
v 0.090273 0.411253 -0.144932
v 0.169783 0.399874 -0.122380
v 0.099710 0.399457 -0.135445
v 0.176851 0.407048 -0.129962
v 0.176851 0.407048 -0.129962
v 0.099710 0.426249 -0.124478
v 0.169783 0.419720 -0.114257
v 0.090273 0.411253 -0.144932
v -0.165766 0.406191 0.058151
v -0.273577 0.403251 -0.022967
v -0.156330 0.404591 -0.024795
v -0.290091 0.404851 0.059978
v -0.165766 0.406191 0.058151
v -0.286627 0.397063 0.148560
v -0.290091 0.404851 0.059978
v -0.163787 0.398403 0.146439
v 0.000000 0.410062 0.058151
v -0.163787 0.398403 0.146439
v -0.165766 0.406191 0.058151
v 0.000000 0.402273 0.146732
v 0.000000 0.410062 0.058151
v -0.156330 0.404591 -0.024795
v 0.000000 0.408462 -0.024795
v -0.165766 0.406191 0.058151
v -0.128020 0.399791 -0.092363
v -0.169783 0.399874 -0.122380
v -0.099710 0.399457 -0.135445
v -0.224034 0.398451 -0.090535
v -0.156330 0.404591 -0.024795
v -0.224034 0.398451 -0.090535
v -0.128020 0.399791 -0.092363
v -0.273577 0.403251 -0.022967
v 0.000000 0.408462 -0.024795
v -0.128020 0.399791 -0.092363
v 0.000000 0.403662 -0.092363
v -0.156330 0.404591 -0.024795
v 0.000000 0.403662 -0.092363
v -0.099710 0.399457 -0.135445
v 0.000000 0.403327 -0.135445
v -0.128020 0.399791 -0.092363
v 0.156330 0.404591 -0.024795
v 0.000000 0.410062 0.058151
v 0.000000 0.408462 -0.024795
v 0.165766 0.406191 0.058151
v 0.000000 0.410062 0.058151
v 0.163787 0.398403 0.147612
v 0.000000 0.402273 0.146732
v 0.165766 0.406191 0.058151
v 0.286627 0.397063 0.150319
v 0.165766 0.406191 0.058151
v 0.290091 0.404851 0.059978
v 0.163787 0.398403 0.147612
v 0.165766 0.406191 0.058151
v 0.156330 0.404591 -0.024795
v 0.273577 0.403251 -0.022967
v 0.290091 0.404851 0.059978
v 0.099710 0.399457 -0.135445
v 0.000000 0.403662 -0.092363
v 0.000000 0.403327 -0.135445
v 0.128020 0.399791 -0.092363
v 0.128020 0.399791 -0.092363
v 0.000000 0.408462 -0.024795
v 0.000000 0.403662 -0.092363
v 0.156330 0.404591 -0.024795
v 0.224034 0.398451 -0.090535
v 0.156330 0.404591 -0.024795
v 0.128020 0.399791 -0.092363
v 0.273577 0.403251 -0.022967
v 0.128020 0.399791 -0.092363
v 0.099710 0.399457 -0.135445
v 0.169783 0.399874 -0.122380
v 0.224034 0.398451 -0.090535
v 0.255209 0.243350 0.329535
v 0.150565 0.322710 0.299185
v 0.264050 0.325534 0.307169
v 0.144553 0.228034 0.320671
v 0.000000 0.323804 0.293028
v 0.144553 0.228034 0.320671
v 0.000000 0.220800 0.313634
v 0.150565 0.322710 0.299185
v 0.139943 0.128730 0.320671
v 0.000000 0.220800 0.313634
v 0.144553 0.228034 0.320671
v 0.000000 0.111978 0.313634
v 0.144553 0.228034 0.320671
v 0.249065 0.158323 0.329535
v 0.139943 0.128730 0.320671
v 0.255209 0.243350 0.329535
v 0.157848 0.375038 0.234728
v 0.000000 0.402273 0.146732
v 0.163787 0.398403 0.147612
v 0.000000 0.378908 0.231209
v 0.000000 0.378908 0.231209
v 0.150565 0.322710 0.299185
v 0.000000 0.323804 0.293028
v 0.157848 0.375038 0.234728
v 0.264050 0.325534 0.307169
v 0.157848 0.375038 0.234728
v 0.276234 0.373697 0.240074
v 0.150565 0.322710 0.299185
v 0.163787 0.398403 0.147612
v 0.276234 0.373697 0.240074
v 0.157848 0.375038 0.234728
v 0.286627 0.397063 0.150319
v -0.163787 0.398403 0.146439
v -0.276234 0.373697 0.233037
v -0.286627 0.397063 0.148560
v -0.157848 0.375038 0.230037
v -0.157848 0.375038 0.230037
v -0.264050 0.325534 0.294856
v -0.276234 0.373697 0.233037
v -0.150565 0.322710 0.290976
v 0.000000 0.378908 0.231209
v -0.150565 0.322710 0.290976
v -0.157848 0.375038 0.230037
v 0.000000 0.323804 0.293028
v 0.000000 0.378908 0.231209
v -0.157848 0.375038 0.230037
v 0.000000 0.402273 0.146732
v -0.163787 0.398403 0.146439
v -0.144553 0.228034 0.311289
v 0.000000 0.323804 0.293028
v 0.000000 0.220800 0.313634
v -0.150565 0.322710 0.290976
v -0.255209 0.243350 0.315462
v -0.150565 0.322710 0.290976
v -0.144553 0.228034 0.311289
v -0.264050 0.325534 0.294856
v -0.144553 0.228034 0.311289
v -0.139943 0.128730 0.311289
v -0.249065 0.158323 0.315462
v -0.255209 0.243350 0.315462
v -0.139943 0.128730 0.311289
v 0.000000 0.220800 0.313634
v 0.000000 0.111978 0.313634
v -0.144553 0.228034 0.311289
v 0.000000 0.445785 0.072773
v -0.163787 0.434126 0.163407
v 0.000000 0.437997 0.163407
v -0.165766 0.441915 0.072773
v -0.165766 0.441915 0.072773
v -0.286627 0.423855 0.161286
v -0.163787 0.434126 0.163407
v -0.290091 0.431644 0.070945
v -0.165766 0.441915 0.072773
v -0.273577 0.430044 -0.012000
v -0.290091 0.431644 0.070945
v -0.156330 0.440315 -0.010173
v 0.000000 0.445785 0.072773
v -0.156330 0.440315 -0.010173
v -0.165766 0.441915 0.072773
v 0.000000 0.444185 -0.010173
v 0.000000 0.439385 -0.077741
v -0.128020 0.435515 -0.077741
v 0.000000 0.444185 -0.010173
v -0.156330 0.440315 -0.010173
v -0.156330 0.440315 -0.010173
v -0.224034 0.425244 -0.079569
v -0.273577 0.430044 -0.012000
v -0.128020 0.435515 -0.077741
v -0.224034 0.425244 -0.079569
v -0.128020 0.435515 -0.077741
v -0.169783 0.419720 -0.114257
v -0.099710 0.426249 -0.124478
v 0.000000 0.439385 -0.077741
v -0.099710 0.426249 -0.124478
v -0.128020 0.435515 -0.077741
v 0.000000 0.430120 -0.124478
v 0.165766 0.441915 0.072773
v 0.163787 0.434126 0.163407
v 0.286627 0.423855 0.161579
v 0.290091 0.431644 0.070945
v 0.163787 0.434126 0.163407
v 0.000000 0.445785 0.072773
v 0.000000 0.437997 0.163407
v 0.165766 0.441915 0.072773
v 0.000000 0.445785 0.072773
v 0.156330 0.440315 -0.010173
v 0.000000 0.444185 -0.010173
v 0.165766 0.441915 0.072773
v 0.165766 0.441915 0.072773
v 0.290091 0.431644 0.070945
v 0.273577 0.430044 -0.012000
v 0.156330 0.440315 -0.010173
v 0.224034 0.425244 -0.079569
v 0.156330 0.440315 -0.010173
v 0.273577 0.430044 -0.012000
v 0.128020 0.435515 -0.077741
v 0.128020 0.435515 -0.077741
v 0.000000 0.444185 -0.010173
v 0.156330 0.440315 -0.010173
v 0.000000 0.439385 -0.077741
v 0.099710 0.426249 -0.124478
v 0.000000 0.439385 -0.077741
v 0.128020 0.435515 -0.077741
v 0.000000 0.430120 -0.124478
v 0.128020 0.435515 -0.077741
v 0.224034 0.425244 -0.079569
v 0.169783 0.419720 -0.114257
v 0.099710 0.426249 -0.124478
v 0.156600 0.164454 0.344675
v 0.000000 0.256523 0.344675
v 0.000000 0.147702 0.344675
v 0.153522 0.263757 0.344675
v 0.153522 0.263757 0.344675
v 0.000000 0.359528 0.322016
v 0.000000 0.256523 0.344675
v 0.152807 0.358433 0.322016
v 0.266421 0.270143 0.342847
v 0.152807 0.358433 0.322016
v 0.153522 0.263757 0.344675
v 0.266853 0.352326 0.320188
v 0.153522 0.263757 0.344675
v 0.156600 0.164454 0.344675
v 0.269886 0.185116 0.342847
v 0.266421 0.270143 0.342847
v 0.157848 0.410761 0.254041
v 0.152807 0.358433 0.322016
v 0.266853 0.352326 0.320188
v 0.276234 0.400490 0.252213
v 0.152807 0.358433 0.322016
v 0.000000 0.414632 0.254041
v 0.000000 0.359528 0.322016
v 0.157848 0.410761 0.254041
v 0.157848 0.410761 0.254041
v 0.000000 0.437997 0.163407
v 0.000000 0.414632 0.254041
v 0.163787 0.434126 0.163407
v 0.276234 0.400490 0.252213
v 0.163787 0.434126 0.163407
v 0.157848 0.410761 0.254041
v 0.286627 0.423855 0.161579
v 0.000000 0.414632 0.254041
v -0.152807 0.358433 0.322016
v 0.000000 0.359528 0.322016
v -0.157848 0.410761 0.254041
v -0.157848 0.410761 0.254041
v -0.266853 0.352326 0.318136
v -0.152807 0.358433 0.322016
v -0.276234 0.400490 0.251040
v -0.276234 0.400490 0.251040
v -0.163787 0.434126 0.163407
v -0.286627 0.423855 0.161286
v -0.157848 0.410761 0.254041
v 0.000000 0.437997 0.163407
v -0.157848 0.410761 0.254041
v 0.000000 0.414632 0.254041
v -0.163787 0.434126 0.163407
v -0.153522 0.263757 0.344675
v -0.269886 0.185116 0.340502
v -0.156600 0.164454 0.344675
v -0.266421 0.270143 0.340502
v -0.266421 0.270143 0.340502
v -0.152807 0.358433 0.322016
v -0.266853 0.352326 0.318136
v -0.153522 0.263757 0.344675
v 0.000000 0.359528 0.322016
v -0.153522 0.263757 0.344675
v 0.000000 0.256523 0.344675
v -0.152807 0.358433 0.322016
v -0.156600 0.164454 0.344675
v 0.000000 0.256523 0.344675
v -0.153522 0.263757 0.344675
v 0.000000 0.147702 0.344675
v -0.390709 -0.101963 -0.145764
v -0.331384 0.030852 -0.200289
v -0.341975 -0.101963 -0.220655
v -0.378609 0.030852 -0.130953
v -0.378609 0.030852 -0.130953
v -0.320794 0.153945 -0.179922
v -0.331384 0.030852 -0.200289
v -0.366509 0.153945 -0.116141
v -0.378487 0.030852 -0.038505
v -0.366509 0.153945 -0.116141
v -0.378609 0.030852 -0.130953
v -0.366390 0.153945 -0.031099
v -0.378609 0.030852 -0.130953
v -0.390709 -0.101963 -0.145764
v -0.390583 -0.101963 -0.045911
v -0.378487 0.030852 -0.038505
v 0.195438 -0.101963 -0.245618
v 0.331384 0.030852 -0.200289
v 0.341975 -0.101963 -0.220655
v 0.189386 0.030852 -0.223400
v 0.189386 0.030852 -0.223400
v 0.320794 0.153945 -0.179922
v 0.331384 0.030852 -0.200289
v 0.183334 0.153945 -0.201183
v 0.183334 0.153945 -0.201183
v 0.000000 0.030852 -0.223400
v 0.000000 0.153945 -0.201183
v 0.189386 0.030852 -0.223400
v 0.195438 -0.101963 -0.245618
v 0.000000 -0.101963 -0.245618
v 0.000000 0.030852 -0.223400
v 0.353088 0.054728 0.233305
v 0.297222 -0.042041 0.315111
v 0.360874 -0.059762 0.245350
v 0.293103 0.057327 0.299221
v 0.353088 0.054728 0.233305
v 0.291855 0.134550 0.285570
v 0.293103 0.057327 0.299221
v 0.347216 0.150211 0.222643
v 0.361567 0.153011 0.138639
v 0.353088 0.054728 0.233305
v 0.372106 0.036821 0.145007
v 0.347216 0.150211 0.222643
v 0.360874 -0.059762 0.245350
v 0.372106 0.036821 0.145007
v 0.353088 0.054728 0.233305
v 0.383125 -0.091413 0.151722
v -0.163865 0.017371 0.323143
v -0.297222 -0.042041 0.315111
v -0.165603 -0.073278 0.341289
v -0.293103 0.057327 0.299221
v -0.293103 0.057327 0.299221
v -0.164041 0.095034 0.307033
v -0.291855 0.134550 0.285570
v -0.163865 0.017371 0.323143
v 0.000000 0.069313 0.307398
v -0.163865 0.017371 0.323143
v 0.000000 -0.013246 0.324605
v -0.164041 0.095034 0.307033
v -0.165603 -0.073278 0.341289
v 0.000000 -0.013246 0.324605
v -0.163865 0.017371 0.323143
v 0.000000 -0.101136 0.343482
v 0.165603 -0.073278 0.341289
v 0.000000 -0.013246 0.324605
v 0.000000 -0.101136 0.343482
v 0.163865 0.017371 0.323143
v 0.163865 0.017371 0.323143
v 0.000000 0.069313 0.307398
v 0.000000 -0.013246 0.324605
v 0.164041 0.095034 0.307033
v 0.293103 0.057327 0.299221
v 0.164041 0.095034 0.307033
v 0.163865 0.017371 0.323143
v 0.291855 0.134550 0.285570
v 0.293103 0.057327 0.299221
v 0.163865 0.017371 0.323143
v 0.297222 -0.042041 0.315111
v 0.165603 -0.073278 0.341289
v -0.189386 0.030852 -0.223400
v 0.000000 -0.101963 -0.245618
v -0.195438 -0.101963 -0.245618
v 0.000000 0.030852 -0.223400
v 0.189386 0.030852 -0.223400
v -0.183334 0.153945 -0.201183
v -0.189386 0.030852 -0.223400
v -0.320794 0.153945 -0.179922
v -0.189386 0.030852 -0.223400
v -0.331384 0.030852 -0.200289
v -0.183334 0.153945 -0.201183
v -0.195438 -0.101963 -0.245618
v -0.331384 0.030852 -0.200289
v -0.189386 0.030852 -0.223400
v -0.341975 -0.101963 -0.220655
v 0.378609 0.030852 -0.130953
v 0.390583 -0.101963 -0.045911
v 0.390709 -0.101963 -0.145764
v 0.378487 0.030852 -0.038505
v 0.378487 0.030852 -0.038505
v 0.366509 0.153945 -0.116141
v 0.366390 0.153945 -0.031099
v 0.378609 0.030852 -0.130953
v 0.378609 0.030852 -0.130953
v 0.331384 0.030852 -0.200289
v 0.320794 0.153945 -0.179922
v 0.366509 0.153945 -0.116141
v 0.331384 0.030852 -0.200289
v 0.390709 -0.101963 -0.145764
v 0.341975 -0.101963 -0.220655
v 0.378609 0.030852 -0.130953
v 0.378446 0.030852 0.053943
v 0.383125 -0.091413 0.151722
v 0.390541 -0.101963 0.053943
v 0.372106 0.036821 0.145007
v 0.378446 0.030852 0.053943
v 0.361567 0.153011 0.138639
v 0.372106 0.036821 0.145007
v 0.366350 0.153945 0.053943
v 0.366390 0.153945 -0.031099
v 0.378446 0.030852 0.053943
v 0.378487 0.030852 -0.038505
v 0.366350 0.153945 0.053943
v 0.390541 -0.101963 0.053943
v 0.378487 0.030852 -0.038505
v 0.378446 0.030852 0.053943
v 0.390583 -0.101963 -0.045911
v -0.360874 -0.059762 0.245350
v -0.372106 0.036821 0.145007
v -0.383125 -0.091413 0.151722
v -0.353088 0.054728 0.233305
v -0.353088 0.054728 0.233305
v -0.361567 0.153011 0.138639
v -0.372106 0.036821 0.145007
v -0.347216 0.150211 0.222643
v -0.353088 0.054728 0.233305
v -0.293103 0.057327 0.299221
v -0.291855 0.134550 0.285570
v -0.347216 0.150211 0.222643
v -0.353088 0.054728 0.233305
v -0.297222 -0.042041 0.315111
v -0.293103 0.057327 0.299221
v -0.360874 -0.059762 0.245350
v -0.390541 -0.101963 0.053943
v -0.378487 0.030852 -0.038505
v -0.390583 -0.101963 -0.045911
v -0.378446 0.030852 0.053943
v -0.378446 0.030852 0.053943
v -0.366390 0.153945 -0.031099
v -0.378487 0.030852 -0.038505
v -0.366350 0.153945 0.053943
v -0.361567 0.153011 0.138639
v -0.378446 0.030852 0.053943
v -0.372106 0.036821 0.145007
v -0.366350 0.153945 0.053943
v -0.378446 0.030852 0.053943
v -0.390541 -0.101963 0.053943
v -0.383125 -0.091413 0.151722
v -0.372106 0.036821 0.145007
v -0.366350 0.153945 0.053943
v -0.362358 0.289151 -0.028630
v -0.366390 0.153945 -0.031099
v -0.362319 0.289151 0.053943
v -0.362319 0.289151 0.053943
v -0.317063 0.395098 -0.028630
v -0.362358 0.289151 -0.028630
v -0.317029 0.395099 0.053943
v -0.313297 0.388582 0.136516
v -0.362319 0.289151 0.053943
v -0.358054 0.284372 0.136516
v -0.317029 0.395099 0.053943
v -0.366350 0.153945 0.053943
v -0.358054 0.284372 0.136516
v -0.362319 0.289151 0.053943
v -0.361567 0.153011 0.138639
v -0.345259 0.270036 0.219090
v -0.361567 0.153011 0.138639
v -0.347216 0.150211 0.222643
v -0.358054 0.284372 0.136516
v -0.358054 0.284372 0.136516
v -0.302101 0.369032 0.219090
v -0.313297 0.388582 0.136516
v -0.345259 0.270036 0.219090
v -0.345259 0.270036 0.219090
v -0.261900 0.327476 0.264964
v -0.302101 0.369032 0.219090
v -0.291439 0.248472 0.281020
v -0.347216 0.150211 0.222643
v -0.291439 0.248472 0.281020
v -0.345259 0.270036 0.219090
v -0.291855 0.134550 0.285570
v 0.366350 0.153945 0.053943
v 0.358054 0.284372 0.136516
v 0.361567 0.153011 0.138639
v 0.362319 0.289151 0.053943
v 0.362319 0.289151 0.053943
v 0.313297 0.388582 0.136516
v 0.358054 0.284372 0.136516
v 0.317029 0.395099 0.053943
v 0.317063 0.395098 -0.028630
v 0.362319 0.289151 0.053943
v 0.362358 0.289151 -0.028630
v 0.317029 0.395099 0.053943
v 0.366350 0.153945 0.053943
v 0.362358 0.289151 -0.028630
v 0.362319 0.289151 0.053943
v 0.366390 0.153945 -0.031099
v 0.362475 0.289151 -0.111204
v 0.366390 0.153945 -0.031099
v 0.366509 0.153945 -0.116141
v 0.362358 0.289151 -0.028630
v 0.362475 0.289151 -0.111204
v 0.317063 0.395098 -0.028630
v 0.362358 0.289151 -0.028630
v 0.317166 0.395098 -0.111204
v 0.362475 0.289151 -0.111204
v 0.317264 0.289151 -0.173134
v 0.281986 0.367631 -0.157078
v 0.317166 0.395098 -0.111204
v 0.366509 0.153945 -0.116141
v 0.317264 0.289151 -0.173134
v 0.362475 0.289151 -0.111204
v 0.320794 0.153945 -0.179922
v 0.000000 -0.446485 0.053943
v 0.194994 -0.446022 0.156265
v 0.000000 -0.446022 0.156265
v 0.197287 -0.446485 0.053943
v 0.340761 -0.399242 0.155920
v 0.197287 -0.446485 0.053943
v 0.345252 -0.401447 0.053943
v 0.194994 -0.446022 0.156265
v 0.197308 -0.446485 -0.048379
v 0.345252 -0.401447 0.053943
v 0.197287 -0.446485 0.053943
v 0.345289 -0.401447 -0.048379
v 0.197287 -0.446485 0.053943
v 0.000000 -0.446485 -0.048379
v 0.197308 -0.446485 -0.048379
v 0.000000 -0.446485 0.053943
v 0.000000 -0.446485 -0.150702
v 0.197308 -0.446485 -0.048379
v 0.000000 -0.446485 -0.048379
v 0.197371 -0.446485 -0.150702
v 0.345289 -0.401447 -0.048379
v 0.197371 -0.446485 -0.150702
v 0.345399 -0.401447 -0.150702
v 0.197308 -0.446485 -0.048379
v 0.345399 -0.401447 -0.150702
v 0.197371 -0.446485 -0.150702
v 0.307087 -0.366418 -0.207547
v 0.197434 -0.401447 -0.227443
v 0.197371 -0.446485 -0.150702
v 0.000000 -0.401447 -0.227443
v 0.197434 -0.401447 -0.227443
v 0.000000 -0.446485 -0.150702
v 0.000000 0.430414 0.053943
v -0.179027 0.423319 0.136516
v 0.000000 0.423319 0.136516
v -0.181159 0.430414 0.053943
v -0.181159 0.430414 0.053943
v -0.313297 0.388582 0.136516
v -0.179027 0.423319 0.136516
v -0.317029 0.395099 0.053943
v -0.317029 0.395099 0.053943
v -0.181179 0.430414 -0.028630
v -0.317063 0.395098 -0.028630
v -0.181159 0.430414 0.053943
v -0.000000 0.430414 -0.028630
v -0.181159 0.430414 0.053943
v 0.000000 0.430414 0.053943
v -0.181179 0.430414 -0.028630
v 0.000000 0.430414 -0.111204
v -0.181179 0.430414 -0.028630
v -0.000000 0.430414 -0.028630
v -0.181238 0.430414 -0.111204
v -0.181238 0.430414 -0.111204
v -0.317063 0.395098 -0.028630
v -0.181179 0.430414 -0.028630
v -0.317166 0.395099 -0.111204
v -0.181238 0.430414 -0.111204
v -0.281986 0.367631 -0.157078
v -0.317166 0.395099 -0.111204
v -0.181297 0.395099 -0.173134
v 0.394573 -0.266334 0.053943
v 0.340761 -0.399242 0.155920
v 0.345252 -0.401447 0.053943
v 0.388074 -0.258903 0.154882
v 0.388074 -0.258903 0.154882
v 0.390541 -0.101963 0.053943
v 0.383125 -0.091413 0.151722
v 0.394573 -0.266334 0.053943
v 0.390583 -0.101963 -0.045911
v 0.394573 -0.266334 0.053943
v 0.394615 -0.266334 -0.048379
v 0.390541 -0.101963 0.053943
v 0.345252 -0.401447 0.053943
v 0.394615 -0.266334 -0.048379
v 0.394573 -0.266334 0.053943
v 0.345289 -0.401447 -0.048379
v 0.394742 -0.266334 -0.150702
v 0.345289 -0.401447 -0.048379
v 0.345399 -0.401447 -0.150702
v 0.394615 -0.266334 -0.048379
v 0.394615 -0.266334 -0.048379
v 0.390709 -0.101963 -0.145764
v 0.390583 -0.101963 -0.045911
v 0.394742 -0.266334 -0.150702
v 0.341975 -0.101963 -0.220655
v 0.394742 -0.266334 -0.150702
v 0.345505 -0.266334 -0.227443
v 0.390709 -0.101963 -0.145764
v 0.394742 -0.266334 -0.150702
v 0.345399 -0.401447 -0.150702
v 0.307087 -0.366418 -0.207547
v 0.345505 -0.266334 -0.227443
v -0.345252 -0.401447 0.053943
v -0.394615 -0.266334 -0.048379
v -0.345289 -0.401447 -0.048379
v -0.394573 -0.266334 0.053943
v -0.394573 -0.266334 0.053943
v -0.390583 -0.101963 -0.045911
v -0.394615 -0.266334 -0.048379
v -0.390541 -0.101963 0.053943
v -0.388074 -0.258903 0.154882
v -0.390541 -0.101963 0.053943
v -0.394573 -0.266334 0.053943
v -0.383125 -0.091413 0.151722
v -0.394573 -0.266334 0.053943
v -0.345252 -0.401447 0.053943
v -0.340761 -0.399242 0.155920
v -0.388074 -0.258903 0.154882
v -0.327288 -0.392628 0.257204
v -0.388074 -0.258903 0.154882
v -0.340761 -0.399242 0.155920
v -0.368574 -0.236609 0.253054
v -0.368574 -0.236609 0.253054
v -0.383125 -0.091413 0.151722
v -0.388074 -0.258903 0.154882
v -0.360874 -0.059762 0.245350
v -0.306253 -0.222397 0.326376
v -0.360874 -0.059762 0.245350
v -0.368574 -0.236609 0.253054
v -0.297222 -0.042041 0.315111
v -0.368574 -0.236609 0.253054
v -0.327288 -0.392628 0.257204
v -0.280387 -0.345451 0.311454
v -0.306253 -0.222397 0.326376
v 0.181159 0.430414 0.053943
v 0.179027 0.423319 0.136516
v 0.313297 0.388582 0.136516
v 0.317029 0.395099 0.053943
v 0.179027 0.423319 0.136516
v 0.000000 0.430414 0.053943
v 0.000000 0.423319 0.136516
v 0.181159 0.430414 0.053943
v 0.181159 0.430414 0.053943
v -0.000000 0.430414 -0.028630
v 0.000000 0.430414 0.053943
v 0.181179 0.430414 -0.028630
v 0.317029 0.395099 0.053943
v 0.181179 0.430414 -0.028630
v 0.181159 0.430414 0.053943
v 0.317063 0.395098 -0.028630
v 0.181238 0.430414 -0.111204
v 0.181179 0.430414 -0.028630
v 0.317063 0.395098 -0.028630
v 0.317166 0.395098 -0.111204
v 0.181179 0.430414 -0.028630
v 0.000000 0.430414 -0.111204
v -0.000000 0.430414 -0.028630
v 0.181238 0.430414 -0.111204
v 0.181238 0.430414 -0.111204
v 0.000000 0.395099 -0.173134
v 0.000000 0.430414 -0.111204
v -0.181238 0.430414 -0.111204
v -0.181297 0.395099 -0.173134
v 0.181297 0.395099 -0.173134
v 0.181238 0.430414 -0.111204
v 0.317166 0.395098 -0.111204
v 0.281986 0.367631 -0.157078
v 0.181297 0.395099 -0.173134
v -0.197287 -0.446484 0.053943
v -0.340761 -0.399242 0.155920
v -0.345252 -0.401447 0.053943
v -0.194994 -0.446022 0.156265
v 0.000000 -0.446485 0.053943
v -0.194994 -0.446022 0.156265
v -0.197287 -0.446484 0.053943
v 0.000000 -0.446022 0.156265
v 0.000000 -0.446485 0.053943
v -0.197287 -0.446484 0.053943
v 0.000000 -0.446485 -0.048379
v -0.197308 -0.446485 -0.048379
v -0.197308 -0.446485 -0.048379
v -0.345252 -0.401447 0.053943
v -0.345289 -0.401447 -0.048379
v -0.197287 -0.446484 0.053943
v -0.197371 -0.446485 -0.150702
v -0.345289 -0.401447 -0.048379
v -0.345399 -0.401447 -0.150702
v -0.197308 -0.446485 -0.048379
v 0.000000 -0.446485 -0.150702
v -0.197308 -0.446485 -0.048379
v -0.197371 -0.446485 -0.150702
v 0.000000 -0.446485 -0.048379
v 0.000000 -0.446485 -0.150702
v -0.197371 -0.446485 -0.150702
v 0.000000 -0.401447 -0.227443
v -0.197434 -0.401447 -0.227443
v -0.197371 -0.446485 -0.150702
v -0.345399 -0.401447 -0.150702
v -0.307087 -0.366418 -0.207547
v -0.197434 -0.401447 -0.227443
v -0.181316 0.289151 -0.193777
v 0.000000 0.153945 -0.201183
v -0.183334 0.153945 -0.201183
v -0.181297 0.395099 -0.173134
v 0.000000 0.289151 -0.193777
v -0.181316 0.289151 -0.193777
v -0.181316 0.289151 -0.193777
v -0.317264 0.289151 -0.173134
v -0.281986 0.367631 -0.157078
v -0.181297 0.395099 -0.173134
v -0.183334 0.153945 -0.201183
v -0.317264 0.289151 -0.173134
v -0.181316 0.289151 -0.193777
v -0.320794 0.153945 -0.179922
v 0.164041 0.095034 0.307033
v 0.000000 0.207559 0.301663
v 0.000000 0.069313 0.307398
v 0.164099 0.222013 0.301663
v 0.164099 0.222013 0.301663
v 0.000000 0.339222 0.281020
v 0.000000 0.207559 0.301663
v 0.166232 0.342835 0.281020
v 0.164099 0.222013 0.301663
v 0.291439 0.248472 0.281020
v 0.261900 0.327476 0.264964
v 0.166232 0.342835 0.281020
v 0.164099 0.222013 0.301663
v 0.164041 0.095034 0.307033
v 0.291855 0.134550 0.285570
v 0.291439 0.248472 0.281020
v -0.188116 -0.444634 0.258588
v -0.280387 -0.345451 0.311454
v -0.327288 -0.392628 0.257204
v -0.179323 -0.392353 0.333294
v 0.000000 -0.444634 0.258588
v -0.179323 -0.392353 0.333294
v -0.188116 -0.444634 0.258588
v 0.000000 -0.396394 0.333659
v 0.000000 -0.444634 0.258588
v -0.188116 -0.444634 0.258588
v 0.000000 -0.446022 0.156265
v -0.194994 -0.446022 0.156265
v -0.194994 -0.446022 0.156265
v -0.327288 -0.392628 0.257204
v -0.340761 -0.399242 0.155920
v -0.188116 -0.444634 0.258588
v 0.172629 0.402031 0.219090
v 0.166232 0.342835 0.281020
v 0.261900 0.327476 0.264964
v 0.302101 0.369032 0.219090
v 0.166232 0.342835 0.281020
v 0.000000 0.402031 0.219090
v 0.000000 0.339222 0.281020
v 0.172629 0.402031 0.219090
v 0.172629 0.402031 0.219090
v 0.000000 0.423319 0.136516
v 0.000000 0.402031 0.219090
v 0.302101 0.369032 0.219090
v 0.179027 0.423319 0.136516
v 0.172629 0.402031 0.219090
v 0.313297 0.388582 0.136516
v 0.179323 -0.392353 0.333294
v 0.000000 -0.255373 0.354228
v 0.000000 -0.396394 0.333659
v 0.171287 -0.239210 0.352766
v 0.171287 -0.239210 0.352766
v 0.000000 -0.101136 0.343482
v 0.000000 -0.255373 0.354228
v 0.165603 -0.073278 0.341289
v 0.306253 -0.222397 0.326376
v 0.165603 -0.073278 0.341289
v 0.171287 -0.239210 0.352766
v 0.297222 -0.042041 0.315111
v 0.171287 -0.239210 0.352766
v 0.179323 -0.392353 0.333294
v 0.280387 -0.345451 0.311454
v 0.306253 -0.222397 0.326376
v -0.197434 -0.401447 -0.227443
v 0.000000 -0.266334 -0.253024
v 0.000000 -0.401447 -0.227443
v 0.000000 -0.266334 -0.253024
v -0.195438 -0.101963 -0.245618
v 0.000000 -0.101963 -0.245618
v -0.197455 -0.266334 -0.253024
v -0.341975 -0.101963 -0.220655
v -0.195438 -0.101963 -0.245618
v -0.197455 -0.266334 -0.253024
v -0.345505 -0.266334 -0.227443
v -0.197455 -0.266334 -0.253024
v -0.197434 -0.401447 -0.227443
v -0.307087 -0.366418 -0.207547
v -0.345505 -0.266334 -0.227443
v -0.345399 -0.401447 -0.150702
v -0.394742 -0.266334 -0.150702
v -0.307087 -0.366418 -0.207547
v -0.345505 -0.266334 -0.227443
v -0.394742 -0.266334 -0.150702
v -0.341975 -0.101963 -0.220655
v -0.345505 -0.266334 -0.227443
v -0.390709 -0.101963 -0.145764
v -0.394615 -0.266334 -0.048379
v -0.390709 -0.101963 -0.145764
v -0.394742 -0.266334 -0.150702
v -0.390583 -0.101963 -0.045911
v -0.345399 -0.401447 -0.150702
v -0.394615 -0.266334 -0.048379
v -0.394742 -0.266334 -0.150702
v -0.345289 -0.401447 -0.048379
v 0.197455 -0.266334 -0.253024
v 0.307087 -0.366418 -0.207547
v 0.197434 -0.401447 -0.227443
v 0.345505 -0.266334 -0.227443
v 0.197455 -0.266334 -0.253024
v 0.341975 -0.101963 -0.220655
v 0.345505 -0.266334 -0.227443
v 0.195438 -0.101963 -0.245618
v 0.000000 -0.266334 -0.253024
v 0.195438 -0.101963 -0.245618
v 0.197455 -0.266334 -0.253024
v 0.000000 -0.101963 -0.245618
v 0.197434 -0.401447 -0.227443
v 0.197455 -0.266334 -0.253024
v -0.197455 -0.266334 -0.253024
v 0.327288 -0.392628 0.257204
v 0.368574 -0.236609 0.253054
v 0.280387 -0.345451 0.311454
v 0.306253 -0.222397 0.326376
v 0.306253 -0.222397 0.326376
v 0.360874 -0.059762 0.245350
v 0.297222 -0.042041 0.315111
v 0.368574 -0.236609 0.253054
v 0.383125 -0.091413 0.151722
v 0.368574 -0.236609 0.253054
v 0.388074 -0.258903 0.154882
v 0.360874 -0.059762 0.245350
v 0.327288 -0.392628 0.257204
v 0.388074 -0.258903 0.154882
v 0.368574 -0.236609 0.253054
v 0.340761 -0.399242 0.155920
v -0.179323 -0.392353 0.333294
v -0.171287 -0.239210 0.352766
v -0.280387 -0.345451 0.311454
v -0.306253 -0.222397 0.326376
v -0.306253 -0.222397 0.326376
v -0.165603 -0.073278 0.341289
v -0.297222 -0.042041 0.315111
v -0.171287 -0.239210 0.352766
v 0.000000 -0.101136 0.343482
v -0.171287 -0.239210 0.352766
v 0.000000 -0.255373 0.354228
v -0.165603 -0.073278 0.341289
v -0.179323 -0.392353 0.333294
v 0.000000 -0.255373 0.354228
v -0.171287 -0.239210 0.352766
v 0.000000 -0.396394 0.333659
v 0.000000 0.402031 0.219090
v -0.166232 0.342835 0.281020
v 0.000000 0.339222 0.281020
v -0.172629 0.402031 0.219090
v -0.172629 0.402031 0.219090
v -0.261900 0.327476 0.264964
v -0.166232 0.342835 0.281020
v -0.302101 0.369032 0.219090
v -0.302101 0.369032 0.219090
v -0.179027 0.423319 0.136516
v -0.313297 0.388582 0.136516
v -0.172629 0.402031 0.219090
v -0.179027 0.423319 0.136516
v -0.172629 0.402031 0.219090
v 0.179027 0.423319 0.136516
v 0.000000 -0.444634 0.258588
v 0.179323 -0.392353 0.333294
v 0.000000 -0.396394 0.333659
v 0.188116 -0.444634 0.258588
v 0.188116 -0.444634 0.258588
v 0.327288 -0.392628 0.257204
v 0.280387 -0.345451 0.311454
v 0.179323 -0.392353 0.333294
v 0.194994 -0.446022 0.156265
v 0.327288 -0.392628 0.257204
v 0.188116 -0.444634 0.258588
v 0.340761 -0.399242 0.155920
v 0.188116 -0.444634 0.258588
v 0.000000 -0.446022 0.156265
v 0.194994 -0.446022 0.156265
v 0.000000 -0.444634 0.258588
v -0.164099 0.222013 0.301663
v -0.291855 0.134550 0.285570
v -0.164041 0.095034 0.307033
v -0.291439 0.248472 0.281020
v -0.164099 0.222013 0.301663
v -0.261900 0.327476 0.264964
v -0.291439 0.248472 0.281020
v -0.166232 0.342835 0.281020
v 0.000000 0.339222 0.281020
v -0.166232 0.342835 0.281020
v -0.164099 0.222013 0.301663
v 0.000000 0.207559 0.301663
v -0.164041 0.095034 0.307033
v 0.000000 0.207559 0.301663
v -0.164099 0.222013 0.301663
v 0.000000 0.069313 0.307398
v 0.347216 0.150211 0.222643
v 0.291439 0.248472 0.281020
v 0.291855 0.134550 0.285570
v 0.345259 0.270036 0.219090
v 0.345259 0.270036 0.219090
v 0.302101 0.369032 0.219090
v 0.261900 0.327476 0.264964
v 0.291439 0.248472 0.281020
v 0.358054 0.284372 0.136516
v 0.302101 0.369032 0.219090
v 0.345259 0.270036 0.219090
v 0.313297 0.388582 0.136516
v 0.345259 0.270036 0.219090
v 0.347216 0.150211 0.222643
v 0.361567 0.153011 0.138639
v 0.358054 0.284372 0.136516
v 0.183334 0.153945 -0.201183
v 0.317264 0.289151 -0.173134
v 0.320794 0.153945 -0.179922
v 0.181316 0.289151 -0.193777
v 0.181316 0.289151 -0.193777
v 0.281986 0.367631 -0.157078
v 0.317264 0.289151 -0.173134
v 0.181297 0.395099 -0.173134
v 0.000000 0.395099 -0.173134
v 0.181297 0.395099 -0.173134
v 0.181316 0.289151 -0.193777
v 0.181316 0.289151 -0.193777
v 0.183334 0.153945 -0.201183
v 0.000000 0.289151 -0.193777
v -0.366509 0.153945 -0.116141
v -0.317264 0.289151 -0.173134
v -0.320794 0.153945 -0.179922
v -0.362475 0.289151 -0.111204
v -0.362475 0.289151 -0.111204
v -0.281986 0.367631 -0.157078
v -0.317264 0.289151 -0.173134
v -0.317166 0.395099 -0.111204
v -0.317063 0.395098 -0.028630
v -0.362475 0.289151 -0.111204
v -0.362358 0.289151 -0.028630
v -0.317166 0.395099 -0.111204
v -0.362475 0.289151 -0.111204
v -0.366509 0.153945 -0.116141
v -0.366390 0.153945 -0.031099
v -0.362358 0.289151 -0.028630
v 0.471067 -0.029962 -0.108046
v 0.437808 -0.000068 -0.094201
v 0.473985 -0.024430 -0.091272
v 0.434890 -0.006421 -0.111393
v 0.468149 -0.035532 -0.091272
v 0.434890 -0.006421 -0.111393
v 0.471067 -0.029962 -0.108046
v 0.431972 -0.011170 -0.094201
v 0.386654 0.003261 -0.115663
v 0.431972 -0.011170 -0.094201
v 0.383736 -0.001488 -0.097938
v 0.434890 -0.006421 -0.111393
v 0.434890 -0.006421 -0.111393
v 0.386654 0.003261 -0.115663
v 0.389573 0.009614 -0.097938
v 0.437808 -0.000068 -0.094201
v 0.486044 -0.071700 0.144736
v 0.471067 -0.029962 0.160334
v 0.483126 -0.074766 0.161678
v 0.473985 -0.024430 0.143561
v 0.468149 -0.035532 0.143561
v 0.483126 -0.074766 0.161678
v 0.471067 -0.029962 0.160334
v 0.480208 -0.082802 0.144736
v 0.483126 -0.122114 0.147042
v 0.480208 -0.082802 0.144736
v 0.480965 -0.118475 0.132994
v 0.483126 -0.074766 0.161678
v 0.483126 -0.074766 0.161678
v 0.483126 -0.122114 0.147042
v 0.485288 -0.110252 0.132994
v 0.486044 -0.071700 0.144736
v 0.338418 0.006488 0.169375
v 0.293101 0.012841 0.151471
v 0.290182 0.006488 0.169375
v 0.341337 0.012841 0.151471
v 0.335500 0.001739 0.151471
v 0.290182 0.006488 0.169375
v 0.287264 0.001739 0.151471
v 0.338418 0.006488 0.169375
v 0.386654 0.003261 0.167952
v 0.338418 0.006488 0.169375
v 0.383736 -0.001488 0.150226
v 0.335500 0.001739 0.151471
v 0.386654 0.003261 0.167952
v 0.341337 0.012841 0.151471
v 0.338418 0.006488 0.169375
v 0.389573 0.009614 0.150226
v 0.483126 -0.153289 -0.043467
v 0.486044 -0.140492 0.026144
v 0.483126 -0.164832 0.026144
v 0.486044 -0.130592 -0.043006
v 0.480208 -0.151594 0.026144
v 0.483126 -0.153289 -0.043467
v 0.483126 -0.164832 0.026144
v 0.480208 -0.141694 -0.043006
v 0.483126 -0.122114 -0.094754
v 0.483126 -0.153289 -0.043467
v 0.480964 -0.118475 -0.080706
v 0.480208 -0.141694 -0.043006
v 0.483126 -0.122114 -0.094754
v 0.486044 -0.130592 -0.043006
v 0.483126 -0.153289 -0.043467
v 0.485288 -0.110252 -0.080706
v 0.483126 -0.122114 -0.094754
v 0.483126 -0.074766 -0.109390
v 0.485288 -0.110252 -0.080706
v 0.486044 -0.071700 -0.092448
v 0.480208 -0.082802 -0.092448
v 0.483126 -0.122114 -0.094754
v 0.480964 -0.118475 -0.080706
v 0.483126 -0.074766 -0.109390
v 0.468149 -0.035532 -0.091272
v 0.483126 -0.074766 -0.109390
v 0.480208 -0.082802 -0.092448
v 0.471067 -0.029962 -0.108046
v 0.486044 -0.071700 -0.092448
v 0.471067 -0.029962 -0.108046
v 0.473985 -0.024430 -0.091272
v 0.483126 -0.074766 -0.109390
v 0.434890 -0.006421 0.163682
v 0.389573 0.009614 0.150226
v 0.386654 0.003261 0.167952
v 0.437808 -0.000068 0.146490
v 0.431972 -0.011170 0.146490
v 0.386654 0.003261 0.167952
v 0.383736 -0.001488 0.150226
v 0.434890 -0.006421 0.163682
v 0.434890 -0.006421 0.163682
v 0.431972 -0.011170 0.146490
v 0.468149 -0.035532 0.143561
v 0.471067 -0.029962 0.160334
v 0.471067 -0.029962 0.160334
v 0.437808 -0.000068 0.146490
v 0.434890 -0.006421 0.163682
v 0.473985 -0.024430 0.143561
v 0.483126 -0.122114 0.147042
v 0.486044 -0.130592 0.095295
v 0.485288 -0.110252 0.132994
v 0.483126 -0.153289 0.095756
v 0.483126 -0.153289 0.095756
v 0.483126 -0.122114 0.147042
v 0.480965 -0.118475 0.132994
v 0.480208 -0.141694 0.095295
v 0.483126 -0.153289 0.095756
v 0.480208 -0.151594 0.026144
v 0.483126 -0.164832 0.026144
v 0.480208 -0.141694 0.095295
v 0.486044 -0.140492 0.026144
v 0.483126 -0.153289 0.095756
v 0.483126 -0.164832 0.026144
v 0.486044 -0.130592 0.095295
v 0.386654 0.003261 -0.115663
v 0.341337 0.012841 -0.099183
v 0.389573 0.009614 -0.097938
v 0.338418 0.006488 -0.117087
v 0.383736 -0.001488 -0.097938
v 0.338418 0.006488 -0.117087
v 0.386654 0.003261 -0.115663
v 0.335500 0.001739 -0.099183
v 0.290182 0.006488 -0.117087
v 0.335500 0.001739 -0.099183
v 0.287264 0.001739 -0.099183
v 0.338418 0.006488 -0.117087
v 0.338418 0.006488 -0.117087
v 0.293101 0.012841 -0.099183
v 0.341337 0.012841 -0.099183
v 0.290182 0.006488 -0.117087
v 0.334527 0.002294 -0.045471
v 0.287264 0.001739 -0.099183
v 0.335500 0.001739 -0.099183
v 0.286291 0.002294 -0.045471
v 0.334527 0.002294 -0.045471
v 0.335500 0.001739 -0.099183
v 0.383736 -0.001488 -0.097938
v 0.382763 -0.000933 -0.044760
v 0.382763 -0.000933 -0.044760
v 0.334527 0.003898 0.026144
v 0.334527 0.002294 -0.045471
v 0.382763 0.000671 0.026144
v 0.334527 0.002294 -0.045471
v 0.286291 0.003898 0.026144
v 0.286291 0.002294 -0.045471
v 0.334527 0.003898 0.026144
v 0.334527 0.003898 0.026144
v 0.286291 0.002294 0.097760
v 0.286291 0.003898 0.026144
v 0.334527 0.002294 0.097760
v 0.334527 0.003898 0.026144
v 0.382763 -0.000933 0.097048
v 0.334527 0.002294 0.097760
v 0.382763 0.000671 0.026144
v 0.383736 -0.001488 0.150226
v 0.334527 0.002294 0.097760
v 0.382763 -0.000933 0.097048
v 0.335500 0.001739 0.151471
v 0.334527 0.002294 0.097760
v 0.287264 0.001739 0.151471
v 0.286291 0.002294 0.097760
v 0.335500 0.001739 0.151471
v 0.480208 -0.082802 0.144736
v 0.467176 -0.037442 0.093239
v 0.479235 -0.092107 0.093911
v 0.468149 -0.035532 0.143561
v 0.479235 -0.092107 0.093911
v 0.467176 -0.037482 0.026144
v 0.479235 -0.097077 0.026144
v 0.467176 -0.037442 0.093239
v 0.480208 -0.141694 0.095295
v 0.479235 -0.097077 0.026144
v 0.480208 -0.151594 0.026144
v 0.479235 -0.092107 0.093911
v 0.479235 -0.092107 0.093911
v 0.480208 -0.141694 0.095295
v 0.480965 -0.118475 0.132994
v 0.480208 -0.082802 0.144736
v 0.430999 -0.010615 0.094913
v 0.382763 0.000671 0.026144
v 0.430999 -0.009011 0.026144
v 0.382763 -0.000933 0.097048
v 0.430999 -0.009011 0.026144
v 0.467176 -0.037442 0.093239
v 0.430999 -0.010615 0.094913
v 0.467176 -0.037482 0.026144
v 0.468149 -0.035532 0.143561
v 0.431972 -0.011170 0.146490
v 0.430999 -0.010615 0.094913
v 0.467176 -0.037442 0.093239
v 0.382763 -0.000933 0.097048
v 0.431972 -0.011170 0.146490
v 0.383736 -0.001488 0.150226
v 0.430999 -0.010615 0.094913
v 0.431972 -0.011170 -0.094201
v 0.382763 -0.000933 -0.044760
v 0.383736 -0.001488 -0.097938
v 0.430999 -0.010615 -0.042625
v 0.430999 -0.010615 -0.042625
v 0.431972 -0.011170 -0.094201
v 0.468149 -0.035532 -0.091272
v 0.467176 -0.037442 -0.040951
v 0.467176 -0.037442 -0.040951
v 0.430999 -0.009011 0.026144
v 0.430999 -0.010615 -0.042625
v 0.467176 -0.037482 0.026144
v 0.430999 -0.010615 -0.042625
v 0.382763 0.000671 0.026144
v 0.382763 -0.000933 -0.044760
v 0.430999 -0.009011 0.026144
v 0.467176 -0.037482 0.026144
v 0.479235 -0.092107 -0.041623
v 0.479235 -0.097077 0.026144
v 0.467176 -0.037442 -0.040951
v 0.480208 -0.082802 -0.092448
v 0.467176 -0.037442 -0.040951
v 0.468149 -0.035532 -0.091272
v 0.479235 -0.092107 -0.041623
v 0.480208 -0.141694 -0.043006
v 0.479235 -0.092107 -0.041623
v 0.480964 -0.118475 -0.080706
v 0.480208 -0.082802 -0.092448
v 0.480208 -0.141694 -0.043006
v 0.479235 -0.097077 0.026144
v 0.479235 -0.092107 -0.041623
v 0.480208 -0.151594 0.026144
v 0.342309 0.018701 0.026144
v 0.390545 0.013870 -0.044760
v 0.342309 0.017097 -0.045471
v 0.390545 0.015473 0.026144
v 0.389573 0.009614 -0.097938
v 0.341337 0.012841 -0.099183
v 0.342309 0.017097 -0.045471
v 0.390545 0.013870 -0.044760
v 0.294073 0.017097 -0.045471
v 0.341337 0.012841 -0.099183
v 0.293101 0.012841 -0.099183
v 0.342309 0.017097 -0.045471
v 0.342309 0.017097 -0.045471
v 0.294073 0.018701 0.026144
v 0.342309 0.018701 0.026144
v 0.294073 0.017097 -0.045471
v 0.342309 0.017097 0.097760
v 0.341337 0.012841 0.151471
v 0.389573 0.009614 0.150226
v 0.390545 0.013870 0.097048
v 0.390545 0.013870 0.097048
v 0.342309 0.018701 0.026144
v 0.342309 0.017097 0.097760
v 0.390545 0.015473 0.026144
v 0.342309 0.017097 0.097760
v 0.294073 0.018701 0.026144
v 0.294073 0.017097 0.097760
v 0.342309 0.018701 0.026144
v 0.341337 0.012841 0.151471
v 0.294073 0.017097 0.097760
v 0.293101 0.012841 0.151471
v 0.342309 0.017097 0.097760
v 0.486044 -0.130592 0.095295
v 0.487017 -0.082274 0.026144
v 0.487017 -0.077304 0.093911
v 0.486044 -0.140492 0.026144
v 0.474958 -0.022679 0.026144
v 0.487017 -0.077304 0.093911
v 0.487017 -0.082274 0.026144
v 0.474958 -0.022640 0.093239
v 0.486044 -0.071700 0.144736
v 0.474958 -0.022640 0.093239
v 0.473985 -0.024430 0.143561
v 0.487017 -0.077304 0.093911
v 0.486044 -0.130592 0.095295
v 0.487017 -0.077304 0.093911
v 0.485288 -0.110252 0.132994
v 0.486044 -0.071700 0.144736
v 0.438781 0.004188 0.094913
v 0.437808 -0.000068 0.146490
v 0.473985 -0.024430 0.143561
v 0.474958 -0.022640 0.093239
v 0.474958 -0.022640 0.093239
v 0.438781 0.005792 0.026144
v 0.438781 0.004188 0.094913
v 0.474958 -0.022679 0.026144
v 0.438781 0.004188 0.094913
v 0.390545 0.015473 0.026144
v 0.390545 0.013870 0.097048
v 0.438781 0.005792 0.026144
v 0.437808 -0.000068 0.146490
v 0.390545 0.013870 0.097048
v 0.389573 0.009614 0.150226
v 0.438781 0.004188 0.094913
v 0.438781 0.005792 0.026144
v 0.474958 -0.022640 -0.040951
v 0.438781 0.004188 -0.042625
v 0.474958 -0.022679 0.026144
v 0.473985 -0.024430 -0.091272
v 0.438781 0.004188 -0.042625
v 0.474958 -0.022640 -0.040951
v 0.437808 -0.000068 -0.094201
v 0.390545 0.013870 -0.044760
v 0.437808 -0.000068 -0.094201
v 0.389573 0.009614 -0.097938
v 0.438781 0.004188 -0.042625
v 0.438781 0.004188 -0.042625
v 0.390545 0.015473 0.026144
v 0.438781 0.005792 0.026144
v 0.390545 0.013870 -0.044760
v 0.487017 -0.077304 -0.041623
v 0.486044 -0.130592 -0.043006
v 0.485288 -0.110252 -0.080706
v 0.486044 -0.071700 -0.092448
v 0.486044 -0.071700 -0.092448
v 0.474958 -0.022640 -0.040951
v 0.487017 -0.077304 -0.041623
v 0.473985 -0.024430 -0.091272
v 0.487017 -0.077304 -0.041623
v 0.474958 -0.022679 0.026144
v 0.487017 -0.082274 0.026144
v 0.474958 -0.022640 -0.040951
v 0.486044 -0.130592 -0.043006
v 0.487017 -0.082274 0.026144
v 0.486044 -0.140492 0.026144
v 0.487017 -0.077304 -0.041623
v 0.462827 -0.142263 0.162242
v 0.434156 -0.190780 0.200558
v 0.471283 -0.183437 0.171146
v 0.427745 -0.143340 0.188856
v 0.427745 -0.143340 0.188856
v 0.462827 -0.142263 0.162242
v 0.455561 -0.110264 0.154528
v 0.422071 -0.103775 0.177947
v 0.380753 -0.150760 0.196386
v 0.422071 -0.103775 0.177947
v 0.377364 -0.102614 0.183279
v 0.427745 -0.143340 0.188856
v 0.434156 -0.190780 0.200558
v 0.380753 -0.150760 0.196386
v 0.384326 -0.203895 0.209690
v 0.427745 -0.143340 0.188856
v 0.475558 -0.158819 -0.050192
v 0.471283 -0.183437 -0.118858
v 0.462827 -0.142263 -0.109953
v 0.485215 -0.196381 -0.054975
v 0.462827 -0.142263 -0.109953
v 0.466984 -0.126638 -0.046202
v 0.475558 -0.158819 -0.050192
v 0.455561 -0.110264 -0.102239
v 0.475558 -0.158819 -0.050192
v 0.467179 -0.137296 0.026144
v 0.476336 -0.171506 0.026144
v 0.466984 -0.126638 -0.046202
v 0.485215 -0.196381 -0.054975
v 0.476336 -0.171506 0.026144
v 0.486382 -0.207924 0.026144
v 0.475558 -0.158819 -0.050192
v 0.485215 -0.196381 0.107263
v 0.476336 -0.171506 0.026144
v 0.475558 -0.158819 0.102480
v 0.486382 -0.207924 0.026144
v 0.467179 -0.137296 0.026144
v 0.466984 -0.126638 0.098490
v 0.475558 -0.158819 0.102480
v 0.476336 -0.171506 0.026144
v 0.462827 -0.142263 0.162242
v 0.466984 -0.126638 0.098490
v 0.455561 -0.110264 0.154528
v 0.475558 -0.158819 0.102480
v 0.475558 -0.158819 0.102480
v 0.462827 -0.142263 0.162242
v 0.471283 -0.183437 0.171146
v 0.485215 -0.196381 0.107263
v 0.332288 -0.153233 0.198895
v 0.332288 -0.208267 0.212734
v 0.384326 -0.203895 0.209690
v 0.380753 -0.150760 0.196386
v 0.377364 -0.102614 0.183279
v 0.332288 -0.153233 0.198895
v 0.380753 -0.150760 0.196386
v 0.332288 -0.102228 0.185057
v 0.332288 -0.153233 0.198895
v 0.287028 -0.102228 0.185057
v 0.283087 -0.153233 0.198895
v 0.332288 -0.102228 0.185057
v 0.332288 -0.208267 0.212734
v 0.283087 -0.153233 0.198895
v 0.279145 -0.208267 0.212734
v 0.332288 -0.153233 0.198895
v 0.434156 -0.190780 -0.148270
v 0.380753 -0.150760 -0.144097
v 0.427745 -0.143340 -0.136567
v 0.384326 -0.203895 -0.157402
v 0.380753 -0.150760 -0.144097
v 0.422071 -0.103775 -0.125658
v 0.427745 -0.143340 -0.136567
v 0.377364 -0.102614 -0.130991
v 0.427745 -0.143340 -0.136567
v 0.455561 -0.110264 -0.102239
v 0.462827 -0.142263 -0.109953
v 0.422071 -0.103775 -0.125658
v 0.434156 -0.190780 -0.148270
v 0.462827 -0.142263 -0.109953
v 0.471283 -0.183437 -0.118858
v 0.427745 -0.143340 -0.136567
v 0.332288 -0.208267 -0.160446
v 0.283087 -0.153233 -0.146607
v 0.332288 -0.153233 -0.146607
v 0.279145 -0.208267 -0.160446
v 0.287028 -0.102228 -0.132768
v 0.332288 -0.153233 -0.146607
v 0.283087 -0.153233 -0.146607
v 0.332288 -0.102228 -0.132768
v 0.332288 -0.153233 -0.146607
v 0.377364 -0.102614 -0.130991
v 0.380753 -0.150760 -0.144097
v 0.332288 -0.102228 -0.132768
v 0.332288 -0.153233 -0.146607
v 0.384326 -0.203895 -0.157402
v 0.332288 -0.208267 -0.160446
v 0.380753 -0.150760 -0.144097
v 0.332288 -0.102228 -0.132768
v 0.288342 -0.046203 -0.128155
v 0.332288 -0.046203 -0.128155
v 0.287028 -0.102228 -0.132768
v 0.288342 -0.002302 -0.108868
v 0.332288 -0.046203 -0.128155
v 0.288342 -0.046203 -0.128155
v 0.332288 -0.002302 -0.108868
v 0.332288 -0.046203 -0.128155
v 0.376234 -0.005002 -0.107526
v 0.376234 -0.048183 -0.126622
v 0.332288 -0.002302 -0.108868
v 0.332288 -0.102228 -0.132768
v 0.376234 -0.048183 -0.126622
v 0.377364 -0.102614 -0.130991
v 0.332288 -0.046203 -0.128155
v 0.420180 -0.054124 -0.122022
v 0.422071 -0.103775 -0.125658
v 0.377364 -0.102614 -0.130991
v 0.376234 -0.048183 -0.126622
v 0.376234 -0.048183 -0.126622
v 0.420180 -0.013103 -0.103501
v 0.420180 -0.054124 -0.122022
v 0.376234 -0.005002 -0.107526
v 0.420180 -0.054124 -0.122022
v 0.444594 -0.030323 -0.086711
v 0.453140 -0.063059 -0.099668
v 0.420180 -0.013103 -0.103501
v 0.422071 -0.103775 -0.125658
v 0.453140 -0.063059 -0.099668
v 0.455561 -0.110264 -0.102239
v 0.420180 -0.054124 -0.122022
v 0.332288 -0.102228 0.185057
v 0.376234 -0.048183 0.178910
v 0.332288 -0.046203 0.180444
v 0.377364 -0.102614 0.183279
v 0.376234 -0.005002 0.159815
v 0.332288 -0.002302 0.161156
v 0.332288 -0.046203 0.180444
v 0.376234 -0.048183 0.178910
v 0.332288 -0.046203 0.180444
v 0.288342 -0.002302 0.161156
v 0.288342 -0.046203 0.180444
v 0.332288 -0.002302 0.161156
v 0.332288 -0.102228 0.185057
v 0.288342 -0.046203 0.180444
v 0.287028 -0.102228 0.185057
v 0.332288 -0.046203 0.180444
v 0.332288 -0.351024 0.026144
v 0.386745 -0.350833 0.120796
v 0.332288 -0.351024 0.121746
v 0.386745 -0.350833 0.026144
v 0.386561 -0.331449 0.191586
v 0.332288 -0.351024 0.121746
v 0.386745 -0.350833 0.120796
v 0.332288 -0.332362 0.193447
v 0.277831 -0.351024 0.121746
v 0.332288 -0.332362 0.193447
v 0.277831 -0.332362 0.193447
v 0.332288 -0.351024 0.121746
v 0.332288 -0.351024 0.121746
v 0.277831 -0.351024 0.026144
v 0.332288 -0.351024 0.026144
v 0.277831 -0.351024 0.121746
v 0.332288 0.012332 0.026144
v 0.376234 0.009391 -0.050239
v 0.332288 0.012332 -0.051005
v 0.376234 0.009391 0.026144
v 0.376234 -0.005002 -0.107526
v 0.332288 0.012332 -0.051005
v 0.376234 0.009391 -0.050239
v 0.332288 -0.002302 -0.108868
v 0.332288 0.012332 -0.051005
v 0.288342 -0.002302 -0.108868
v 0.288342 0.012332 -0.051005
v 0.332288 -0.002302 -0.108868
v 0.332288 0.012332 -0.051005
v 0.288342 0.012332 0.026144
v 0.332288 0.012332 0.026144
v 0.332288 -0.276377 0.217347
v 0.332288 -0.332362 0.193447
v 0.386561 -0.331449 0.191586
v 0.386008 -0.273297 0.214654
v 0.386008 -0.273297 0.214654
v 0.332288 -0.208267 0.212734
v 0.332288 -0.276377 0.217347
v 0.384326 -0.203895 0.209690
v 0.332288 -0.276377 0.217347
v 0.279145 -0.208267 0.212734
v 0.277831 -0.276377 0.217347
v 0.332288 -0.208267 0.212734
v 0.332288 -0.276377 0.217347
v 0.277831 -0.332362 0.193447
v 0.332288 -0.332362 0.193447
v 0.277831 -0.276377 0.217347
v 0.332288 -0.276377 -0.165059
v 0.332288 -0.332362 -0.141158
v 0.277831 -0.332362 -0.141158
v 0.277831 -0.276377 -0.165059
v 0.279145 -0.208267 -0.160446
v 0.332288 -0.208267 -0.160446
v 0.332288 -0.276377 -0.165059
v 0.277831 -0.276377 -0.165059
v 0.386008 -0.273297 -0.162365
v 0.332288 -0.208267 -0.160446
v 0.384326 -0.203895 -0.157402
v 0.332288 -0.276377 -0.165059
v 0.332288 -0.276377 -0.165059
v 0.386561 -0.331449 -0.139298
v 0.332288 -0.332362 -0.141158
v 0.386008 -0.273297 -0.162365
v 0.440465 -0.328708 -0.133715
v 0.386008 -0.273297 -0.162365
v 0.438256 -0.264059 -0.154286
v 0.386561 -0.331449 -0.139298
v 0.384326 -0.203895 -0.157402
v 0.438256 -0.264059 -0.154286
v 0.386008 -0.273297 -0.162365
v 0.434156 -0.190780 -0.148270
v 0.477279 -0.258170 -0.124999
v 0.434156 -0.190780 -0.148270
v 0.471283 -0.183437 -0.118858
v 0.438256 -0.264059 -0.154286
v 0.440465 -0.328708 -0.133715
v 0.438256 -0.264059 -0.154286
v 0.469337 -0.309160 -0.111587
v 0.477279 -0.258170 -0.124999
v 0.332288 0.012332 0.103294
v 0.332288 -0.002302 0.161156
v 0.376234 -0.005002 0.159815
v 0.376234 0.009391 0.102527
v 0.376234 0.009391 0.102527
v 0.332288 0.012332 0.026144
v 0.332288 0.012332 0.103294
v 0.376234 0.009391 0.026144
v 0.332288 0.012332 0.103294
v 0.288342 0.012332 0.103294
v 0.288342 0.012332 -0.051005
v 0.332288 0.012332 0.103294
v 0.288342 -0.002302 0.161156
v 0.332288 -0.002302 0.161156
v 0.288342 0.012332 0.103294
v 0.332288 -0.351024 -0.069457
v 0.332288 -0.332362 -0.141158
v 0.386561 -0.331449 -0.139298
v 0.386745 -0.350833 -0.068507
v 0.386745 -0.350833 -0.068507
v 0.332288 -0.351024 0.026144
v 0.332288 -0.351024 -0.069457
v 0.386745 -0.350833 0.026144
v 0.332288 -0.351024 -0.069457
v 0.277831 -0.351024 -0.069457
v 0.332288 -0.351024 -0.069457
v 0.277831 -0.332362 -0.141158
v 0.332288 -0.332362 -0.141158
v 0.277831 -0.351024 -0.069457
v 0.466984 -0.126638 0.098490
v 0.464126 -0.080012 0.026144
v 0.464126 -0.074023 0.097161
v 0.467179 -0.137296 0.026144
v 0.453140 -0.025455 0.026144
v 0.453140 -0.023958 0.097927
v 0.464126 -0.074023 0.097161
v 0.464126 -0.080012 0.026144
v 0.464126 -0.074023 0.097161
v 0.444595 -0.030323 0.138999
v 0.453140 -0.063059 0.151956
v 0.453140 -0.023958 0.097927
v 0.464126 -0.074023 0.097161
v 0.455561 -0.110264 0.154528
v 0.466984 -0.126638 0.098490
v 0.453140 -0.063059 0.151956
v 0.441201 -0.350258 -0.065657
v 0.440465 -0.328708 -0.133715
v 0.469337 -0.309160 -0.111587
v 0.480960 -0.328594 -0.062014
v 0.480960 -0.328594 -0.062014
v 0.441201 -0.350258 0.026144
v 0.441201 -0.350258 -0.065657
v 0.481155 -0.330269 0.026144
v 0.441201 -0.350258 -0.065657
v 0.386745 -0.350833 0.026144
v 0.386745 -0.350833 -0.068507
v 0.440465 -0.328708 -0.133715
v 0.386745 -0.350833 -0.068507
v 0.386561 -0.331449 -0.139298
v 0.441201 -0.350258 -0.065657
v 0.420180 0.000571 0.100227
v 0.420180 -0.013103 0.155790
v 0.444595 -0.030323 0.138999
v 0.453140 -0.023958 0.097927
v 0.453140 -0.023958 0.097927
v 0.420180 0.000571 0.026144
v 0.420180 0.000571 0.100227
v 0.453140 -0.025455 0.026144
v 0.420180 0.000571 0.100227
v 0.376234 0.009391 0.026144
v 0.376234 0.009391 0.102527
v 0.420180 0.000571 0.026144
v 0.420180 -0.013103 0.155790
v 0.376234 0.009391 0.102527
v 0.376234 -0.005002 0.159815
v 0.420180 0.000571 0.100227
v 0.480960 -0.328594 0.114302
v 0.492102 -0.271835 0.026144
v 0.491324 -0.265137 0.110973
v 0.481155 -0.330269 0.026144
v 0.486382 -0.207924 0.026144
v 0.491324 -0.265137 0.110973
v 0.492102 -0.271835 0.026144
v 0.485215 -0.196381 0.107263
v 0.477279 -0.258170 0.177287
v 0.485215 -0.196381 0.107263
v 0.471283 -0.183437 0.171146
v 0.491324 -0.265137 0.110973
v 0.491324 -0.265137 0.110973
v 0.469337 -0.309160 0.163876
v 0.480960 -0.328594 0.114302
v 0.477279 -0.258170 0.177287
v 0.438256 -0.264059 0.206574
v 0.440465 -0.328708 0.186004
v 0.469337 -0.309160 0.163876
v 0.477279 -0.258170 0.177287
v 0.477279 -0.258170 0.177287
v 0.434156 -0.190780 0.200558
v 0.438256 -0.264059 0.206574
v 0.471283 -0.183437 0.171146
v 0.438256 -0.264059 0.206574
v 0.384326 -0.203895 0.209690
v 0.386008 -0.273297 0.214654
v 0.434156 -0.190780 0.200558
v 0.440465 -0.328708 0.186004
v 0.386008 -0.273297 0.214654
v 0.386561 -0.331449 0.191586
v 0.438256 -0.264059 0.206574
v 0.491324 -0.265137 -0.058684
v 0.480960 -0.328594 -0.062014
v 0.469337 -0.309160 -0.111587
v 0.477279 -0.258170 -0.124999
v 0.477279 -0.258170 -0.124999
v 0.485215 -0.196381 -0.054975
v 0.491324 -0.265137 -0.058684
v 0.471283 -0.183437 -0.118858
v 0.491324 -0.265137 -0.058684
v 0.486382 -0.207924 0.026144
v 0.492102 -0.271835 0.026144
v 0.485215 -0.196381 -0.054975
v 0.480960 -0.328594 -0.062014
v 0.492102 -0.271835 0.026144
v 0.481155 -0.330269 0.026144
v 0.491324 -0.265137 -0.058684
v 0.420180 0.000571 0.026144
v 0.453140 -0.023958 -0.045639
v 0.420180 0.000571 -0.047939
v 0.453140 -0.025455 0.026144
v 0.420180 0.000571 -0.047939
v 0.453140 -0.023958 -0.045639
v 0.444594 -0.030323 -0.086711
v 0.420180 -0.013103 -0.103501
v 0.376234 0.009391 -0.050239
v 0.420180 -0.013103 -0.103501
v 0.376234 -0.005002 -0.107526
v 0.420180 0.000571 -0.047939
v 0.420180 0.000571 -0.047939
v 0.376234 0.009391 0.026144
v 0.420180 0.000571 0.026144
v 0.376234 0.009391 -0.050239
v 0.441201 -0.350258 0.026144
v 0.480960 -0.328594 0.114302
v 0.441201 -0.350258 0.117946
v 0.481155 -0.330269 0.026144
v 0.441201 -0.350258 0.117946
v 0.480960 -0.328594 0.114302
v 0.469337 -0.309160 0.163876
v 0.440465 -0.328708 0.186004
v 0.386745 -0.350833 0.120796
v 0.440465 -0.328708 0.186004
v 0.386561 -0.331449 0.191586
v 0.441201 -0.350258 0.117946
v 0.441201 -0.350258 0.117946
v 0.441201 -0.350258 0.026144
v 0.386745 -0.350833 0.120796
v 0.464126 -0.074023 -0.044872
v 0.466984 -0.126638 -0.046202
v 0.455561 -0.110264 -0.102239
v 0.453140 -0.063059 -0.099668
v 0.464126 -0.074023 -0.044872
v 0.453140 -0.063059 -0.099668
v 0.444594 -0.030323 -0.086711
v 0.453140 -0.023958 -0.045639
v 0.464126 -0.074023 -0.044872
v 0.453140 -0.025455 0.026144
v 0.464126 -0.080012 0.026144
v 0.453140 -0.023958 -0.045639
v 0.466984 -0.126638 -0.046202
v 0.464126 -0.080012 0.026144
v 0.467179 -0.137296 0.026144
v 0.464126 -0.074023 -0.044872
v 0.422071 -0.103775 0.177947
v 0.453140 -0.063059 0.151956
v 0.420180 -0.054124 0.174310
v 0.455561 -0.110264 0.154528
v 0.420180 -0.054124 0.174310
v 0.453140 -0.063059 0.151956
v 0.444595 -0.030323 0.138999
v 0.420180 -0.013103 0.155790
v 0.376234 -0.048183 0.178910
v 0.420180 -0.013103 0.155790
v 0.376234 -0.005002 0.159815
v 0.420180 -0.054124 0.174310
v 0.420180 -0.054124 0.174310
v 0.377364 -0.102614 0.183279
v 0.422071 -0.103775 0.177947
v 0.376234 -0.048183 0.178910
v -0.437808 -0.000068 -0.094201
v -0.471067 -0.029962 -0.108046
v -0.473985 -0.024430 -0.091272
v -0.434890 -0.006421 -0.111393
v -0.434890 -0.006421 -0.111393
v -0.468149 -0.035532 -0.091272
v -0.471067 -0.029962 -0.108046
v -0.431972 -0.011170 -0.094201
v -0.386654 0.003261 -0.115663
v -0.431972 -0.011170 -0.094201
v -0.434890 -0.006421 -0.111393
v -0.383736 -0.001488 -0.097938
v -0.386654 0.003261 -0.115663
v -0.434890 -0.006421 -0.111393
v -0.389573 0.009614 -0.097938
v -0.437808 -0.000068 -0.094201
v -0.486044 -0.071700 0.144736
v -0.471067 -0.029962 0.160334
v -0.473985 -0.024430 0.143561
v -0.483126 -0.074766 0.161678
v -0.468149 -0.035532 0.143561
v -0.483126 -0.074766 0.161678
v -0.480208 -0.082802 0.144736
v -0.471067 -0.029962 0.160334
v -0.480208 -0.082802 0.144736
v -0.483126 -0.122114 0.147042
v -0.480965 -0.118475 0.132994
v -0.483126 -0.074766 0.161678
v -0.483126 -0.122114 0.147042
v -0.483126 -0.074766 0.161678
v -0.485288 -0.110252 0.132994
v -0.486044 -0.071700 0.144736
v -0.293101 0.012841 0.151471
v -0.341337 0.012841 0.151471
v -0.338418 0.006488 0.169375
v -0.290182 0.006488 0.169375
v -0.290182 0.006488 0.169375
v -0.335500 0.001739 0.151471
v -0.287264 0.001739 0.151471
v -0.338418 0.006488 0.169375
v -0.338418 0.006488 0.169375
v -0.383736 -0.001488 0.150226
v -0.335500 0.001739 0.151471
v -0.386654 0.003261 0.167952
v -0.386654 0.003261 0.167952
v -0.341337 0.012841 0.151471
v -0.389573 0.009614 0.150226
v -0.338418 0.006488 0.169375
v -0.486044 -0.140492 0.026144
v -0.483126 -0.153289 -0.043467
v -0.483126 -0.164832 0.026144
v -0.486044 -0.130592 -0.043006
v -0.483126 -0.153289 -0.043467
v -0.480208 -0.151594 0.026144
v -0.483126 -0.164832 0.026144
v -0.480208 -0.141694 -0.043006
v -0.483126 -0.153289 -0.043467
v -0.483126 -0.122114 -0.094754
v -0.480964 -0.118475 -0.080706
v -0.480208 -0.141694 -0.043006
v -0.483126 -0.122114 -0.094754
v -0.486044 -0.130592 -0.043006
v -0.485288 -0.110252 -0.080706
v -0.483126 -0.153289 -0.043467
v -0.483126 -0.074766 -0.109390
v -0.485288 -0.110252 -0.080706
v -0.486044 -0.071700 -0.092448
v -0.483126 -0.122114 -0.094754
v -0.483126 -0.122114 -0.094754
v -0.480208 -0.082802 -0.092448
v -0.480964 -0.118475 -0.080706
v -0.483126 -0.074766 -0.109390
v -0.468149 -0.035532 -0.091272
v -0.483126 -0.074766 -0.109390
v -0.471067 -0.029962 -0.108046
v -0.480208 -0.082802 -0.092448
v -0.486044 -0.071700 -0.092448
v -0.471067 -0.029962 -0.108046
v -0.483126 -0.074766 -0.109390
v -0.473985 -0.024430 -0.091272
v -0.389573 0.009614 0.150226
v -0.437808 -0.000068 0.146490
v -0.434890 -0.006421 0.163682
v -0.386654 0.003261 0.167952
v -0.386654 0.003261 0.167952
v -0.431972 -0.011170 0.146490
v -0.383736 -0.001488 0.150226
v -0.434890 -0.006421 0.163682
v -0.434890 -0.006421 0.163682
v -0.468149 -0.035532 0.143561
v -0.431972 -0.011170 0.146490
v -0.471067 -0.029962 0.160334
v -0.471067 -0.029962 0.160334
v -0.437808 -0.000068 0.146490
v -0.473985 -0.024430 0.143561
v -0.434890 -0.006421 0.163682
v -0.483126 -0.122114 0.147042
v -0.486044 -0.130592 0.095295
v -0.483126 -0.153289 0.095756
v -0.485288 -0.110252 0.132994
v -0.483126 -0.122114 0.147042
v -0.483126 -0.153289 0.095756
v -0.480965 -0.118475 0.132994
v -0.480208 -0.141694 0.095295
v -0.480208 -0.151594 0.026144
v -0.480208 -0.141694 0.095295
v -0.483126 -0.153289 0.095756
v -0.483126 -0.164832 0.026144
v -0.483126 -0.153289 0.095756
v -0.486044 -0.140492 0.026144
v -0.483126 -0.164832 0.026144
v -0.486044 -0.130592 0.095295
v -0.341337 0.012841 -0.099183
v -0.386654 0.003261 -0.115663
v -0.389573 0.009614 -0.097938
v -0.338418 0.006488 -0.117087
v -0.338418 0.006488 -0.117087
v -0.383736 -0.001488 -0.097938
v -0.386654 0.003261 -0.115663
v -0.335500 0.001739 -0.099183
v -0.290182 0.006488 -0.117087
v -0.335500 0.001739 -0.099183
v -0.338418 0.006488 -0.117087
v -0.287264 0.001739 -0.099183
v -0.290182 0.006488 -0.117087
v -0.338418 0.006488 -0.117087
v -0.293101 0.012841 -0.099183
v -0.341337 0.012841 -0.099183
v -0.334527 0.002294 -0.045471
v -0.335500 0.001739 -0.099183
v -0.287264 0.001739 -0.099183
v -0.286291 0.002294 -0.045471
v -0.334527 0.002294 -0.045471
v -0.383736 -0.001488 -0.097938
v -0.335500 0.001739 -0.099183
v -0.382763 -0.000933 -0.044760
v -0.382763 -0.000933 -0.044760
v -0.334527 0.003898 0.026144
v -0.382763 0.000671 0.026144
v -0.334527 0.002294 -0.045471
v -0.286291 0.003898 0.026144
v -0.334527 0.002294 -0.045471
v -0.286291 0.002294 -0.045471
v -0.334527 0.003898 0.026144
v -0.334527 0.003898 0.026144
v -0.286291 0.002294 0.097760
v -0.334527 0.002294 0.097760
v -0.286291 0.003898 0.026144
v -0.334527 0.003898 0.026144
v -0.382763 -0.000933 0.097048
v -0.382763 0.000671 0.026144
v -0.334527 0.002294 0.097760
v -0.334527 0.002294 0.097760
v -0.383736 -0.001488 0.150226
v -0.382763 -0.000933 0.097048
v -0.335500 0.001739 0.151471
v -0.287264 0.001739 0.151471
v -0.334527 0.002294 0.097760
v -0.286291 0.002294 0.097760
v -0.335500 0.001739 0.151471
v -0.480208 -0.082802 0.144736
v -0.467176 -0.037442 0.093239
v -0.468149 -0.035532 0.143561
v -0.479235 -0.092107 0.093911
v -0.467176 -0.037482 0.026144
v -0.479235 -0.092107 0.093911
v -0.479235 -0.097077 0.026144
v -0.467176 -0.037442 0.093239
v -0.480208 -0.141694 0.095295
v -0.479235 -0.097077 0.026144
v -0.479235 -0.092107 0.093911
v -0.480208 -0.151594 0.026144
v -0.480208 -0.141694 0.095295
v -0.479235 -0.092107 0.093911
v -0.480965 -0.118475 0.132994
v -0.480208 -0.082802 0.144736
v -0.430999 -0.010615 0.094913
v -0.430999 -0.009011 0.026144
v -0.382763 0.000671 0.026144
v -0.382763 -0.000933 0.097048
v -0.430999 -0.009011 0.026144
v -0.467176 -0.037442 0.093239
v -0.467176 -0.037482 0.026144
v -0.430999 -0.010615 0.094913
v -0.430999 -0.010615 0.094913
v -0.468149 -0.035532 0.143561
v -0.467176 -0.037442 0.093239
v -0.431972 -0.011170 0.146490
v -0.382763 -0.000933 0.097048
v -0.431972 -0.011170 0.146490
v -0.430999 -0.010615 0.094913
v -0.383736 -0.001488 0.150226
v -0.431972 -0.011170 -0.094201
v -0.382763 -0.000933 -0.044760
v -0.430999 -0.010615 -0.042625
v -0.383736 -0.001488 -0.097938
v -0.430999 -0.010615 -0.042625
v -0.468149 -0.035532 -0.091272
v -0.431972 -0.011170 -0.094201
v -0.467176 -0.037442 -0.040951
v -0.467176 -0.037442 -0.040951
v -0.430999 -0.009011 0.026144
v -0.467176 -0.037482 0.026144
v -0.430999 -0.010615 -0.042625
v -0.382763 0.000671 0.026144
v -0.430999 -0.010615 -0.042625
v -0.382763 -0.000933 -0.044760
v -0.430999 -0.009011 0.026144
v -0.479235 -0.092107 -0.041623
v -0.467176 -0.037482 0.026144
v -0.479235 -0.097077 0.026144
v -0.467176 -0.037442 -0.040951
v -0.480208 -0.082802 -0.092448
v -0.467176 -0.037442 -0.040951
v -0.479235 -0.092107 -0.041623
v -0.468149 -0.035532 -0.091272
v -0.479235 -0.092107 -0.041623
v -0.480208 -0.141694 -0.043006
v -0.480964 -0.118475 -0.080706
v -0.480208 -0.082802 -0.092448
v -0.480208 -0.141694 -0.043006
v -0.479235 -0.097077 0.026144
v -0.480208 -0.151594 0.026144
v -0.479235 -0.092107 -0.041623
v -0.342309 0.018701 0.026144
v -0.390545 0.013870 -0.044760
v -0.390545 0.015473 0.026144
v -0.342309 0.017097 -0.045471
v -0.342309 0.017097 -0.045471
v -0.389573 0.009614 -0.097938
v -0.390545 0.013870 -0.044760
v -0.341337 0.012841 -0.099183
v -0.294073 0.017097 -0.045471
v -0.341337 0.012841 -0.099183
v -0.342309 0.017097 -0.045471
v -0.293101 0.012841 -0.099183
v -0.342309 0.017097 -0.045471
v -0.342309 0.018701 0.026144
v -0.294073 0.018701 0.026144
v -0.294073 0.017097 -0.045471
v -0.342309 0.017097 0.097760
v -0.389573 0.009614 0.150226
v -0.341337 0.012841 0.151471
v -0.390545 0.013870 0.097048
v -0.390545 0.013870 0.097048
v -0.342309 0.018701 0.026144
v -0.390545 0.015473 0.026144
v -0.342309 0.017097 0.097760
v -0.294073 0.018701 0.026144
v -0.342309 0.017097 0.097760
v -0.294073 0.017097 0.097760
v -0.342309 0.018701 0.026144
v -0.341337 0.012841 0.151471
v -0.294073 0.017097 0.097760
v -0.342309 0.017097 0.097760
v -0.293101 0.012841 0.151471
v -0.486044 -0.130592 0.095295
v -0.487017 -0.082274 0.026144
v -0.486044 -0.140492 0.026144
v -0.487017 -0.077304 0.093911
v -0.487017 -0.077304 0.093911
v -0.474958 -0.022679 0.026144
v -0.487017 -0.082274 0.026144
v -0.474958 -0.022640 0.093239
v -0.486044 -0.071700 0.144736
v -0.474958 -0.022640 0.093239
v -0.487017 -0.077304 0.093911
v -0.473985 -0.024430 0.143561
v -0.487017 -0.077304 0.093911
v -0.486044 -0.130592 0.095295
v -0.485288 -0.110252 0.132994
v -0.486044 -0.071700 0.144736
v -0.438781 0.004188 0.094913
v -0.473985 -0.024430 0.143561
v -0.437808 -0.000068 0.146490
v -0.474958 -0.022640 0.093239
v -0.474958 -0.022640 0.093239
v -0.438781 0.005792 0.026144
v -0.474958 -0.022679 0.026144
v -0.438781 0.004188 0.094913
v -0.390545 0.015473 0.026144
v -0.438781 0.004188 0.094913
v -0.390545 0.013870 0.097048
v -0.438781 0.005792 0.026144
v -0.437808 -0.000068 0.146490
v -0.390545 0.013870 0.097048
v -0.438781 0.004188 0.094913
v -0.389573 0.009614 0.150226
v -0.438781 0.005792 0.026144
v -0.474958 -0.022640 -0.040951
v -0.474958 -0.022679 0.026144
v -0.438781 0.004188 -0.042625
v -0.438781 0.004188 -0.042625
v -0.473985 -0.024430 -0.091272
v -0.474958 -0.022640 -0.040951
v -0.437808 -0.000068 -0.094201
v -0.390545 0.013870 -0.044760
v -0.437808 -0.000068 -0.094201
v -0.438781 0.004188 -0.042625
v -0.389573 0.009614 -0.097938
v -0.438781 0.004188 -0.042625
v -0.438781 0.005792 0.026144
v -0.390545 0.015473 0.026144
v -0.390545 0.013870 -0.044760
v -0.486044 -0.130592 -0.043006
v -0.487017 -0.077304 -0.041623
v -0.485288 -0.110252 -0.080706
v -0.486044 -0.071700 -0.092448
v -0.486044 -0.071700 -0.092448
v -0.474958 -0.022640 -0.040951
v -0.473985 -0.024430 -0.091272
v -0.487017 -0.077304 -0.041623
v -0.474958 -0.022679 0.026144
v -0.474958 -0.022640 -0.040951
v -0.487017 -0.077304 -0.041623
v -0.487017 -0.082274 0.026144
v -0.486044 -0.130592 -0.043006
v -0.487017 -0.082274 0.026144
v -0.487017 -0.077304 -0.041623
v -0.486044 -0.140492 0.026144
v -0.434156 -0.190780 0.200558
v -0.462827 -0.142263 0.162242
v -0.471283 -0.183437 0.171146
v -0.427745 -0.143340 0.188856
v -0.427745 -0.143340 0.188856
v -0.455561 -0.110264 0.154528
v -0.462827 -0.142263 0.162242
v -0.422071 -0.103775 0.177947
v -0.380753 -0.150760 0.196386
v -0.422071 -0.103775 0.177947
v -0.427745 -0.143340 0.188856
v -0.377364 -0.102614 0.183279
v -0.434156 -0.190780 0.200558
v -0.380753 -0.150760 0.196386
v -0.427745 -0.143340 0.188856
v -0.384326 -0.203895 0.209690
v -0.475558 -0.158819 -0.050192
v -0.471283 -0.183437 -0.118858
v -0.485215 -0.196381 -0.054975
v -0.462827 -0.142263 -0.109953
v -0.462827 -0.142263 -0.109953
v -0.466984 -0.126638 -0.046202
v -0.455561 -0.110264 -0.102239
v -0.475558 -0.158819 -0.050192
v -0.467179 -0.137296 0.026144
v -0.475558 -0.158819 -0.050192
v -0.476336 -0.171506 0.026144
v -0.466984 -0.126638 -0.046202
v -0.485215 -0.196381 -0.054975
v -0.476336 -0.171506 0.026144
v -0.475558 -0.158819 -0.050192
v -0.486382 -0.207924 0.026144
v -0.485215 -0.196381 0.107263
v -0.476336 -0.171506 0.026144
v -0.486382 -0.207924 0.026144
v -0.475558 -0.158819 0.102480
v -0.475558 -0.158819 0.102480
v -0.467179 -0.137296 0.026144
v -0.476336 -0.171506 0.026144
v -0.466984 -0.126638 0.098490
v -0.462827 -0.142263 0.162242
v -0.466984 -0.126638 0.098490
v -0.475558 -0.158819 0.102480
v -0.455561 -0.110264 0.154528
v -0.475558 -0.158819 0.102480
v -0.471283 -0.183437 0.171146
v -0.462827 -0.142263 0.162242
v -0.485215 -0.196381 0.107263
v -0.332288 -0.153233 0.198895
v -0.384326 -0.203895 0.209690
v -0.332288 -0.208267 0.212734
v -0.380753 -0.150760 0.196386
v -0.332288 -0.153233 0.198895
v -0.377364 -0.102614 0.183279
v -0.380753 -0.150760 0.196386
v -0.332288 -0.102228 0.185057
v -0.287028 -0.102228 0.185057
v -0.332288 -0.102228 0.185057
v -0.332288 -0.153233 0.198895
v -0.283087 -0.153233 0.198895
v -0.332288 -0.208267 0.212734
v -0.283087 -0.153233 0.198895
v -0.332288 -0.153233 0.198895
v -0.279145 -0.208267 0.212734
v -0.434156 -0.190780 -0.148270
v -0.380753 -0.150760 -0.144097
v -0.384326 -0.203895 -0.157402
v -0.427745 -0.143340 -0.136567
v -0.380753 -0.150760 -0.144097
v -0.422071 -0.103775 -0.125658
v -0.377364 -0.102614 -0.130991
v -0.427745 -0.143340 -0.136567
v -0.427745 -0.143340 -0.136567
v -0.462827 -0.142263 -0.109953
v -0.455561 -0.110264 -0.102239
v -0.422071 -0.103775 -0.125658
v -0.462827 -0.142263 -0.109953
v -0.434156 -0.190780 -0.148270
v -0.471283 -0.183437 -0.118858
v -0.427745 -0.143340 -0.136567
v -0.332288 -0.208267 -0.160446
v -0.283087 -0.153233 -0.146607
v -0.279145 -0.208267 -0.160446
v -0.332288 -0.153233 -0.146607
v -0.332288 -0.153233 -0.146607
v -0.287028 -0.102228 -0.132768
v -0.283087 -0.153233 -0.146607
v -0.332288 -0.102228 -0.132768
v -0.377364 -0.102614 -0.130991
v -0.332288 -0.102228 -0.132768
v -0.332288 -0.153233 -0.146607
v -0.380753 -0.150760 -0.144097
v -0.332288 -0.153233 -0.146607
v -0.332288 -0.208267 -0.160446
v -0.384326 -0.203895 -0.157402
v -0.380753 -0.150760 -0.144097
v -0.332288 -0.102228 -0.132768
v -0.288342 -0.046203 -0.128155
v -0.287028 -0.102228 -0.132768
v -0.332288 -0.046203 -0.128155
v -0.332288 -0.046203 -0.128155
v -0.288342 -0.002302 -0.108868
v -0.288342 -0.046203 -0.128155
v -0.332288 -0.002302 -0.108868
v -0.376234 -0.005002 -0.107526
v -0.332288 -0.046203 -0.128155
v -0.376234 -0.048183 -0.126622
v -0.332288 -0.002302 -0.108868
v -0.332288 -0.102228 -0.132768
v -0.376234 -0.048183 -0.126622
v -0.332288 -0.046203 -0.128155
v -0.377364 -0.102614 -0.130991
v -0.420180 -0.054124 -0.122022
v -0.377364 -0.102614 -0.130991
v -0.422071 -0.103775 -0.125658
v -0.376234 -0.048183 -0.126622
v -0.376234 -0.048183 -0.126622
v -0.420180 -0.013103 -0.103501
v -0.376234 -0.005002 -0.107526
v -0.420180 -0.054124 -0.122022
v -0.420180 -0.054124 -0.122022
v -0.453140 -0.063059 -0.099668
v -0.444594 -0.030323 -0.086711
v -0.420180 -0.013103 -0.103501
v -0.422071 -0.103775 -0.125658
v -0.453140 -0.063059 -0.099668
v -0.420180 -0.054124 -0.122022
v -0.455561 -0.110264 -0.102239
v -0.332288 -0.102228 0.185057
v -0.376234 -0.048183 0.178910
v -0.377364 -0.102614 0.183279
v -0.332288 -0.046203 0.180444
v -0.332288 -0.046203 0.180444
v -0.376234 -0.005002 0.159815
v -0.376234 -0.048183 0.178910
v -0.332288 -0.002302 0.161156
v -0.288342 -0.002302 0.161156
v -0.332288 -0.046203 0.180444
v -0.288342 -0.046203 0.180444
v -0.332288 -0.002302 0.161156
v -0.332288 -0.102228 0.185057
v -0.288342 -0.046203 0.180444
v -0.332288 -0.046203 0.180444
v -0.287028 -0.102228 0.185057
v -0.332288 -0.351024 0.026144
v -0.386745 -0.350833 0.120796
v -0.386745 -0.350833 0.026144
v -0.332288 -0.351024 0.121746
v -0.332288 -0.351024 0.121746
v -0.386561 -0.331449 0.191586
v -0.386745 -0.350833 0.120796
v -0.332288 -0.332362 0.193447
v -0.277831 -0.351024 0.121746
v -0.332288 -0.332362 0.193447
v -0.332288 -0.351024 0.121746
v -0.277831 -0.332362 0.193447
v -0.332288 -0.351024 0.121746
v -0.332288 -0.351024 0.026144
v -0.277831 -0.351024 0.026144
v -0.332288 0.012332 0.026144
v -0.376234 0.009391 -0.050239
v -0.376234 0.009391 0.026144
v -0.332288 0.012332 -0.051005
v -0.332288 0.012332 -0.051005
v -0.376234 -0.005002 -0.107526
v -0.376234 0.009391 -0.050239
v -0.332288 -0.002302 -0.108868
v -0.288342 -0.002302 -0.108868
v -0.332288 0.012332 -0.051005
v -0.288342 0.012332 -0.051005
v -0.332288 -0.002302 -0.108868
v -0.332288 0.012332 -0.051005
v -0.332288 0.012332 0.026144
v -0.288342 0.012332 0.026144
v -0.332288 -0.276377 0.217347
v -0.386561 -0.331449 0.191586
v -0.332288 -0.332362 0.193447
v -0.386008 -0.273297 0.214654
v -0.386008 -0.273297 0.214654
v -0.332288 -0.208267 0.212734
v -0.384326 -0.203895 0.209690
v -0.332288 -0.276377 0.217347
v -0.279145 -0.208267 0.212734
v -0.332288 -0.276377 0.217347
v -0.277831 -0.276377 0.217347
v -0.332288 -0.208267 0.212734
v -0.332288 -0.276377 0.217347
v -0.332288 -0.332362 0.193447
v -0.277831 -0.332362 0.193447
v -0.277831 -0.276377 0.217347
v -0.332288 -0.276377 -0.165059
v -0.277831 -0.332362 -0.141158
v -0.332288 -0.332362 -0.141158
v -0.277831 -0.276377 -0.165059
v -0.332288 -0.276377 -0.165059
v -0.279145 -0.208267 -0.160446
v -0.277831 -0.276377 -0.165059
v -0.332288 -0.208267 -0.160446
v -0.386008 -0.273297 -0.162365
v -0.332288 -0.208267 -0.160446
v -0.332288 -0.276377 -0.165059
v -0.384326 -0.203895 -0.157402
v -0.332288 -0.276377 -0.165059
v -0.332288 -0.332362 -0.141158
v -0.386561 -0.331449 -0.139298
v -0.386008 -0.273297 -0.162365
v -0.440465 -0.328708 -0.133715
v -0.386008 -0.273297 -0.162365
v -0.386561 -0.331449 -0.139298
v -0.438256 -0.264059 -0.154286
v -0.438256 -0.264059 -0.154286
v -0.384326 -0.203895 -0.157402
v -0.386008 -0.273297 -0.162365
v -0.434156 -0.190780 -0.148270
v -0.477279 -0.258170 -0.124999
v -0.434156 -0.190780 -0.148270
v -0.438256 -0.264059 -0.154286
v -0.471283 -0.183437 -0.118858
v -0.438256 -0.264059 -0.154286
v -0.440465 -0.328708 -0.133715
v -0.469337 -0.309160 -0.111587
v -0.477279 -0.258170 -0.124999
v -0.332288 0.012332 0.103294
v -0.376234 -0.005002 0.159815
v -0.332288 -0.002302 0.161156
v -0.376234 0.009391 0.102527
v -0.376234 0.009391 0.102527
v -0.332288 0.012332 0.026144
v -0.376234 0.009391 0.026144
v -0.332288 0.012332 0.103294
v -0.288342 0.012332 -0.051005
v -0.332288 0.012332 0.103294
v -0.288342 0.012332 0.103294
v -0.332288 0.012332 0.103294
v -0.332288 -0.002302 0.161156
v -0.288342 -0.002302 0.161156
v -0.288342 0.012332 0.103294
v -0.332288 -0.351024 -0.069457
v -0.386561 -0.331449 -0.139298
v -0.332288 -0.332362 -0.141158
v -0.386745 -0.350833 -0.068507
v -0.386745 -0.350833 -0.068507
v -0.332288 -0.351024 0.026144
v -0.386745 -0.350833 0.026144
v -0.332288 -0.351024 -0.069457
v -0.277831 -0.351024 0.121746
v -0.332288 -0.351024 -0.069457
v -0.277831 -0.351024 -0.069457
v -0.332288 -0.351024 -0.069457
v -0.332288 -0.332362 -0.141158
v -0.277831 -0.332362 -0.141158
v -0.277831 -0.351024 -0.069457
v -0.466984 -0.126638 0.098490
v -0.464126 -0.080012 0.026144
v -0.467179 -0.137296 0.026144
v -0.464126 -0.074023 0.097161
v -0.464126 -0.074023 0.097161
v -0.453140 -0.025455 0.026144
v -0.464126 -0.080012 0.026144
v -0.453140 -0.023958 0.097927
v -0.464126 -0.074023 0.097161
v -0.453140 -0.063059 0.151956
v -0.444595 -0.030323 0.138999
v -0.453140 -0.023958 0.097927
v -0.464126 -0.074023 0.097161
v -0.466984 -0.126638 0.098490
v -0.455561 -0.110264 0.154528
v -0.453140 -0.063059 0.151956
v -0.440465 -0.328708 -0.133715
v -0.441201 -0.350258 -0.065657
v -0.469337 -0.309160 -0.111587
v -0.480960 -0.328594 -0.062014
v -0.480960 -0.328594 -0.062014
v -0.441201 -0.350258 0.026144
v -0.481155 -0.330269 0.026144
v -0.441201 -0.350258 -0.065657
v -0.440465 -0.328708 -0.133715
v -0.386745 -0.350833 -0.068507
v -0.441201 -0.350258 -0.065657
v -0.386561 -0.331449 -0.139298
v -0.420180 -0.013103 0.155790
v -0.420180 0.000571 0.100227
v -0.444595 -0.030323 0.138999
v -0.453140 -0.023958 0.097927
v -0.453140 -0.023958 0.097927
v -0.420180 0.000571 0.026144
v -0.453140 -0.025455 0.026144
v -0.420180 0.000571 0.100227
v -0.376234 0.009391 0.026144
v -0.420180 0.000571 0.026144
v -0.420180 0.000571 0.100227
v -0.376234 0.009391 0.102527
v -0.420180 -0.013103 0.155790
v -0.376234 0.009391 0.102527
v -0.420180 0.000571 0.100227
v -0.376234 -0.005002 0.159815
v -0.480960 -0.328594 0.114302
v -0.492102 -0.271835 0.026144
v -0.481155 -0.330269 0.026144
v -0.491324 -0.265137 0.110973
v -0.491324 -0.265137 0.110973
v -0.486382 -0.207924 0.026144
v -0.492102 -0.271835 0.026144
v -0.485215 -0.196381 0.107263
v -0.477279 -0.258170 0.177287
v -0.485215 -0.196381 0.107263
v -0.491324 -0.265137 0.110973
v -0.471283 -0.183437 0.171146
v -0.491324 -0.265137 0.110973
v -0.480960 -0.328594 0.114302
v -0.469337 -0.309160 0.163876
v -0.477279 -0.258170 0.177287
v -0.440465 -0.328708 0.186004
v -0.438256 -0.264059 0.206574
v -0.469337 -0.309160 0.163876
v -0.477279 -0.258170 0.177287
v -0.477279 -0.258170 0.177287
v -0.434156 -0.190780 0.200558
v -0.471283 -0.183437 0.171146
v -0.438256 -0.264059 0.206574
v -0.384326 -0.203895 0.209690
v -0.438256 -0.264059 0.206574
v -0.386008 -0.273297 0.214654
v -0.434156 -0.190780 0.200558
v -0.440465 -0.328708 0.186004
v -0.386008 -0.273297 0.214654
v -0.438256 -0.264059 0.206574
v -0.386561 -0.331449 0.191586
v -0.491324 -0.265137 -0.058684
v -0.469337 -0.309160 -0.111587
v -0.480960 -0.328594 -0.062014
v -0.477279 -0.258170 -0.124999
v -0.477279 -0.258170 -0.124999
v -0.485215 -0.196381 -0.054975
v -0.471283 -0.183437 -0.118858
v -0.491324 -0.265137 -0.058684
v -0.486382 -0.207924 0.026144
v -0.491324 -0.265137 -0.058684
v -0.492102 -0.271835 0.026144
v -0.485215 -0.196381 -0.054975
v -0.480960 -0.328594 -0.062014
v -0.492102 -0.271835 0.026144
v -0.491324 -0.265137 -0.058684
v -0.481155 -0.330269 0.026144
v -0.420180 0.000571 0.026144
v -0.453140 -0.023958 -0.045639
v -0.453140 -0.025455 0.026144
v -0.420180 0.000571 -0.047939
v -0.420180 0.000571 -0.047939
v -0.444594 -0.030323 -0.086711
v -0.453140 -0.023958 -0.045639
v -0.420180 -0.013103 -0.103501
v -0.376234 0.009391 -0.050239
v -0.420180 -0.013103 -0.103501
v -0.420180 0.000571 -0.047939
v -0.376234 -0.005002 -0.107526
v -0.420180 0.000571 -0.047939
v -0.420180 0.000571 0.026144
v -0.376234 0.009391 0.026144
v -0.376234 0.009391 -0.050239
v -0.441201 -0.350258 0.026144
v -0.480960 -0.328594 0.114302
v -0.481155 -0.330269 0.026144
v -0.441201 -0.350258 0.117946
v -0.441201 -0.350258 0.117946
v -0.469337 -0.309160 0.163876
v -0.480960 -0.328594 0.114302
v -0.440465 -0.328708 0.186004
v -0.386745 -0.350833 0.120796
v -0.440465 -0.328708 0.186004
v -0.441201 -0.350258 0.117946
v -0.386561 -0.331449 0.191586
v -0.386745 -0.350833 0.026144
v -0.441201 -0.350258 -0.065657
v -0.386745 -0.350833 -0.068507
v -0.441201 -0.350258 0.026144
v -0.441201 -0.350258 0.117946
v -0.386745 -0.350833 0.120796
v -0.464126 -0.074023 -0.044872
v -0.455561 -0.110264 -0.102239
v -0.466984 -0.126638 -0.046202
v -0.453140 -0.063059 -0.099668
v -0.464126 -0.074023 -0.044872
v -0.444594 -0.030323 -0.086711
v -0.453140 -0.063059 -0.099668
v -0.453140 -0.023958 -0.045639
v -0.453140 -0.025455 0.026144
v -0.464126 -0.074023 -0.044872
v -0.464126 -0.080012 0.026144
v -0.453140 -0.023958 -0.045639
v -0.466984 -0.126638 -0.046202
v -0.464126 -0.080012 0.026144
v -0.464126 -0.074023 -0.044872
v -0.467179 -0.137296 0.026144
v -0.422071 -0.103775 0.177947
v -0.453140 -0.063059 0.151956
v -0.455561 -0.110264 0.154528
v -0.420180 -0.054124 0.174310
v -0.420180 -0.054124 0.174310
v -0.444595 -0.030323 0.138999
v -0.453140 -0.063059 0.151956
v -0.420180 -0.013103 0.155790
v -0.376234 -0.048183 0.178910
v -0.420180 -0.013103 0.155790
v -0.420180 -0.054124 0.174310
v -0.376234 -0.005002 0.159815
v -0.420180 -0.054124 0.174310
v -0.422071 -0.103775 0.177947
v -0.377364 -0.102614 0.183279
v -0.376234 -0.048183 0.178910
vn -0.079501 -0.127821 0.988606
vn -0.079501 -0.127821 0.988606
vn -0.079501 -0.127821 0.988606
vn -0.079501 -0.127821 0.988606
vn -0.036482 0.001295 0.999333
vn -0.036482 0.001295 0.999333
vn -0.036482 0.001295 0.999333
vn -0.036482 0.001295 0.999333
vn 0.000000 0.000000 1.000000
vn 0.000000 0.000000 1.000000
vn 0.000000 0.000000 1.000000
vn 0.000000 0.000000 1.000000
vn -0.015533 -0.092528 0.995589
vn -0.015533 -0.092528 0.995589
vn -0.015533 -0.092528 0.995589
vn -0.015533 -0.092528 0.995589
vn 0.009701 -0.079068 0.996822
vn 0.009701 -0.079068 0.996822
vn 0.009701 -0.079068 0.996822
vn 0.009701 -0.079068 0.996822
vn 0.000000 0.000000 1.000000
vn 0.000000 0.000000 1.000000
vn 0.000000 0.000000 1.000000
vn 0.000000 0.000000 1.000000
vn 0.015987 0.000568 0.999872
vn 0.015987 0.000568 0.999872
vn 0.015987 0.000568 0.999872
vn 0.015987 0.000568 0.999872
vn 0.039344 -0.079504 0.996058
vn 0.039344 -0.079504 0.996058
vn 0.039344 -0.079504 0.996058
vn 0.039344 -0.079504 0.996058
vn 0.016998 0.000376 -0.999855
vn 0.016998 0.000376 -0.999855
vn 0.016998 0.000376 -0.999855
vn 0.016998 0.000376 -0.999855
vn -0.039117 -0.002282 -0.999232
vn -0.039117 -0.002282 -0.999232
vn -0.039117 -0.002282 -0.999232
vn -0.039117 -0.002282 -0.999232
vn -0.101705 -0.150833 -0.983314
vn -0.101705 -0.150833 -0.983314
vn -0.101705 -0.150833 -0.983314
vn -0.101705 -0.150833 -0.983314
vn -0.005031 -0.115597 -0.993283
vn -0.005031 -0.115597 -0.993283
vn -0.005031 -0.115597 -0.993283
vn -0.005031 -0.115597 -0.993283
vn 0.082863 -0.004835 -0.996549
vn 0.082863 -0.004835 -0.996549
vn 0.082863 -0.004835 -0.996549
vn 0.082863 -0.004835 -0.996549
vn 0.050935 -0.001128 -0.998701
vn 0.050935 -0.001128 -0.998701
vn 0.050935 -0.001128 -0.998701
vn 0.050935 -0.001128 -0.998701
vn 0.065229 -0.097448 -0.993101
vn 0.065229 -0.097448 -0.993101
vn 0.065229 -0.097448 -0.993101
vn 0.065229 -0.097448 -0.993101
vn 0.114753 -0.089493 -0.989355
vn 0.114753 -0.089493 -0.989355
vn 0.114753 -0.089493 -0.989355
vn 0.114753 -0.089493 -0.989355
vn -0.395562 0.004630 0.918428
vn -0.395562 0.004630 0.918428
vn -0.395562 0.004630 0.918428
vn -0.395562 0.004630 0.918428
vn -0.272103 -0.012635 -0.962185
vn -0.272103 -0.012635 -0.962185
vn -0.272103 -0.012635 -0.962185
vn -0.272103 -0.012635 -0.962185
vn -0.359734 -0.266673 -0.894135
vn -0.359734 -0.266673 -0.894135
vn -0.359734 -0.266673 -0.894135
vn -0.359734 -0.266673 -0.894135
vn -0.395063 0.229360 0.889561
vn -0.395063 0.229360 0.889561
vn -0.395063 0.229360 0.889561
vn -0.395063 0.229360 0.889561
vn 0.214640 0.002513 0.976690
vn 0.214640 0.002513 0.976690
vn 0.214640 0.002513 0.976690
vn 0.214640 0.002513 0.976690
vn 0.161192 -0.007486 -0.986895
vn 0.161192 -0.007486 -0.986895
vn 0.161192 -0.007486 -0.986895
vn 0.161192 -0.007486 -0.986895
vn 0.229792 -0.175636 -0.957261
vn 0.229792 -0.175636 -0.957261
vn 0.229792 -0.175636 -0.957261
vn 0.229792 -0.175636 -0.957261
vn 0.183787 -0.196174 0.963192
vn 0.183787 -0.196174 0.963192
vn 0.183787 -0.196174 0.963192
vn 0.183787 -0.196174 0.963192
vn -0.151073 0.780244 -0.606956
vn -0.151073 0.780244 -0.606956
vn -0.151073 0.780244 -0.606956
vn -0.151073 0.780244 -0.606956
vn -0.117549 -0.656068 -0.745491
vn -0.117549 -0.656068 -0.745491
vn -0.117549 -0.656068 -0.745491
vn -0.117549 -0.656068 -0.745491
vn 0.025780 -0.632719 -0.773952
vn 0.025780 -0.632719 -0.773952
vn 0.025780 -0.632719 -0.773952
vn 0.025780 -0.632719 -0.773952
vn -0.032694 0.802415 -0.595870
vn -0.032694 0.802415 -0.595870
vn -0.032694 0.802415 -0.595870
vn -0.032694 0.802415 -0.595870
vn -0.425468 0.699067 0.574702
vn -0.425468 0.699067 0.574702
vn -0.425468 0.699067 0.574702
vn -0.425468 0.699067 0.574702
vn -0.372830 -0.774978 -0.510300
vn -0.372830 -0.774978 -0.510300
vn -0.372830 -0.774978 -0.510300
vn -0.372830 -0.774978 -0.510300
vn -0.305300 -0.928099 -0.213129
vn -0.305300 -0.928099 -0.213129
vn -0.305300 -0.928099 -0.213129
vn -0.305300 -0.928099 -0.213129
vn -0.388351 0.877691 0.280788
vn -0.388351 0.877691 0.280788
vn -0.388351 0.877691 0.280788
vn -0.388351 0.877691 0.280788
vn -0.332155 0.885879 -0.323870
vn -0.332155 0.885879 -0.323870
vn -0.332155 0.885879 -0.323870
vn -0.332155 0.885879 -0.323870
vn -0.327878 -0.925031 -0.191868
vn -0.327878 -0.925031 -0.191868
vn -0.327878 -0.925031 -0.191868
vn -0.327878 -0.925031 -0.191868
vn -0.331344 -0.758011 -0.561810
vn -0.331344 -0.758011 -0.561810
vn -0.331344 -0.758011 -0.561810
vn -0.331344 -0.758011 -0.561810
vn -0.274167 0.793549 -0.543242
vn -0.274167 0.793549 -0.543242
vn -0.274167 0.793549 -0.543242
vn -0.274167 0.793549 -0.543242
vn 0.239815 0.256296 0.936376
vn 0.239815 0.256296 0.936376
vn 0.239815 0.256296 0.936376
vn 0.239815 0.256296 0.936376
vn 0.274488 -0.282542 -0.919144
vn 0.274488 -0.282542 -0.919144
vn 0.274488 -0.282542 -0.919144
vn 0.274488 -0.282542 -0.919144
vn 0.174130 -0.008086 -0.984689
vn 0.174130 -0.008086 -0.984689
vn 0.174130 -0.008086 -0.984689
vn 0.174130 -0.008086 -0.984689
vn 0.185365 0.002169 0.982667
vn 0.185365 0.002169 0.982667
vn 0.185365 0.002169 0.982667
vn 0.185365 0.002169 0.982667
vn 0.343497 0.934705 -0.091303
vn 0.343497 0.934705 -0.091303
vn 0.343497 0.934705 -0.091303
vn 0.343497 0.934705 -0.091303
vn 0.278713 -0.959501 -0.040946
vn 0.278713 -0.959501 -0.040946
vn 0.278713 -0.959501 -0.040946
vn 0.278713 -0.959501 -0.040946
vn 0.276376 -0.958412 -0.071155
vn 0.276376 -0.958412 -0.071155
vn 0.276376 -0.958412 -0.071155
vn 0.276376 -0.958412 -0.071155
vn 0.358264 0.928826 0.094488
vn 0.358264 0.928826 0.094488
vn 0.358264 0.928826 0.094488
vn 0.358264 0.928826 0.094488
vn -0.080807 -0.426269 0.900980
vn -0.080807 -0.426269 0.900980
vn -0.080807 -0.426269 0.900980
vn -0.080807 -0.426269 0.900980
vn -0.186896 -0.981622 -0.038569
vn -0.186896 -0.981622 -0.038569
vn -0.186896 -0.981622 -0.038569
vn -0.186896 -0.981622 -0.038569
vn -0.406546 -0.833145 -0.374953
vn -0.406546 -0.833145 -0.374953
vn -0.406546 -0.833145 -0.374953
vn -0.406546 -0.833145 -0.374953
vn -0.227093 -0.477660 0.848687
vn -0.227093 -0.477660 0.848687
vn -0.227093 -0.477660 0.848687
vn -0.227093 -0.477660 0.848687
vn -0.360057 -0.346894 0.866039
vn -0.360057 -0.346894 0.866039
vn -0.360057 -0.346894 0.866039
vn -0.360057 -0.346894 0.866039
vn -0.354690 -0.329712 -0.874920
vn -0.354690 -0.329712 -0.874920
vn -0.354690 -0.329712 -0.874920
vn -0.354690 -0.329712 -0.874920
vn -0.252702 -0.011735 -0.967473
vn -0.252702 -0.011735 -0.967473
vn -0.252702 -0.011735 -0.967473
vn -0.252702 -0.011735 -0.967473
vn -0.448470 0.005250 0.893782
vn -0.448470 0.005250 0.893782
vn -0.448470 0.005250 0.893782
vn -0.448470 0.005250 0.893782
vn 0.274166 0.793549 -0.543242
vn 0.274166 0.793549 -0.543242
vn 0.274166 0.793549 -0.543242
vn 0.274166 0.793549 -0.543242
vn 0.331346 -0.758010 -0.561810
vn 0.331346 -0.758010 -0.561810
vn 0.331346 -0.758010 -0.561810
vn 0.331346 -0.758010 -0.561810
vn 0.327878 -0.925031 -0.191867
vn 0.327878 -0.925031 -0.191867
vn 0.327878 -0.925031 -0.191867
vn 0.327878 -0.925031 -0.191867
vn 0.332155 0.885879 -0.323870
vn 0.332155 0.885879 -0.323870
vn 0.332155 0.885879 -0.323870
vn 0.332155 0.885879 -0.323870
vn 0.375081 0.885464 0.274350
vn 0.375081 0.885464 0.274350
vn 0.375081 0.885464 0.274350
vn 0.375081 0.885464 0.274350
vn 0.297499 -0.932489 -0.204838
vn 0.297499 -0.932489 -0.204838
vn 0.297499 -0.932489 -0.204838
vn 0.297499 -0.932489 -0.204838
vn 0.336319 -0.798091 -0.499941
vn 0.336319 -0.798091 -0.499941
vn 0.336319 -0.798091 -0.499941
vn 0.336319 -0.798091 -0.499941
vn 0.365559 0.734722 0.571445
vn 0.365559 0.734722 0.571445
vn 0.365559 0.734722 0.571445
vn 0.365559 0.734722 0.571445
vn 0.136528 -0.336324 0.931797
vn 0.136528 -0.336324 0.931797
vn 0.136528 -0.336324 0.931797
vn 0.136528 -0.336324 0.931797
vn 0.386940 -0.750585 -0.535630
vn 0.386940 -0.750585 -0.535630
vn 0.386940 -0.750585 -0.535630
vn 0.386940 -0.750585 -0.535630
vn 0.188760 -0.980946 -0.045984
vn 0.188760 -0.980946 -0.045984
vn 0.188760 -0.980946 -0.045984
vn 0.188760 -0.980946 -0.045984
vn 0.053239 -0.371558 0.926882
vn 0.053239 -0.371558 0.926882
vn 0.053239 -0.371558 0.926882
vn 0.053239 -0.371558 0.926882
vn -0.359218 0.928379 0.095258
vn -0.359218 0.928379 0.095258
vn -0.359218 0.928379 0.095258
vn -0.359218 0.928379 0.095258
vn -0.276974 -0.958155 -0.072280
vn -0.276974 -0.958155 -0.072280
vn -0.276974 -0.958155 -0.072280
vn -0.276974 -0.958155 -0.072280
vn -0.278712 -0.959501 -0.040946
vn -0.278712 -0.959501 -0.040946
vn -0.278712 -0.959501 -0.040946
vn -0.278712 -0.959501 -0.040946
vn -0.343497 0.934705 -0.091303
vn -0.343497 0.934705 -0.091303
vn -0.343497 0.934705 -0.091303
vn -0.343497 0.934705 -0.091303
vn 0.032694 0.802415 -0.595870
vn 0.032694 0.802415 -0.595870
vn 0.032694 0.802415 -0.595870
vn 0.032694 0.802415 -0.595870
vn -0.025780 -0.632719 -0.773952
vn -0.025780 -0.632719 -0.773952
vn -0.025780 -0.632719 -0.773952
vn -0.025780 -0.632719 -0.773952
vn 0.117549 -0.656067 -0.745492
vn 0.117549 -0.656067 -0.745492
vn 0.117549 -0.656067 -0.745492
vn 0.117549 -0.656067 -0.745492
vn 0.151074 0.780244 -0.606956
vn 0.151074 0.780244 -0.606956
vn 0.151074 0.780244 -0.606956
vn 0.151074 0.780244 -0.606956
vn 0.011411 -0.999713 0.021069
vn 0.011411 -0.999713 0.021069
vn 0.011411 -0.999713 0.021069
vn 0.011411 -0.999713 0.021069
vn 0.009396 -0.996075 -0.088012
vn 0.009396 -0.996075 -0.088012
vn 0.009396 -0.996075 -0.088012
vn 0.009396 -0.996075 -0.088012
vn 0.023470 -0.995847 -0.087966
vn 0.023470 -0.995847 -0.087966
vn 0.023470 -0.995847 -0.087966
vn 0.023470 -0.995847 -0.087966
vn 0.024020 -0.999498 0.020646
vn 0.024020 -0.999498 0.020646
vn 0.024020 -0.999498 0.020646
vn 0.024020 -0.999498 0.020646
vn 0.004721 -0.999945 -0.009321
vn 0.004721 -0.999945 -0.009321
vn 0.004721 -0.999945 -0.009321
vn 0.004721 -0.999945 -0.009321
vn 0.013879 -0.996793 0.078805
vn 0.013879 -0.996793 0.078805
vn 0.013879 -0.996793 0.078805
vn 0.013879 -0.996793 0.078805
vn 0.027133 -0.996701 0.076488
vn 0.027133 -0.996701 0.076488
vn 0.027133 -0.996701 0.076488
vn 0.027133 -0.996701 0.076488
vn 0.033965 -0.999244 0.018917
vn 0.033965 -0.999244 0.018917
vn 0.033965 -0.999244 0.018917
vn 0.033965 -0.999244 0.018917
vn -0.024021 -0.999498 0.020646
vn -0.024021 -0.999498 0.020646
vn -0.024021 -0.999498 0.020646
vn -0.024021 -0.999498 0.020646
vn -0.023159 -0.995905 -0.087388
vn -0.023159 -0.995905 -0.087388
vn -0.023159 -0.995905 -0.087388
vn -0.023159 -0.995905 -0.087388
vn -0.009214 -0.996202 -0.086582
vn -0.009214 -0.996202 -0.086582
vn -0.009214 -0.996202 -0.086582
vn -0.009214 -0.996202 -0.086582
vn -0.011411 -0.999713 0.021069
vn -0.011411 -0.999713 0.021069
vn -0.011411 -0.999713 0.021069
vn -0.011411 -0.999713 0.021069
vn -0.033966 -0.999244 0.018917
vn -0.033966 -0.999244 0.018917
vn -0.033966 -0.999244 0.018917
vn -0.033966 -0.999244 0.018917
vn -0.027133 -0.996701 0.076488
vn -0.027133 -0.996701 0.076488
vn -0.027133 -0.996701 0.076488
vn -0.027133 -0.996701 0.076488
vn -0.013879 -0.996793 0.078805
vn -0.013879 -0.996793 0.078805
vn -0.013879 -0.996793 0.078805
vn -0.013879 -0.996793 0.078805
vn -0.004721 -0.999945 -0.009321
vn -0.004721 -0.999945 -0.009321
vn -0.004721 -0.999945 -0.009321
vn -0.004721 -0.999945 -0.009321
vn 0.092495 -0.246935 -0.964608
vn 0.092495 -0.246935 -0.964608
vn 0.092495 -0.246935 -0.964608
vn 0.092495 -0.246935 -0.964608
vn 0.048018 -0.209417 -0.976647
vn 0.048018 -0.209417 -0.976647
vn 0.048018 -0.209417 -0.976647
vn 0.048018 -0.209417 -0.976647
vn 0.049498 -0.001097 -0.998774
vn 0.049498 -0.001097 -0.998774
vn 0.049498 -0.001097 -0.998774
vn 0.049498 -0.001097 -0.998774
vn 0.081366 -0.004747 -0.996673
vn 0.081366 -0.004747 -0.996673
vn 0.081366 -0.004747 -0.996673
vn 0.081366 -0.004747 -0.996673
vn -0.019612 -0.964503 -0.263344
vn -0.019612 -0.964503 -0.263344
vn -0.019612 -0.964503 -0.263344
vn -0.019612 -0.964503 -0.263344
vn 0.008054 -0.761855 -0.647698
vn 0.008054 -0.761855 -0.647698
vn 0.008054 -0.761855 -0.647698
vn 0.008054 -0.761855 -0.647698
vn 0.039757 -0.796874 -0.602836
vn 0.039757 -0.796874 -0.602836
vn 0.039757 -0.796874 -0.602836
vn 0.039757 -0.796874 -0.602836
vn -0.002207 -0.966772 -0.255632
vn -0.002207 -0.966772 -0.255632
vn -0.002207 -0.966772 -0.255632
vn -0.002207 -0.966772 -0.255632
vn 0.005007 -0.963317 -0.268321
vn 0.005007 -0.963317 -0.268321
vn 0.005007 -0.963317 -0.268321
vn 0.005007 -0.963317 -0.268321
vn -0.023687 -0.775413 -0.631010
vn -0.023687 -0.775413 -0.631010
vn -0.023687 -0.775413 -0.631010
vn -0.023687 -0.775413 -0.631010
vn 0.018995 -0.751826 -0.659088
vn 0.018995 -0.751826 -0.659088
vn 0.018995 -0.751826 -0.659088
vn 0.018995 -0.751826 -0.659088
vn 0.024399 -0.962945 -0.268593
vn 0.024399 -0.962945 -0.268593
vn 0.024399 -0.962945 -0.268593
vn 0.024399 -0.962945 -0.268593
vn 0.010382 -0.202386 -0.979251
vn 0.010382 -0.202386 -0.979251
vn 0.010382 -0.202386 -0.979251
vn 0.010382 -0.202386 -0.979251
vn -0.053481 -0.229349 -0.971874
vn -0.053481 -0.229349 -0.971874
vn -0.053481 -0.229349 -0.971874
vn -0.053481 -0.229349 -0.971874
vn -0.038407 -0.002241 -0.999260
vn -0.038407 -0.002241 -0.999260
vn -0.038407 -0.002241 -0.999260
vn -0.038407 -0.002241 -0.999260
vn 0.016517 0.000365 -0.999864
vn 0.016517 0.000365 -0.999864
vn 0.016517 0.000365 -0.999864
vn 0.016517 0.000365 -0.999864
vn -0.023396 0.996034 0.085847
vn -0.023396 0.996034 0.085847
vn -0.023396 0.996034 0.085847
vn -0.023396 0.996034 0.085847
vn -0.083900 0.992585 0.087957
vn -0.083900 0.992585 0.087957
vn -0.083900 0.992585 0.087957
vn -0.083900 0.992585 0.087957
vn -0.084198 0.995923 -0.032382
vn -0.084198 0.995923 -0.032382
vn -0.084198 0.995923 -0.032382
vn -0.084198 0.995923 -0.032382
vn -0.024021 0.999498 -0.020646
vn -0.024021 0.999498 -0.020646
vn -0.024021 0.999498 -0.020646
vn -0.024021 0.999498 -0.020646
vn -0.027133 0.996701 -0.076488
vn -0.027133 0.996701 -0.076488
vn -0.027133 0.996701 -0.076488
vn -0.027133 0.996701 -0.076488
vn -0.093040 0.987938 -0.123782
vn -0.093040 0.987938 -0.123782
vn -0.093040 0.987938 -0.123782
vn -0.093040 0.987938 -0.123782
vn -0.110716 0.952060 -0.285175
vn -0.110716 0.952060 -0.285175
vn -0.110716 0.952060 -0.285175
vn -0.110716 0.952060 -0.285175
vn -0.033257 0.978399 -0.204032
vn -0.033257 0.978399 -0.204032
vn -0.033257 0.978399 -0.204032
vn -0.033257 0.978399 -0.204032
vn 0.083795 0.992606 0.087813
vn 0.083795 0.992606 0.087813
vn 0.083795 0.992606 0.087813
vn 0.083795 0.992606 0.087813
vn 0.023396 0.996034 0.085847
vn 0.023396 0.996034 0.085847
vn 0.023396 0.996034 0.085847
vn 0.023396 0.996034 0.085847
vn 0.024021 0.999498 -0.020646
vn 0.024021 0.999498 -0.020646
vn 0.024021 0.999498 -0.020646
vn 0.024021 0.999498 -0.020646
vn 0.084198 0.995923 -0.032382
vn 0.084198 0.995923 -0.032382
vn 0.084198 0.995923 -0.032382
vn 0.084198 0.995923 -0.032382
vn 0.093040 0.987938 -0.123782
vn 0.093040 0.987938 -0.123782
vn 0.093040 0.987938 -0.123782
vn 0.093040 0.987938 -0.123782
vn 0.027133 0.996701 -0.076488
vn 0.027133 0.996701 -0.076488
vn 0.027133 0.996701 -0.076488
vn 0.027133 0.996701 -0.076488
vn 0.033257 0.978399 -0.204032
vn 0.033257 0.978399 -0.204032
vn 0.033257 0.978399 -0.204032
vn 0.033257 0.978399 -0.204032
vn 0.110715 0.952060 -0.285175
vn 0.110715 0.952060 -0.285175
vn 0.110715 0.952060 -0.285175
vn 0.110715 0.952060 -0.285175
vn 0.000000 0.000000 1.000000
vn 0.000000 0.000000 1.000000
vn 0.000000 0.000000 1.000000
vn 0.000000 0.000000 1.000000
vn -0.004478 0.223430 0.974710
vn -0.004478 0.223430 0.974710
vn -0.004478 0.223430 0.974710
vn -0.004478 0.223430 0.974710
vn 0.015297 0.248206 0.968586
vn 0.015297 0.248206 0.968586
vn 0.015297 0.248206 0.968586
vn 0.015297 0.248206 0.968586
vn 0.016092 0.000571 0.999870
vn 0.016092 0.000571 0.999870
vn 0.016092 0.000571 0.999870
vn 0.016092 0.000571 0.999870
vn 0.065705 0.799077 0.597628
vn 0.065705 0.799077 0.597628
vn 0.065705 0.799077 0.597628
vn 0.065705 0.799077 0.597628
vn 0.012534 0.784309 0.620244
vn 0.012534 0.784309 0.620244
vn 0.012534 0.784309 0.620244
vn 0.012534 0.784309 0.620244
vn 0.023294 0.967893 0.250282
vn 0.023294 0.967893 0.250282
vn 0.023294 0.967893 0.250282
vn 0.023294 0.967893 0.250282
vn 0.085874 0.962866 0.255960
vn 0.085874 0.962866 0.255960
vn 0.085874 0.962866 0.255960
vn 0.085874 0.962866 0.255960
vn -0.012534 0.784309 0.620244
vn -0.012534 0.784309 0.620244
vn -0.012534 0.784309 0.620244
vn -0.012534 0.784309 0.620244
vn -0.073884 0.796322 0.600343
vn -0.073884 0.796322 0.600343
vn -0.073884 0.796322 0.600343
vn -0.073884 0.796322 0.600343
vn -0.087416 0.962390 0.257224
vn -0.087416 0.962390 0.257224
vn -0.087416 0.962390 0.257224
vn -0.087416 0.962390 0.257224
vn -0.023294 0.967893 0.250282
vn -0.023294 0.967893 0.250282
vn -0.023294 0.967893 0.250282
vn -0.023294 0.967893 0.250282
vn -0.036721 0.001304 0.999325
vn -0.036721 0.001304 0.999325
vn -0.036721 0.001304 0.999325
vn -0.036721 0.001304 0.999325
vn -0.034066 0.246613 0.968515
vn -0.034066 0.246613 0.968515
vn -0.034066 0.246613 0.968515
vn -0.034066 0.246613 0.968515
vn 0.004478 0.223430 0.974710
vn 0.004478 0.223430 0.974710
vn 0.004478 0.223430 0.974710
vn 0.004478 0.223430 0.974710
vn -0.000000 0.000000 1.000000
vn -0.000000 0.000000 1.000000
vn -0.000000 0.000000 1.000000
vn -0.000000 0.000000 1.000000
vn -0.824007 0.142992 -0.548239
vn -0.824007 0.142992 -0.548239
vn -0.824007 0.142992 -0.548239
vn -0.824007 0.142992 -0.548239
vn -0.809967 0.155457 -0.565497
vn -0.809967 0.155457 -0.565497
vn -0.809967 0.155457 -0.565497
vn -0.809967 0.155457 -0.565497
vn -0.995216 0.097694 0.001350
vn -0.995216 0.097694 0.001350
vn -0.995216 0.097694 0.001350
vn -0.995216 0.097694 0.001350
vn -0.995886 0.090610 0.001281
vn -0.995886 0.090610 0.001281
vn -0.995886 0.090610 0.001281
vn -0.995886 0.090610 0.001281
vn 0.162070 0.166091 -0.972701
vn 0.162070 0.166091 -0.972701
vn 0.162070 0.166091 -0.972701
vn 0.162070 0.166091 -0.972701
vn 0.154296 0.178521 -0.971763
vn 0.154296 0.178521 -0.971763
vn 0.154296 0.178521 -0.971763
vn 0.154296 0.178521 -0.971763
vn 0.000000 0.177625 -0.984098
vn 0.000000 0.177625 -0.984098
vn 0.000000 0.177625 -0.984098
vn -0.000000 0.164990 -0.986295
vn -0.000000 0.164990 -0.986295
vn -0.000000 0.164990 -0.986295
vn -0.000000 0.164990 -0.986295
vn 0.742551 0.127235 0.657594
vn 0.742551 0.127235 0.657594
vn 0.742551 0.127235 0.657594
vn 0.742551 0.127235 0.657594
vn 0.732971 0.124366 0.668795
vn 0.732971 0.124366 0.668795
vn 0.732971 0.124366 0.668795
vn 0.732971 0.124366 0.668795
vn 0.979178 0.090536 0.181699
vn 0.979178 0.090536 0.181699
vn 0.979178 0.090536 0.181699
vn 0.979178 0.090536 0.181699
vn 0.976244 0.090835 0.196714
vn 0.976244 0.090835 0.196714
vn 0.976244 0.090835 0.196714
vn 0.976244 0.090835 0.196714
vn -0.138303 0.178748 0.974126
vn -0.138303 0.178748 0.974126
vn -0.138303 0.178748 0.974126
vn -0.138303 0.178748 0.974126
vn -0.114036 0.188226 0.975483
vn -0.114036 0.188226 0.975483
vn -0.114036 0.188226 0.975483
vn -0.114036 0.188226 0.975483
vn 0.029514 0.203525 0.978625
vn 0.029514 0.203525 0.978625
vn 0.029514 0.203525 0.978625
vn 0.029514 0.203525 0.978625
vn 0.025124 0.202747 0.978909
vn 0.025124 0.202747 0.978909
vn 0.025124 0.202747 0.978909
vn 0.025124 0.202747 0.978909
vn -0.025124 0.202747 0.978909
vn -0.025124 0.202747 0.978909
vn -0.025124 0.202747 0.978909
vn -0.025124 0.202747 0.978909
vn -0.029513 0.203525 0.978625
vn -0.029513 0.203525 0.978625
vn -0.029513 0.203525 0.978625
vn -0.029513 0.203525 0.978625
vn 0.114036 0.188226 0.975483
vn 0.114036 0.188226 0.975483
vn 0.114036 0.188226 0.975483
vn 0.114036 0.188226 0.975483
vn 0.138303 0.178748 0.974126
vn 0.138303 0.178748 0.974126
vn 0.138303 0.178748 0.974126
vn 0.138303 0.178748 0.974126
vn 0.000000 0.164990 -0.986295
vn 0.000000 0.164990 -0.986295
vn 0.000000 0.164990 -0.986295
vn 0.000000 0.164990 -0.986295
vn 0.000000 0.177625 -0.984098
vn 0.000000 0.177625 -0.984098
vn 0.000000 0.177625 -0.984098
vn -0.154296 0.178521 -0.971763
vn -0.154296 0.178521 -0.971763
vn -0.154296 0.178521 -0.971763
vn -0.154296 0.178521 -0.971763
vn -0.162070 0.166091 -0.972701
vn -0.162070 0.166091 -0.972701
vn -0.162070 0.166091 -0.972701
vn -0.162070 0.166091 -0.972701
vn 0.995886 0.090610 0.001282
vn 0.995886 0.090610 0.001282
vn 0.995886 0.090610 0.001282
vn 0.995886 0.090610 0.001282
vn 0.995216 0.097694 0.001350
vn 0.995216 0.097694 0.001350
vn 0.995216 0.097694 0.001350
vn 0.995216 0.097694 0.001350
vn 0.809967 0.155457 -0.565497
vn 0.809967 0.155457 -0.565497
vn 0.809967 0.155457 -0.565497
vn 0.809967 0.155457 -0.565497
vn 0.824007 0.142992 -0.548239
vn 0.824007 0.142992 -0.548239
vn 0.824007 0.142992 -0.548239
vn 0.824007 0.142992 -0.548239
vn 0.993878 0.089660 0.064557
vn 0.993878 0.089660 0.064557
vn 0.993878 0.089660 0.064557
vn 0.993878 0.089660 0.064557
vn 0.993602 0.095591 0.060141
vn 0.993602 0.095591 0.060141
vn 0.993602 0.095591 0.060141
vn 0.993602 0.095591 0.060141
vn 0.995208 0.097783 0.000451
vn 0.995208 0.097783 0.000451
vn 0.995208 0.097783 0.000451
vn 0.995208 0.097783 0.000451
vn 0.995879 0.090688 0.000427
vn 0.995879 0.090688 0.000427
vn 0.995879 0.090688 0.000427
vn 0.995879 0.090688 0.000427
vn -0.976244 0.090835 0.196714
vn -0.976244 0.090835 0.196714
vn -0.976244 0.090835 0.196714
vn -0.976244 0.090835 0.196714
vn -0.979178 0.090536 0.181699
vn -0.979178 0.090536 0.181699
vn -0.979178 0.090536 0.181699
vn -0.979178 0.090536 0.181699
vn -0.732971 0.124366 0.668795
vn -0.732971 0.124366 0.668795
vn -0.732971 0.124366 0.668795
vn -0.732971 0.124366 0.668795
vn -0.742551 0.127235 0.657594
vn -0.742551 0.127235 0.657594
vn -0.742551 0.127235 0.657594
vn -0.742551 0.127235 0.657594
vn -0.995879 0.090688 0.000427
vn -0.995879 0.090688 0.000427
vn -0.995879 0.090688 0.000427
vn -0.995879 0.090688 0.000427
vn -0.995208 0.097783 0.000451
vn -0.995208 0.097783 0.000451
vn -0.995208 0.097783 0.000451
vn -0.995208 0.097783 0.000451
vn -0.993602 0.095591 0.060142
vn -0.993602 0.095591 0.060142
vn -0.993602 0.095591 0.060142
vn -0.993602 0.095591 0.060142
vn -0.993878 0.089660 0.064557
vn -0.993878 0.089660 0.064557
vn -0.993878 0.089660 0.064557
vn -0.993878 0.089660 0.064557
vn -0.999556 0.029804 0.000470
vn -0.999556 0.029804 0.000470
vn -0.999556 0.029804 0.000470
vn -0.999556 0.029804 0.000470
vn -0.919502 0.393085 0.000410
vn -0.919502 0.393085 0.000410
vn -0.919502 0.393085 0.000410
vn -0.919502 0.393085 0.000410
vn -0.916841 0.392841 0.071264
vn -0.916841 0.392841 0.071264
vn -0.916841 0.392841 0.071264
vn -0.916841 0.392841 0.071264
vn -0.998076 0.028688 0.054971
vn -0.998076 0.028688 0.054971
vn -0.998076 0.028688 0.054971
vn -0.998076 0.028688 0.054971
vn -0.986254 0.025170 0.163311
vn -0.986254 0.025170 0.163311
vn -0.986254 0.025170 0.163311
vn -0.986254 0.025170 0.163311
vn -0.897323 0.388212 0.210009
vn -0.897323 0.388212 0.210009
vn -0.897323 0.388212 0.210009
vn -0.897323 0.388212 0.210009
vn -0.615351 0.316433 0.721951
vn -0.615351 0.316433 0.721951
vn -0.615351 0.316433 0.721951
vn -0.615351 0.316433 0.721951
vn -0.747894 0.030584 0.663113
vn -0.747894 0.030584 0.663113
vn -0.747894 0.030584 0.663113
vn -0.747894 0.030584 0.663113
vn 0.998076 0.028688 0.054971
vn 0.998076 0.028688 0.054971
vn 0.998076 0.028688 0.054971
vn 0.998076 0.028688 0.054971
vn 0.916841 0.392841 0.071264
vn 0.916841 0.392841 0.071264
vn 0.916841 0.392841 0.071264
vn 0.916841 0.392841 0.071264
vn 0.919502 0.393085 0.000410
vn 0.919502 0.393085 0.000410
vn 0.919502 0.393085 0.000410
vn 0.919502 0.393085 0.000410
vn 0.999556 0.029804 0.000470
vn 0.999556 0.029804 0.000470
vn 0.999556 0.029804 0.000470
vn 0.999556 0.029804 0.000470
vn 0.999556 0.029775 0.001410
vn 0.999556 0.029775 0.001410
vn 0.999556 0.029775 0.001410
vn 0.999556 0.029775 0.001410
vn 0.919470 0.393157 0.001229
vn 0.919470 0.393157 0.001229
vn 0.919470 0.393157 0.001229
vn 0.919470 0.393157 0.001229
vn 0.701572 0.360093 -0.614922
vn 0.701572 0.360093 -0.614922
vn 0.701572 0.360093 -0.614922
vn 0.701572 0.360093 -0.614922
vn 0.809333 0.048021 -0.585384
vn 0.809333 0.048021 -0.585384
vn 0.809333 0.048021 -0.585384
vn 0.809333 0.048021 -0.585384
vn -0.000000 -0.999990 0.004520
vn -0.000000 -0.999990 0.004520
vn -0.000000 -0.999990 0.004520
vn -0.000000 -0.999990 0.004520
vn 0.298302 -0.954210 0.022363
vn 0.298302 -0.954210 0.022363
vn 0.298302 -0.954210 0.022363
vn 0.298302 -0.954210 0.022363
vn 0.291175 -0.956670 0.000083
vn 0.291175 -0.956670 0.000083
vn 0.291175 -0.956670 0.000083
vn 0.291175 -0.956670 0.000083
vn -0.000000 -1.000000 0.000000
vn -0.000000 -1.000000 0.000000
vn -0.000000 -1.000000 0.000000
vn -0.000000 -1.000000 0.000000
vn 0.000000 -1.000000 0.000000
vn 0.000000 -1.000000 0.000000
vn 0.000000 -1.000000 0.000000
vn 0.000000 -1.000000 0.000000
vn 0.291118 -0.956687 0.000248
vn 0.291118 -0.956687 0.000248
vn 0.291118 -0.956687 0.000248
vn 0.291118 -0.956687 0.000248
vn 0.286055 -0.783566 -0.551540
vn 0.286055 -0.783566 -0.551540
vn 0.286055 -0.783566 -0.551540
vn 0.286055 -0.783566 -0.551540
vn 0.000000 -0.862448 -0.506146
vn 0.000000 -0.862448 -0.506146
vn 0.000000 -0.862448 -0.506146
vn 0.000000 -0.862448 -0.506146
vn 0.000000 0.996328 0.085617
vn 0.000000 0.996328 0.085617
vn 0.000000 0.996328 0.085617
vn 0.000000 0.996328 0.085617
vn -0.250035 0.964197 0.088353
vn -0.250035 0.964197 0.088353
vn -0.250035 0.964197 0.088353
vn -0.250035 0.964197 0.088353
vn -0.251553 0.967844 0.000082
vn -0.251553 0.967844 0.000082
vn -0.251553 0.967844 0.000082
vn -0.251553 0.967844 0.000082
vn 0.000000 1.000000 -0.000000
vn 0.000000 1.000000 -0.000000
vn 0.000000 1.000000 -0.000000
vn 0.000000 1.000000 -0.000000
vn 0.000000 1.000000 -0.000000
vn 0.000000 1.000000 -0.000000
vn 0.000000 1.000000 -0.000000
vn 0.000000 1.000000 -0.000000
vn -0.251501 0.967857 0.000247
vn -0.251501 0.967857 0.000247
vn -0.251501 0.967857 0.000247
vn -0.251501 0.967857 0.000247
vn -0.249200 0.799368 -0.546726
vn -0.249200 0.799368 -0.546726
vn -0.249200 0.799368 -0.546726
vn -0.249200 0.799368 -0.546726
vn 0.941595 -0.330080 0.066676
vn 0.941595 -0.330080 0.066676
vn 0.941595 -0.330080 0.066676
vn 0.941595 -0.330080 0.066676
vn 0.997347 0.027631 0.067347
vn 0.997347 0.027631 0.067347
vn 0.997347 0.027631 0.067347
vn 0.997347 0.027631 0.067347
vn 0.999699 0.024519 0.000415
vn 0.999699 0.024519 0.000415
vn 0.999699 0.024519 0.000415
vn 0.999699 0.024519 0.000415
vn 0.939363 -0.342925 0.000363
vn 0.939363 -0.342925 0.000363
vn 0.939363 -0.342925 0.000363
vn 0.939363 -0.342925 0.000363
vn 0.939339 -0.342989 0.001089
vn 0.939339 -0.342989 0.001089
vn 0.939339 -0.342989 0.001089
vn 0.939339 -0.342989 0.001089
vn 0.999699 0.024499 0.001245
vn 0.999699 0.024499 0.001245
vn 0.999699 0.024499 0.001245
vn 0.999699 0.024499 0.001245
vn 0.839305 0.038653 -0.542285
vn 0.839305 0.038653 -0.542285
vn 0.839305 0.038653 -0.542285
vn 0.839305 0.038653 -0.542285
vn 0.748382 -0.328015 -0.576481
vn 0.748382 -0.328015 -0.576481
vn 0.748382 -0.328015 -0.576481
vn 0.748382 -0.328015 -0.576481
vn -0.939363 -0.342925 0.000363
vn -0.939363 -0.342925 0.000363
vn -0.939363 -0.342925 0.000363
vn -0.939363 -0.342925 0.000363
vn -0.999699 0.024519 0.000415
vn -0.999699 0.024519 0.000415
vn -0.999699 0.024519 0.000415
vn -0.999699 0.024519 0.000415
vn -0.997347 0.027631 0.067347
vn -0.997347 0.027631 0.067347
vn -0.997347 0.027631 0.067347
vn -0.997347 0.027631 0.067347
vn -0.941595 -0.330080 0.066676
vn -0.941595 -0.330080 0.066676
vn -0.941595 -0.330080 0.066676
vn -0.941595 -0.330080 0.066676
vn -0.940504 -0.277745 0.195729
vn -0.940504 -0.277745 0.195729
vn -0.940504 -0.277745 0.195729
vn -0.940504 -0.277745 0.195729
vn -0.978651 0.042297 0.201132
vn -0.978651 0.042297 0.201132
vn -0.978651 0.042297 0.201132
vn -0.978651 0.042297 0.201132
vn -0.756413 0.069966 0.650341
vn -0.756413 0.069966 0.650341
vn -0.756413 0.069966 0.650341
vn -0.756413 0.069966 0.650341
vn -0.696978 -0.194353 0.690252
vn -0.696978 -0.194353 0.690252
vn -0.696978 -0.194353 0.690252
vn -0.696978 -0.194353 0.690252
vn 0.250035 0.964197 0.088353
vn 0.250035 0.964197 0.088353
vn 0.250035 0.964197 0.088353
vn 0.250035 0.964197 0.088353
vn 0.000000 0.996328 0.085617
vn 0.000000 0.996328 0.085617
vn 0.000000 0.996328 0.085617
vn 0.000000 0.996328 0.085617
vn -0.000000 1.000000 -0.000000
vn -0.000000 1.000000 -0.000000
vn -0.000000 1.000000 -0.000000
vn -0.000000 1.000000 -0.000000
vn 0.251553 0.967844 0.000082
vn 0.251553 0.967844 0.000082
vn 0.251553 0.967844 0.000082
vn 0.251553 0.967844 0.000082
vn 0.251502 0.967857 0.000246
vn 0.251502 0.967857 0.000246
vn 0.251502 0.967857 0.000246
vn 0.251502 0.967857 0.000246
vn -0.000000 1.000000 -0.000000
vn -0.000000 1.000000 -0.000000
vn -0.000000 1.000000 -0.000000
vn -0.000000 1.000000 -0.000000
vn 0.000000 0.868683 -0.495369
vn 0.000000 0.868683 -0.495369
vn 0.000000 0.868683 -0.495369
vn 0.000000 0.868683 -0.495369
vn 0.000000 0.868683 -0.495369
vn 0.000000 0.868683 -0.495369
vn 0.249201 0.799368 -0.546726
vn 0.249201 0.799368 -0.546726
vn 0.249201 0.799368 -0.546726
vn 0.249201 0.799368 -0.546726
vn -0.298301 -0.954210 0.022362
vn -0.298301 -0.954210 0.022362
vn -0.298301 -0.954210 0.022362
vn -0.298301 -0.954210 0.022362
vn -0.000000 -0.999990 0.004520
vn -0.000000 -0.999990 0.004520
vn -0.000000 -0.999990 0.004520
vn -0.000000 -0.999990 0.004520
vn -0.000000 -1.000000 0.000000
vn -0.000000 -1.000000 0.000000
vn -0.000000 -1.000000 0.000000
vn -0.000000 -1.000000 0.000000
vn -0.291175 -0.956670 0.000083
vn -0.291175 -0.956670 0.000083
vn -0.291175 -0.956670 0.000083
vn -0.291175 -0.956670 0.000083
vn -0.291118 -0.956687 0.000248
vn -0.291118 -0.956687 0.000248
vn -0.291118 -0.956687 0.000248
vn -0.291118 -0.956687 0.000248
vn -0.000000 -1.000000 0.000000
vn -0.000000 -1.000000 0.000000
vn -0.000000 -1.000000 0.000000
vn -0.000000 -1.000000 0.000000
vn 0.000000 -0.862448 -0.506146
vn 0.000000 -0.862448 -0.506146
vn 0.000000 -0.862448 -0.506146
vn 0.000000 -0.862448 -0.506146
vn -0.286056 -0.783566 -0.551540
vn -0.286056 -0.783566 -0.551540
vn -0.286056 -0.783566 -0.551540
vn -0.286056 -0.783566 -0.551540
vn 0.000000 0.054693 -0.998503
vn 0.000000 0.054693 -0.998503
vn 0.000000 0.054693 -0.998503
vn 0.000000 0.191249 -0.981542
vn 0.000000 0.191249 -0.981542
vn 0.000000 0.191249 -0.981542
vn -0.174715 0.224221 -0.958749
vn -0.174715 0.224221 -0.958749
vn -0.174715 0.224221 -0.958749
vn -0.174715 0.224221 -0.958749
vn -0.151267 0.054911 -0.986967
vn -0.151267 0.054911 -0.986967
vn -0.151267 0.054911 -0.986967
vn -0.151267 0.054911 -0.986967
vn -0.004009 0.041836 0.999116
vn -0.004009 0.041836 0.999116
vn -0.004009 0.041836 0.999116
vn -0.004009 0.041836 0.999116
vn -0.008830 0.161444 0.986842
vn -0.008830 0.161444 0.986842
vn -0.008830 0.161444 0.986842
vn -0.008830 0.161444 0.986842
vn 0.149530 0.198406 0.968646
vn 0.149530 0.198406 0.968646
vn 0.149530 0.198406 0.968646
vn 0.149530 0.198406 0.968646
vn 0.152383 0.040891 0.987475
vn 0.152383 0.040891 0.987475
vn 0.152383 0.040891 0.987475
vn 0.152383 0.040891 0.987475
vn -0.339176 -0.668385 0.661983
vn -0.339176 -0.668385 0.661983
vn -0.339176 -0.668385 0.661983
vn -0.339176 -0.668385 0.661983
vn -0.009683 -0.830030 0.557635
vn -0.009683 -0.830030 0.557635
vn -0.009683 -0.830030 0.557635
vn -0.009683 -0.830030 0.557635
vn 0.000000 -0.999908 0.013559
vn 0.000000 -0.999908 0.013559
vn 0.000000 -0.999908 0.013559
vn 0.000000 -0.999908 0.013559
vn -0.327145 -0.942398 0.069734
vn -0.327145 -0.942398 0.069734
vn -0.327145 -0.942398 0.069734
vn -0.327145 -0.942398 0.069734
vn 0.195422 0.672950 0.713406
vn 0.195422 0.672950 0.713406
vn 0.195422 0.672950 0.713406
vn 0.195422 0.672950 0.713406
vn -0.007599 0.712595 0.701534
vn -0.007599 0.712595 0.701534
vn -0.007599 0.712595 0.701534
vn -0.007599 0.712595 0.701534
vn 0.000000 0.968340 0.249635
vn 0.000000 0.968340 0.249635
vn 0.000000 0.968340 0.249635
vn 0.240393 0.936018 0.257063
vn 0.240393 0.936018 0.257063
vn 0.240393 0.936018 0.257063
vn 0.240393 0.936018 0.257063
vn 0.012916 -0.134519 0.990827
vn 0.012916 -0.134519 0.990827
vn 0.012916 -0.134519 0.990827
vn 0.012916 -0.134519 0.990827
vn 0.001770 0.069279 0.997596
vn 0.001770 0.069279 0.997596
vn 0.001770 0.069279 0.997596
vn 0.001770 0.069279 0.997596
vn 0.180438 0.072092 0.980941
vn 0.180438 0.072092 0.980941
vn 0.180438 0.072092 0.980941
vn 0.180438 0.072092 0.980941
vn 0.233216 -0.134979 0.963011
vn 0.233216 -0.134979 0.963011
vn 0.233216 -0.134979 0.963011
vn 0.233216 -0.134979 0.963011
vn 0.000000 -0.186023 -0.982545
vn 0.000000 -0.186023 -0.982545
vn 0.000000 -0.186023 -0.982545
vn 0.000000 0.045010 -0.998987
vn 0.000000 0.045010 -0.998987
vn 0.000000 0.045010 -0.998987
vn 0.000000 0.045010 -0.998987
vn -0.168931 0.045363 -0.984583
vn -0.168931 0.045363 -0.984583
vn -0.168931 0.045363 -0.984583
vn -0.168931 0.045363 -0.984583
vn -0.198192 -0.217200 -0.955795
vn -0.198192 -0.217200 -0.955795
vn -0.198192 -0.217200 -0.955795
vn -0.198192 -0.217200 -0.955795
vn -0.748382 -0.328015 -0.576480
vn -0.748382 -0.328015 -0.576480
vn -0.748382 -0.328015 -0.576480
vn -0.748382 -0.328015 -0.576480
vn -0.839305 0.038653 -0.542285
vn -0.839305 0.038653 -0.542285
vn -0.839305 0.038653 -0.542285
vn -0.839305 0.038653 -0.542285
vn -0.999699 0.024499 0.001245
vn -0.999699 0.024499 0.001245
vn -0.999699 0.024499 0.001245
vn -0.999699 0.024499 0.001245
vn -0.939339 -0.342989 0.001089
vn -0.939339 -0.342989 0.001089
vn -0.939339 -0.342989 0.001089
vn -0.939339 -0.342989 0.001089
vn 0.198192 -0.217200 -0.955795
vn 0.198192 -0.217200 -0.955795
vn 0.198192 -0.217200 -0.955795
vn 0.198192 -0.217200 -0.955795
vn 0.168931 0.045363 -0.984583
vn 0.168931 0.045363 -0.984583
vn 0.168931 0.045363 -0.984583
vn 0.168931 0.045363 -0.984583
vn -0.000000 0.045010 -0.998987
vn -0.000000 0.045010 -0.998987
vn -0.000000 0.045010 -0.998987
vn -0.000000 0.045010 -0.998987
vn 0.000000 -0.186023 -0.982545
vn 0.000000 -0.186023 -0.982545
vn 0.000000 -0.186023 -0.982545
vn 0.696978 -0.194353 0.690253
vn 0.696978 -0.194353 0.690253
vn 0.696978 -0.194353 0.690253
vn 0.696978 -0.194353 0.690253
vn 0.756413 0.069966 0.650342
vn 0.756413 0.069966 0.650342
vn 0.756413 0.069966 0.650342
vn 0.756413 0.069966 0.650342
vn 0.978651 0.042297 0.201131
vn 0.978651 0.042297 0.201131
vn 0.978651 0.042297 0.201131
vn 0.978651 0.042297 0.201131
vn 0.940504 -0.277745 0.195729
vn 0.940504 -0.277745 0.195729
vn 0.940504 -0.277745 0.195729
vn 0.940504 -0.277745 0.195729
vn -0.233216 -0.134979 0.963011
vn -0.233216 -0.134979 0.963011
vn -0.233216 -0.134979 0.963011
vn -0.233216 -0.134979 0.963011
vn -0.180438 0.072092 0.980941
vn -0.180438 0.072092 0.980941
vn -0.180438 0.072092 0.980941
vn -0.180438 0.072092 0.980941
vn -0.001770 0.069279 0.997596
vn -0.001770 0.069279 0.997596
vn -0.001770 0.069279 0.997596
vn -0.001770 0.069279 0.997596
vn -0.012916 -0.134519 0.990827
vn -0.012916 -0.134519 0.990827
vn -0.012916 -0.134519 0.990827
vn -0.012916 -0.134519 0.990827
vn 0.007599 0.712595 0.701534
vn 0.007599 0.712595 0.701534
vn 0.007599 0.712595 0.701534
vn 0.007599 0.712595 0.701534
vn -0.195422 0.672950 0.713406
vn -0.195422 0.672950 0.713406
vn -0.195422 0.672950 0.713406
vn -0.195422 0.672950 0.713406
vn -0.240393 0.936018 0.257063
vn -0.240393 0.936018 0.257063
vn -0.240393 0.936018 0.257063
vn -0.240393 0.936018 0.257063
vn 0.000000 0.968340 0.249635
vn 0.000000 0.968340 0.249635
vn 0.000000 0.968340 0.249635
vn 0.009683 -0.830030 0.557635
vn 0.009683 -0.830030 0.557635
vn 0.009683 -0.830030 0.557635
vn 0.009683 -0.830030 0.557635
vn 0.339176 -0.668385 0.661983
vn 0.339176 -0.668385 0.661983
vn 0.339176 -0.668385 0.661983
vn 0.339176 -0.668385 0.661983
vn 0.327145 -0.942398 0.069735
vn 0.327145 -0.942398 0.069735
vn 0.327145 -0.942398 0.069735
vn 0.327145 -0.942398 0.069735
vn 0.000000 -0.999908 0.013559
vn 0.000000 -0.999908 0.013559
vn 0.000000 -0.999908 0.013559
vn 0.000000 -0.999908 0.013559
vn -0.152383 0.040891 0.987475
vn -0.152383 0.040891 0.987475
vn -0.152383 0.040891 0.987475
vn -0.152383 0.040891 0.987475
vn -0.149530 0.198406 0.968646
vn -0.149530 0.198406 0.968646
vn -0.149530 0.198406 0.968646
vn -0.149530 0.198406 0.968646
vn 0.008830 0.161444 0.986842
vn 0.008830 0.161444 0.986842
vn 0.008830 0.161444 0.986842
vn 0.008830 0.161444 0.986842
vn 0.004009 0.041836 0.999116
vn 0.004009 0.041836 0.999116
vn 0.004009 0.041836 0.999116
vn 0.004009 0.041836 0.999116
vn 0.747894 0.030584 0.663114
vn 0.747894 0.030584 0.663114
vn 0.747894 0.030584 0.663114
vn 0.747894 0.030584 0.663114
vn 0.615351 0.316433 0.721951
vn 0.615351 0.316433 0.721951
vn 0.615351 0.316433 0.721951
vn 0.615351 0.316433 0.721951
vn 0.897322 0.388212 0.210009
vn 0.897322 0.388212 0.210009
vn 0.897322 0.388212 0.210009
vn 0.897322 0.388212 0.210009
vn 0.986254 0.025170 0.163311
vn 0.986254 0.025170 0.163311
vn 0.986254 0.025170 0.163311
vn 0.986254 0.025170 0.163311
vn 0.151267 0.054911 -0.986967
vn 0.151267 0.054911 -0.986967
vn 0.151267 0.054911 -0.986967
vn 0.151267 0.054911 -0.986967
vn 0.174715 0.224221 -0.958749
vn 0.174715 0.224221 -0.958749
vn 0.174715 0.224221 -0.958749
vn 0.174715 0.224221 -0.958749
vn 0.000000 0.191249 -0.981542
vn 0.000000 0.191249 -0.981542
vn 0.000000 0.191249 -0.981542
vn 0.000000 0.054693 -0.998503
vn 0.000000 0.054693 -0.998503
vn 0.000000 0.054693 -0.998503
vn -0.809333 0.048021 -0.585384
vn -0.809333 0.048021 -0.585384
vn -0.809333 0.048021 -0.585384
vn -0.809333 0.048021 -0.585384
vn -0.701572 0.360093 -0.614922
vn -0.701572 0.360093 -0.614922
vn -0.701572 0.360093 -0.614922
vn -0.701572 0.360093 -0.614922
vn -0.919471 0.393157 0.001229
vn -0.919471 0.393157 0.001229
vn -0.919471 0.393157 0.001229
vn -0.919471 0.393157 0.001229
vn -0.999556 0.029775 0.001410
vn -0.999556 0.029775 0.001410
vn -0.999556 0.029775 0.001410
vn -0.999556 0.029775 0.001410
vn 0.536642 0.763473 -0.359338
vn 0.536642 0.763473 -0.359338
vn 0.536642 0.763473 -0.359338
vn 0.536642 0.763473 -0.359338
vn -0.501234 -0.800221 -0.329259
vn -0.501234 -0.800221 -0.329259
vn -0.501234 -0.800221 -0.329259
vn -0.501234 -0.800221 -0.329259
vn -0.165898 -0.944194 -0.284562
vn -0.165898 -0.944194 -0.284562
vn -0.165898 -0.944194 -0.284562
vn -0.165898 -0.944194 -0.284562
vn 0.212239 0.906380 -0.365281
vn 0.212239 0.906380 -0.365281
vn 0.212239 0.906380 -0.365281
vn 0.212239 0.906380 -0.365281
vn 0.940518 0.252580 0.227222
vn 0.940518 0.252580 0.227222
vn 0.940518 0.252580 0.227222
vn 0.940518 0.252580 0.227222
vn -0.936269 -0.238184 0.258204
vn -0.936269 -0.238184 0.258204
vn -0.936269 -0.238184 0.258204
vn -0.936269 -0.238184 0.258204
vn -0.983403 -0.063019 0.170140
vn -0.983403 -0.063019 0.170140
vn -0.983403 -0.063019 0.170140
vn -0.983403 -0.063019 0.170140
vn 0.989176 -0.050965 0.137601
vn 0.989176 -0.050965 0.137601
vn 0.989176 -0.050965 0.137601
vn 0.989176 -0.050965 0.137601
vn 0.000000 0.942430 0.334402
vn 0.000000 0.942430 0.334402
vn 0.000000 0.942430 0.334402
vn 0.000000 0.942430 0.334402
vn 0.000000 -0.966574 0.256388
vn 0.000000 -0.966574 0.256388
vn 0.000000 -0.966574 0.256388
vn 0.000000 -0.966574 0.256388
vn -0.057029 -0.962319 0.265876
vn -0.057029 -0.962319 0.265876
vn -0.057029 -0.962319 0.265876
vn -0.057029 -0.962319 0.265876
vn 0.072157 0.935650 0.345475
vn 0.072157 0.935650 0.345475
vn 0.072157 0.935650 0.345475
vn 0.072157 0.935650 0.345475
vn 0.992233 -0.122936 -0.018998
vn 0.992233 -0.122936 -0.018998
vn 0.992233 -0.122936 -0.018998
vn 0.992233 -0.122936 -0.018998
vn -0.973015 -0.228037 -0.035239
vn -0.973015 -0.228037 -0.035239
vn -0.973015 -0.228037 -0.035239
vn -0.973015 -0.228037 -0.035239
vn -0.971148 -0.199713 -0.130333
vn -0.971148 -0.199713 -0.130333
vn -0.971148 -0.199713 -0.130333
vn -0.971148 -0.199713 -0.130333
vn 0.990642 -0.114301 -0.074593
vn 0.990642 -0.114301 -0.074593
vn 0.990642 -0.114301 -0.074593
vn 0.990642 -0.114301 -0.074593
vn 0.989176 -0.050966 -0.137599
vn 0.989176 -0.050966 -0.137599
vn 0.989176 -0.050966 -0.137599
vn 0.989176 -0.050966 -0.137599
vn -0.983402 -0.063021 -0.170145
vn -0.983402 -0.063021 -0.170145
vn -0.983402 -0.063021 -0.170145
vn -0.983402 -0.063021 -0.170145
vn -0.936268 -0.238183 -0.258206
vn -0.936268 -0.238183 -0.258206
vn -0.936268 -0.238183 -0.258206
vn -0.936268 -0.238183 -0.258206
vn 0.940518 0.252580 -0.227223
vn 0.940518 0.252580 -0.227223
vn 0.940518 0.252580 -0.227223
vn 0.940518 0.252580 -0.227223
vn 0.212240 0.906380 0.365279
vn 0.212240 0.906380 0.365279
vn 0.212240 0.906380 0.365279
vn 0.212240 0.906380 0.365279
vn -0.165898 -0.944194 0.284562
vn -0.165898 -0.944194 0.284562
vn -0.165898 -0.944194 0.284562
vn -0.165898 -0.944194 0.284562
vn -0.501233 -0.800220 0.329262
vn -0.501233 -0.800220 0.329262
vn -0.501233 -0.800220 0.329262
vn -0.501233 -0.800220 0.329262
vn 0.536642 0.763474 0.359336
vn 0.536642 0.763474 0.359336
vn 0.536642 0.763474 0.359336
vn 0.536642 0.763474 0.359336
vn 0.990642 -0.114303 0.074594
vn 0.990642 -0.114303 0.074594
vn 0.990642 -0.114303 0.074594
vn 0.990642 -0.114303 0.074594
vn -0.971149 -0.199708 0.130330
vn -0.971149 -0.199708 0.130330
vn -0.971149 -0.199708 0.130330
vn -0.971149 -0.199708 0.130330
vn -0.973015 -0.228035 0.035241
vn -0.973015 -0.228035 0.035241
vn -0.973015 -0.228035 0.035241
vn -0.973015 -0.228035 0.035241
vn 0.992233 -0.122935 0.018998
vn 0.992233 -0.122935 0.018998
vn 0.992233 -0.122935 0.018998
vn 0.992233 -0.122935 0.018998
vn 0.072157 0.935650 -0.345475
vn 0.072157 0.935650 -0.345475
vn 0.072157 0.935650 -0.345475
vn 0.072157 0.935650 -0.345475
vn -0.057029 -0.962319 -0.265876
vn -0.057029 -0.962319 -0.265876
vn -0.057029 -0.962319 -0.265876
vn -0.057029 -0.962319 -0.265876
vn 0.000000 -0.966574 -0.256388
vn 0.000000 -0.966574 -0.256388
vn 0.000000 -0.966574 -0.256388
vn 0.000000 -0.966574 -0.256388
vn 0.000000 0.942430 -0.334403
vn 0.000000 0.942430 -0.334403
vn 0.000000 0.942430 -0.334403
vn 0.000000 0.942430 -0.334403
vn -0.000000 -0.999947 0.010338
vn -0.000000 -0.999947 0.010338
vn -0.000000 -0.999947 0.010338
vn -0.000000 -0.999947 0.010338
vn -0.066938 -0.997715 0.009148
vn -0.066938 -0.997715 0.009148
vn -0.066938 -0.997715 0.009148
vn -0.066938 -0.997715 0.009148
vn -0.066904 -0.997507 0.022450
vn -0.066904 -0.997507 0.022450
vn -0.066904 -0.997507 0.022450
vn -0.066904 -0.997507 0.022450
vn -0.000000 -0.999749 0.022388
vn -0.000000 -0.999749 0.022388
vn -0.000000 -0.999749 0.022388
vn -0.000000 -0.999749 0.022388
vn -0.000000 -0.999749 -0.022388
vn -0.000000 -0.999749 -0.022388
vn -0.000000 -0.999749 -0.022388
vn -0.000000 -0.999749 -0.022388
vn -0.066904 -0.997507 -0.022450
vn -0.066904 -0.997507 -0.022450
vn -0.066904 -0.997507 -0.022450
vn -0.066904 -0.997507 -0.022450
vn -0.066938 -0.997715 -0.009148
vn -0.066938 -0.997715 -0.009148
vn -0.066938 -0.997715 -0.009148
vn -0.066938 -0.997715 -0.009148
vn 0.000000 -0.999947 -0.010338
vn 0.000000 -0.999947 -0.010338
vn 0.000000 -0.999947 -0.010338
vn 0.000000 -0.999947 -0.010338
vn -0.972363 -0.229266 0.044123
vn -0.972363 -0.229266 0.044123
vn -0.972363 -0.229266 0.044123
vn -0.972363 -0.229266 0.044123
vn -0.978421 -0.206481 0.007670
vn -0.978421 -0.206481 0.007670
vn -0.978421 -0.206481 0.007670
vn -0.978421 -0.206481 0.007670
vn -0.999824 -0.018658 0.002027
vn -0.999824 -0.018658 0.002027
vn -0.999824 -0.018658 0.002027
vn -0.999824 -0.018658 0.002027
vn -0.999320 -0.023699 0.028230
vn -0.999320 -0.023699 0.028230
vn -0.999320 -0.023699 0.028230
vn -0.999320 -0.023699 0.028230
vn -0.197219 -0.980101 -0.022507
vn -0.197219 -0.980101 -0.022507
vn -0.197219 -0.980101 -0.022507
vn -0.197219 -0.980101 -0.022507
vn -0.607343 -0.794387 -0.009145
vn -0.607343 -0.794387 -0.009145
vn -0.607343 -0.794387 -0.009145
vn -0.607343 -0.794387 -0.009145
vn -0.576495 -0.816808 0.021864
vn -0.576495 -0.816808 0.021864
vn -0.576495 -0.816808 0.021864
vn -0.576495 -0.816808 0.021864
vn -0.197180 -0.980344 -0.006732
vn -0.197180 -0.980344 -0.006732
vn -0.197180 -0.980344 -0.006732
vn -0.197180 -0.980344 -0.006732
vn -0.197180 -0.980344 0.006732
vn -0.197180 -0.980344 0.006732
vn -0.197180 -0.980344 0.006732
vn -0.197180 -0.980344 0.006732
vn -0.576495 -0.816808 -0.021864
vn -0.576495 -0.816808 -0.021864
vn -0.576495 -0.816808 -0.021864
vn -0.576495 -0.816808 -0.021864
vn -0.607343 -0.794387 0.009145
vn -0.607343 -0.794387 0.009145
vn -0.607343 -0.794387 0.009145
vn -0.607343 -0.794387 0.009145
vn -0.197219 -0.980101 0.022508
vn -0.197219 -0.980101 0.022508
vn -0.197219 -0.980101 0.022508
vn -0.197219 -0.980101 0.022508
vn -0.978421 -0.206480 -0.007670
vn -0.978421 -0.206480 -0.007670
vn -0.978421 -0.206480 -0.007670
vn -0.978421 -0.206480 -0.007670
vn -0.972363 -0.229265 -0.044123
vn -0.972363 -0.229265 -0.044123
vn -0.972363 -0.229265 -0.044123
vn -0.972363 -0.229265 -0.044123
vn -0.999321 -0.023699 -0.028229
vn -0.999321 -0.023699 -0.028229
vn -0.999321 -0.023699 -0.028229
vn -0.999321 -0.023699 -0.028229
vn -0.999824 -0.018658 -0.002026
vn -0.999824 -0.018658 -0.002026
vn -0.999824 -0.018658 -0.002026
vn -0.999824 -0.018658 -0.002026
vn 0.066904 0.997507 -0.022450
vn 0.066904 0.997507 -0.022450
vn 0.066904 0.997507 -0.022450
vn 0.066904 0.997507 -0.022450
vn 0.068164 0.994427 -0.080430
vn 0.068164 0.994427 -0.080430
vn 0.068164 0.994427 -0.080430
vn 0.068164 0.994427 -0.080430
vn 0.000000 0.996875 -0.078990
vn 0.000000 0.996875 -0.078990
vn 0.000000 0.996875 -0.078990
vn 0.000000 0.996875 -0.078990
vn 0.000000 0.999749 -0.022389
vn 0.000000 0.999749 -0.022389
vn 0.000000 0.999749 -0.022389
vn 0.000000 0.999749 -0.022389
vn 0.068164 0.994427 0.080430
vn 0.068164 0.994427 0.080430
vn 0.068164 0.994427 0.080430
vn 0.068164 0.994427 0.080430
vn 0.066904 0.997507 0.022450
vn 0.066904 0.997507 0.022450
vn 0.066904 0.997507 0.022450
vn 0.066904 0.997507 0.022450
vn 0.000000 0.999749 0.022388
vn 0.000000 0.999749 0.022388
vn 0.000000 0.999749 0.022388
vn 0.000000 0.999749 0.022388
vn 0.000000 0.996875 0.078989
vn 0.000000 0.996875 0.078989
vn 0.000000 0.996875 0.078989
vn 0.000000 0.996875 0.078989
vn 0.999846 -0.017421 0.001892
vn 0.999846 -0.017421 0.001892
vn 0.999846 -0.017421 0.001892
vn 0.999846 -0.017421 0.001892
vn 0.978421 0.206480 -0.007670
vn 0.978421 0.206480 -0.007670
vn 0.978421 0.206480 -0.007670
vn 0.978421 0.206480 -0.007670
vn 0.973043 0.230407 0.010029
vn 0.973043 0.230407 0.010029
vn 0.973043 0.230407 0.010029
vn 0.973043 0.230407 0.010029
vn 0.999428 -0.021739 0.025894
vn 0.999428 -0.021739 0.025894
vn 0.999428 -0.021739 0.025894
vn 0.999428 -0.021739 0.025894
vn 0.579055 0.813129 0.059308
vn 0.579055 0.813129 0.059308
vn 0.579055 0.813129 0.059308
vn 0.579055 0.813129 0.059308
vn 0.607343 0.794387 0.009145
vn 0.607343 0.794387 0.009145
vn 0.607343 0.794387 0.009145
vn 0.607343 0.794387 0.009145
vn 0.197219 0.980101 0.022507
vn 0.197219 0.980101 0.022507
vn 0.197219 0.980101 0.022507
vn 0.197219 0.980101 0.022507
vn 0.200967 0.976072 0.083044
vn 0.200967 0.976072 0.083044
vn 0.200967 0.976072 0.083044
vn 0.200967 0.976072 0.083044
vn 0.607342 0.794388 -0.009145
vn 0.607342 0.794388 -0.009145
vn 0.607342 0.794388 -0.009145
vn 0.607342 0.794388 -0.009145
vn 0.579055 0.813129 -0.059308
vn 0.579055 0.813129 -0.059308
vn 0.579055 0.813129 -0.059308
vn 0.579055 0.813129 -0.059308
vn 0.200967 0.976072 -0.083044
vn 0.200967 0.976072 -0.083044
vn 0.200967 0.976072 -0.083044
vn 0.200967 0.976072 -0.083044
vn 0.197220 0.980101 -0.022508
vn 0.197220 0.980101 -0.022508
vn 0.197220 0.980101 -0.022508
vn 0.197220 0.980101 -0.022508
vn 0.999428 -0.021740 -0.025895
vn 0.999428 -0.021740 -0.025895
vn 0.999428 -0.021740 -0.025895
vn 0.999428 -0.021740 -0.025895
vn 0.973043 0.230407 -0.010029
vn 0.973043 0.230407 -0.010029
vn 0.973043 0.230407 -0.010029
vn 0.973043 0.230407 -0.010029
vn 0.978421 0.206480 0.007670
vn 0.978421 0.206480 0.007670
vn 0.978421 0.206480 0.007670
vn 0.978421 0.206480 0.007670
vn 0.999846 -0.017421 -0.001892
vn 0.999846 -0.017421 -0.001892
vn 0.999846 -0.017421 -0.001892
vn 0.999846 -0.017421 -0.001892
vn 0.568997 0.275626 0.774773
vn 0.568997 0.275626 0.774773
vn 0.568997 0.275626 0.774773
vn 0.568997 0.275626 0.774773
vn 0.577370 0.301825 0.758647
vn 0.577370 0.301825 0.758647
vn 0.577370 0.301825 0.758647
vn 0.577370 0.301825 0.758647
vn 0.115286 0.273391 0.954969
vn 0.115286 0.273391 0.954969
vn 0.115286 0.273391 0.954969
vn 0.115286 0.273391 0.954969
vn 0.112409 0.250257 0.961632
vn 0.112409 0.250257 0.961632
vn 0.112409 0.250257 0.961632
vn 0.112409 0.250257 0.961632
vn 0.957907 0.246077 -0.147855
vn 0.957907 0.246077 -0.147855
vn 0.957907 0.246077 -0.147855
vn 0.957907 0.246077 -0.147855
vn 0.957546 0.259292 -0.125994
vn 0.957546 0.259292 -0.125994
vn 0.957546 0.259292 -0.125994
vn 0.957546 0.259292 -0.125994
vn 0.966089 0.255980 0.033871
vn 0.966089 0.255980 0.033871
vn 0.966089 0.255980 0.033871
vn 0.966089 0.255980 0.033871
vn 0.966390 0.255615 0.027397
vn 0.966390 0.255615 0.027397
vn 0.966390 0.255615 0.027397
vn 0.966390 0.255615 0.027397
vn 0.966390 0.255615 -0.027398
vn 0.966390 0.255615 -0.027398
vn 0.966390 0.255615 -0.027398
vn 0.966390 0.255615 -0.027398
vn 0.966088 0.255981 -0.033873
vn 0.966088 0.255981 -0.033873
vn 0.966088 0.255981 -0.033873
vn 0.966088 0.255981 -0.033873
vn 0.957545 0.259292 0.125994
vn 0.957545 0.259292 0.125994
vn 0.957545 0.259292 0.125994
vn 0.957545 0.259292 0.125994
vn 0.957907 0.246076 0.147856
vn 0.957907 0.246076 0.147856
vn 0.957907 0.246076 0.147856
vn 0.957907 0.246076 0.147856
vn 0.036904 0.244373 0.968979
vn 0.036904 0.244373 0.968979
vn 0.036904 0.244373 0.968979
vn 0.036904 0.244373 0.968979
vn 0.038310 0.263277 0.963959
vn 0.038310 0.263277 0.963959
vn 0.038310 0.263277 0.963959
vn 0.038310 0.263277 0.963959
vn 0.000000 0.261855 0.965107
vn 0.000000 0.261855 0.965107
vn 0.000000 0.261855 0.965107
vn 0.000000 0.261855 0.965107
vn 0.000000 0.243871 0.969808
vn 0.000000 0.243871 0.969808
vn 0.000000 0.243871 0.969808
vn 0.000000 0.243871 0.969808
vn 0.112409 0.250257 -0.961632
vn 0.112409 0.250257 -0.961632
vn 0.112409 0.250257 -0.961632
vn 0.112409 0.250257 -0.961632
vn 0.115286 0.273391 -0.954969
vn 0.115286 0.273391 -0.954969
vn 0.115286 0.273391 -0.954969
vn 0.115286 0.273391 -0.954969
vn 0.577370 0.301824 -0.758648
vn 0.577370 0.301824 -0.758648
vn 0.577370 0.301824 -0.758648
vn 0.577370 0.301824 -0.758648
vn 0.568997 0.275626 -0.774773
vn 0.568997 0.275626 -0.774773
vn 0.568997 0.275626 -0.774773
vn 0.568997 0.275626 -0.774773
vn -0.000000 0.243870 -0.969808
vn -0.000000 0.243870 -0.969808
vn -0.000000 0.243870 -0.969808
vn -0.000000 0.243870 -0.969808
vn -0.000000 0.261855 -0.965107
vn -0.000000 0.261855 -0.965107
vn -0.000000 0.261855 -0.965107
vn -0.000000 0.261855 -0.965107
vn 0.038310 0.263277 -0.963959
vn 0.038310 0.263277 -0.963959
vn 0.038310 0.263277 -0.963959
vn 0.038310 0.263277 -0.963959
vn 0.036904 0.244372 -0.968979
vn 0.036904 0.244372 -0.968979
vn 0.036904 0.244372 -0.968979
vn 0.036904 0.244372 -0.968979
vn 0.000000 0.082060 -0.996627
vn 0.000000 0.082060 -0.996627
vn 0.000000 0.082060 -0.996627
vn 0.000000 0.082060 -0.996627
vn 0.000000 0.402233 -0.915537
vn 0.000000 0.402233 -0.915537
vn 0.000000 0.402233 -0.915537
vn 0.000000 0.402233 -0.915537
vn 0.051342 0.402798 -0.913848
vn 0.051342 0.402798 -0.913848
vn 0.051342 0.402798 -0.913848
vn 0.051342 0.402798 -0.913848
vn 0.039203 0.081384 -0.995912
vn 0.039203 0.081384 -0.995912
vn 0.039203 0.081384 -0.995912
vn 0.039203 0.081384 -0.995912
vn 0.117277 0.079540 -0.989909
vn 0.117277 0.079540 -0.989909
vn 0.117277 0.079540 -0.989909
vn 0.117277 0.079540 -0.989909
vn 0.152940 0.403092 -0.902290
vn 0.152940 0.403092 -0.902290
vn 0.152940 0.403092 -0.902290
vn 0.152940 0.403092 -0.902290
vn 0.632488 0.364869 -0.683249
vn 0.632488 0.364869 -0.683249
vn 0.632488 0.364869 -0.683249
vn 0.632488 0.364869 -0.683249
vn 0.577745 0.077803 -0.812501
vn 0.577745 0.077803 -0.812501
vn 0.577745 0.077803 -0.812501
vn 0.577745 0.077803 -0.812501
vn 0.039203 0.081384 0.995911
vn 0.039203 0.081384 0.995911
vn 0.039203 0.081384 0.995911
vn 0.039203 0.081384 0.995911
vn 0.051343 0.402799 0.913847
vn 0.051343 0.402799 0.913847
vn 0.051343 0.402799 0.913847
vn 0.051343 0.402799 0.913847
vn -0.000000 0.402233 0.915537
vn -0.000000 0.402233 0.915537
vn -0.000000 0.402233 0.915537
vn -0.000000 0.402233 0.915537
vn 0.000000 0.082061 0.996627
vn 0.000000 0.082061 0.996627
vn 0.000000 0.082061 0.996627
vn 0.000000 0.082061 0.996627
vn 0.003520 -0.999994 0.000000
vn 0.003520 -0.999994 0.000000
vn 0.003520 -0.999994 0.000000
vn 0.003520 -0.999994 0.000000
vn 0.016488 -0.966017 0.257952
vn 0.016488 -0.966017 0.257952
vn 0.016488 -0.966017 0.257952
vn 0.016488 -0.966017 0.257952
vn 0.000000 -0.967758 0.251883
vn 0.000000 -0.967758 0.251883
vn 0.000000 -0.967758 0.251883
vn 0.000000 -0.967758 0.251883
vn 0.000000 -1.000000 0.000000
vn 0.000000 -1.000000 0.000000
vn 0.000000 -1.000000 0.000000
vn 0.000000 -1.000000 0.000000
vn 0.066756 0.997769 -0.000000
vn 0.066756 0.997769 -0.000000
vn 0.066756 0.997769 -0.000000
vn 0.066756 0.997769 -0.000000
vn 0.067934 0.967425 -0.243872
vn 0.067934 0.967425 -0.243872
vn 0.067934 0.967425 -0.243872
vn 0.067934 0.967425 -0.243872
vn 0.000000 0.969476 -0.245185
vn 0.000000 0.969476 -0.245185
vn 0.000000 0.969476 -0.245185
vn 0.000000 0.969476 -0.245185
vn 0.000000 1.000000 -0.000000
vn 0.000000 1.000000 -0.000000
vn 0.000000 1.000000 -0.000000
vn 0.052989 -0.379791 0.923553
vn 0.052989 -0.379791 0.923553
vn 0.052989 -0.379791 0.923553
vn 0.052989 -0.379791 0.923553
vn 0.049121 0.069988 0.996338
vn 0.049121 0.069988 0.996338
vn 0.049121 0.069988 0.996338
vn 0.049121 0.069988 0.996338
vn 0.000000 0.067574 0.997714
vn 0.000000 0.067574 0.997714
vn 0.000000 0.067574 0.997714
vn 0.000000 0.067574 0.997714
vn 0.000000 -0.392620 0.919701
vn 0.000000 -0.392620 0.919701
vn 0.000000 -0.392620 0.919701
vn 0.000000 -0.392620 0.919701
vn 0.000000 -0.392620 -0.919701
vn 0.000000 -0.392620 -0.919701
vn 0.000000 -0.392620 -0.919701
vn 0.000000 -0.392620 -0.919701
vn 0.000000 0.067573 -0.997714
vn 0.000000 0.067573 -0.997714
vn 0.000000 0.067573 -0.997714
vn 0.000000 0.067573 -0.997714
vn 0.049120 0.069988 -0.996338
vn 0.049120 0.069988 -0.996338
vn 0.049120 0.069988 -0.996338
vn 0.049120 0.069988 -0.996338
vn 0.052989 -0.379791 -0.923553
vn 0.052989 -0.379791 -0.923553
vn 0.052989 -0.379791 -0.923553
vn 0.052989 -0.379791 -0.923553
vn 0.156881 -0.327568 -0.931712
vn 0.156881 -0.327568 -0.931712
vn 0.156881 -0.327568 -0.931712
vn 0.156881 -0.327568 -0.931712
vn 0.148259 0.081850 -0.985556
vn 0.148259 0.081850 -0.985556
vn 0.148259 0.081850 -0.985556
vn 0.148259 0.081850 -0.985556
vn 0.595444 0.106024 -0.796370
vn 0.595444 0.106024 -0.796370
vn 0.595444 0.106024 -0.796370
vn 0.595444 0.106024 -0.796370
vn 0.641995 -0.245295 -0.726411
vn 0.641995 -0.245295 -0.726411
vn 0.641995 -0.245295 -0.726411
vn 0.641995 -0.245295 -0.726411
vn 0.067934 0.967425 0.243871
vn 0.067934 0.967425 0.243871
vn 0.067934 0.967425 0.243871
vn 0.067934 0.967425 0.243871
vn 0.066756 0.997769 -0.000000
vn 0.066756 0.997769 -0.000000
vn 0.066756 0.997769 -0.000000
vn 0.066756 0.997769 -0.000000
vn 0.000000 1.000000 -0.000000
vn 0.000000 1.000000 -0.000000
vn 0.000000 1.000000 -0.000000
vn -0.000000 0.969476 0.245184
vn -0.000000 0.969476 0.245184
vn -0.000000 0.969476 0.245184
vn -0.000000 0.969476 0.245184
vn 0.016488 -0.966017 -0.257952
vn 0.016488 -0.966017 -0.257952
vn 0.016488 -0.966017 -0.257952
vn 0.016488 -0.966017 -0.257952
vn 0.003519 -0.999994 0.000000
vn 0.003519 -0.999994 0.000000
vn 0.003519 -0.999994 0.000000
vn 0.003519 -0.999994 0.000000
vn 0.000000 -1.000000 0.000000
vn 0.000000 -1.000000 0.000000
vn 0.000000 -0.967758 -0.251882
vn 0.000000 -0.967758 -0.251882
vn 0.000000 -0.967758 -0.251882
vn 0.000000 -0.967758 -0.251882
vn 0.998548 0.053642 -0.004875
vn 0.998548 0.053642 -0.004875
vn 0.998548 0.053642 -0.004875
vn 0.998548 0.053642 -0.004875
vn 0.978576 0.205605 -0.010780
vn 0.978576 0.205605 -0.010780
vn 0.978576 0.205605 -0.010780
vn 0.978576 0.205605 -0.010780
vn 0.950782 0.251022 0.181664
vn 0.950782 0.251022 0.181664
vn 0.950782 0.251022 0.181664
vn 0.950782 0.251022 0.181664
vn 0.981184 0.059079 0.183811
vn 0.981184 0.059079 0.183811
vn 0.981184 0.059079 0.183811
vn 0.981184 0.059079 0.183811
vn 0.573372 -0.753095 -0.322632
vn 0.573372 -0.753095 -0.322632
vn 0.573372 -0.753095 -0.322632
vn 0.573372 -0.753095 -0.322632
vn 0.463417 -0.886097 -0.008745
vn 0.463417 -0.886097 -0.008745
vn 0.463417 -0.886097 -0.008745
vn 0.463417 -0.886097 -0.008745
vn 0.010557 -0.999944 0.000000
vn 0.010557 -0.999944 0.000000
vn 0.010557 -0.999944 0.000000
vn 0.051309 -0.957831 -0.282715
vn 0.051309 -0.957831 -0.282715
vn 0.051309 -0.957831 -0.282715
vn 0.051309 -0.957831 -0.282715
vn 0.620099 0.755480 0.211490
vn 0.620099 0.755480 0.211490
vn 0.620099 0.755480 0.211490
vn 0.620099 0.755480 0.211490
vn 0.608360 0.793619 -0.008147
vn 0.608360 0.793619 -0.008147
vn 0.608360 0.793619 -0.008147
vn 0.608360 0.793619 -0.008147
vn 0.196790 0.980446 -0.000000
vn 0.196790 0.980446 -0.000000
vn 0.196790 0.980446 -0.000000
vn 0.196790 0.980446 -0.000000
vn 0.200072 0.950814 0.236481
vn 0.200072 0.950814 0.236481
vn 0.200072 0.950814 0.236481
vn 0.200072 0.950814 0.236481
vn 0.985028 -0.171836 0.013855
vn 0.985028 -0.171836 0.013855
vn 0.985028 -0.171836 0.013855
vn 0.985028 -0.171836 0.013855
vn 0.996043 0.088855 0.001909
vn 0.996043 0.088855 0.001909
vn 0.996043 0.088855 0.001909
vn 0.996043 0.088855 0.001909
vn 0.976099 0.095732 0.195105
vn 0.976099 0.095732 0.195105
vn 0.976099 0.095732 0.195105
vn 0.976099 0.095732 0.195105
vn 0.952244 -0.174385 0.250641
vn 0.952244 -0.174385 0.250641
vn 0.952244 -0.174385 0.250641
vn 0.952244 -0.174385 0.250641
vn 0.641995 -0.245295 0.726411
vn 0.641995 -0.245295 0.726411
vn 0.641995 -0.245295 0.726411
vn 0.641995 -0.245295 0.726411
vn 0.595444 0.106024 0.796370
vn 0.595444 0.106024 0.796370
vn 0.595444 0.106024 0.796370
vn 0.595444 0.106024 0.796370
vn 0.148259 0.081849 0.985556
vn 0.148259 0.081849 0.985556
vn 0.148259 0.081849 0.985556
vn 0.148259 0.081849 0.985556
vn 0.156881 -0.327568 0.931712
vn 0.156881 -0.327568 0.931712
vn 0.156881 -0.327568 0.931712
vn 0.156881 -0.327568 0.931712
vn 0.952244 -0.174385 -0.250641
vn 0.952244 -0.174385 -0.250641
vn 0.952244 -0.174385 -0.250641
vn 0.952244 -0.174385 -0.250641
vn 0.976099 0.095732 -0.195105
vn 0.976099 0.095732 -0.195105
vn 0.976099 0.095732 -0.195105
vn 0.976099 0.095732 -0.195105
vn 0.996043 0.088856 -0.001909
vn 0.996043 0.088856 -0.001909
vn 0.996043 0.088856 -0.001909
vn 0.996043 0.088856 -0.001909
vn 0.985028 -0.171836 -0.013855
vn 0.985028 -0.171836 -0.013855
vn 0.985028 -0.171836 -0.013855
vn 0.985028 -0.171836 -0.013855
vn 0.608360 0.793619 0.008146
vn 0.608360 0.793619 0.008146
vn 0.608360 0.793619 0.008146
vn 0.608360 0.793619 0.008146
vn 0.620099 0.755479 -0.211491
vn 0.620099 0.755479 -0.211491
vn 0.620099 0.755479 -0.211491
vn 0.620099 0.755479 -0.211491
vn 0.200072 0.950814 -0.236480
vn 0.200072 0.950814 -0.236480
vn 0.200072 0.950814 -0.236480
vn 0.200072 0.950814 -0.236480
vn 0.196791 0.980446 -0.000000
vn 0.196791 0.980446 -0.000000
vn 0.196791 0.980446 -0.000000
vn 0.196791 0.980446 -0.000000
vn 0.463416 -0.886098 0.008745
vn 0.463416 -0.886098 0.008745
vn 0.463416 -0.886098 0.008745
vn 0.463416 -0.886098 0.008745
vn 0.573373 -0.753095 0.322632
vn 0.573373 -0.753095 0.322632
vn 0.573373 -0.753095 0.322632
vn 0.573373 -0.753095 0.322632
vn 0.051309 -0.957831 0.282715
vn 0.051309 -0.957831 0.282715
vn 0.051309 -0.957831 0.282715
vn 0.051309 -0.957831 0.282715
vn 0.010557 -0.999944 0.000000
vn 0.010557 -0.999944 0.000000
vn 0.010557 -0.999944 0.000000
vn 0.981184 0.059081 -0.183812
vn 0.981184 0.059081 -0.183812
vn 0.981184 0.059081 -0.183812
vn 0.981184 0.059081 -0.183812
vn 0.950782 0.251021 -0.181665
vn 0.950782 0.251021 -0.181665
vn 0.950782 0.251021 -0.181665
vn 0.950782 0.251021 -0.181665
vn 0.978576 0.205604 0.010779
vn 0.978576 0.205604 0.010779
vn 0.978576 0.205604 0.010779
vn 0.978576 0.205604 0.010779
vn 0.998548 0.053643 0.004874
vn 0.998548 0.053643 0.004874
vn 0.998548 0.053643 0.004874
vn 0.998548 0.053643 0.004874
vn 0.577744 0.077803 0.812501
vn 0.577744 0.077803 0.812501
vn 0.577744 0.077803 0.812501
vn 0.577744 0.077803 0.812501
vn 0.632489 0.364870 0.683248
vn 0.632489 0.364870 0.683248
vn 0.632489 0.364870 0.683248
vn 0.632489 0.364870 0.683248
vn 0.152940 0.403092 0.902289
vn 0.152940 0.403092 0.902289
vn 0.152940 0.403092 0.902289
vn 0.152940 0.403092 0.902289
vn 0.117277 0.079540 0.989909
vn 0.117277 0.079540 0.989909
vn 0.117277 0.079540 0.989909
vn 0.117277 0.079540 0.989909
vn -0.536642 0.763473 -0.359339
vn -0.536642 0.763473 -0.359339
vn -0.536642 0.763473 -0.359339
vn -0.536642 0.763473 -0.359339
vn 0.501234 -0.800220 -0.329260
vn 0.501234 -0.800220 -0.329260
vn 0.501234 -0.800220 -0.329260
vn 0.501234 -0.800220 -0.329260
vn 0.165898 -0.944194 -0.284561
vn 0.165898 -0.944194 -0.284561
vn 0.165898 -0.944194 -0.284561
vn 0.165898 -0.944194 -0.284561
vn -0.212239 0.906380 -0.365281
vn -0.212239 0.906380 -0.365281
vn -0.212239 0.906380 -0.365281
vn -0.212239 0.906380 -0.365281
vn -0.940518 0.252580 0.227223
vn -0.940518 0.252580 0.227223
vn -0.940518 0.252580 0.227223
vn -0.940518 0.252580 0.227223
vn 0.936269 -0.238184 0.258204
vn 0.936269 -0.238184 0.258204
vn 0.936269 -0.238184 0.258204
vn 0.936269 -0.238184 0.258204
vn 0.983402 -0.063019 0.170142
vn 0.983402 -0.063019 0.170142
vn 0.983402 -0.063019 0.170142
vn 0.983402 -0.063019 0.170142
vn -0.989176 -0.050965 0.137601
vn -0.989176 -0.050965 0.137601
vn -0.989176 -0.050965 0.137601
vn -0.989176 -0.050965 0.137601
vn 0.000000 0.942430 0.334402
vn 0.000000 0.942430 0.334402
vn 0.000000 0.942430 0.334402
vn 0.000000 0.942430 0.334402
vn 0.000000 -0.966574 0.256388
vn 0.000000 -0.966574 0.256388
vn 0.000000 -0.966574 0.256388
vn 0.000000 -0.966574 0.256388
vn 0.057029 -0.962319 0.265876
vn 0.057029 -0.962319 0.265876
vn 0.057029 -0.962319 0.265876
vn 0.057029 -0.962319 0.265876
vn -0.072157 0.935650 0.345475
vn -0.072157 0.935650 0.345475
vn -0.072157 0.935650 0.345475
vn -0.072157 0.935650 0.345475
vn -0.992233 -0.122936 -0.018998
vn -0.992233 -0.122936 -0.018998
vn -0.992233 -0.122936 -0.018998
vn -0.992233 -0.122936 -0.018998
vn 0.973015 -0.228037 -0.035239
vn 0.973015 -0.228037 -0.035239
vn 0.973015 -0.228037 -0.035239
vn 0.973015 -0.228037 -0.035239
vn 0.971148 -0.199713 -0.130333
vn 0.971148 -0.199713 -0.130333
vn 0.971148 -0.199713 -0.130333
vn 0.971148 -0.199713 -0.130333
vn -0.990642 -0.114301 -0.074592
vn -0.990642 -0.114301 -0.074592
vn -0.990642 -0.114301 -0.074592
vn -0.990642 -0.114301 -0.074592
vn -0.989176 -0.050966 -0.137598
vn -0.989176 -0.050966 -0.137598
vn -0.989176 -0.050966 -0.137598
vn -0.989176 -0.050966 -0.137598
vn 0.983402 -0.063021 -0.170146
vn 0.983402 -0.063021 -0.170146
vn 0.983402 -0.063021 -0.170146
vn 0.983402 -0.063021 -0.170146
vn 0.936268 -0.238183 -0.258206
vn 0.936268 -0.238183 -0.258206
vn 0.936268 -0.238183 -0.258206
vn 0.936268 -0.238183 -0.258206
vn -0.940518 0.252580 -0.227222
vn -0.940518 0.252580 -0.227222
vn -0.940518 0.252580 -0.227222
vn -0.940518 0.252580 -0.227222
vn -0.212239 0.906380 0.365279
vn -0.212239 0.906380 0.365279
vn -0.212239 0.906380 0.365279
vn -0.212239 0.906380 0.365279
vn 0.165898 -0.944194 0.284563
vn 0.165898 -0.944194 0.284563
vn 0.165898 -0.944194 0.284563
vn 0.165898 -0.944194 0.284563
vn 0.501233 -0.800220 0.329261
vn 0.501233 -0.800220 0.329261
vn 0.501233 -0.800220 0.329261
vn 0.501233 -0.800220 0.329261
vn -0.536643 0.763474 0.359336
vn -0.536643 0.763474 0.359336
vn -0.536643 0.763474 0.359336
vn -0.536643 0.763474 0.359336
vn -0.990642 -0.114303 0.074594
vn -0.990642 -0.114303 0.074594
vn -0.990642 -0.114303 0.074594
vn -0.990642 -0.114303 0.074594
vn 0.971149 -0.199708 0.130329
vn 0.971149 -0.199708 0.130329
vn 0.971149 -0.199708 0.130329
vn 0.971149 -0.199708 0.130329
vn 0.973015 -0.228035 0.035241
vn 0.973015 -0.228035 0.035241
vn 0.973015 -0.228035 0.035241
vn 0.973015 -0.228035 0.035241
vn -0.992233 -0.122935 0.018999
vn -0.992233 -0.122935 0.018999
vn -0.992233 -0.122935 0.018999
vn -0.992233 -0.122935 0.018999
vn -0.072157 0.935650 -0.345475
vn -0.072157 0.935650 -0.345475
vn -0.072157 0.935650 -0.345475
vn -0.072157 0.935650 -0.345475
vn 0.057029 -0.962319 -0.265876
vn 0.057029 -0.962319 -0.265876
vn 0.057029 -0.962319 -0.265876
vn 0.057029 -0.962319 -0.265876
vn -0.000000 -0.966574 -0.256388
vn -0.000000 -0.966574 -0.256388
vn -0.000000 -0.966574 -0.256388
vn -0.000000 -0.966574 -0.256388
vn 0.000000 0.942430 -0.334403
vn 0.000000 0.942430 -0.334403
vn 0.000000 0.942430 -0.334403
vn 0.000000 0.942430 -0.334403
vn 0.000000 -0.999947 0.010338
vn 0.000000 -0.999947 0.010338
vn 0.000000 -0.999947 0.010338
vn 0.000000 -0.999947 0.010338
vn 0.066938 -0.997715 0.009148
vn 0.066938 -0.997715 0.009148
vn 0.066938 -0.997715 0.009148
vn 0.066938 -0.997715 0.009148
vn 0.066904 -0.997507 0.022450
vn 0.066904 -0.997507 0.022450
vn 0.066904 -0.997507 0.022450
vn 0.066904 -0.997507 0.022450
vn 0.000000 -0.999749 0.022388
vn 0.000000 -0.999749 0.022388
vn 0.000000 -0.999749 0.022388
vn 0.000000 -0.999749 0.022388
vn 0.000000 -0.999749 -0.022388
vn 0.000000 -0.999749 -0.022388
vn 0.000000 -0.999749 -0.022388
vn 0.000000 -0.999749 -0.022388
vn 0.066904 -0.997507 -0.022450
vn 0.066904 -0.997507 -0.022450
vn 0.066904 -0.997507 -0.022450
vn 0.066904 -0.997507 -0.022450
vn 0.066938 -0.997715 -0.009148
vn 0.066938 -0.997715 -0.009148
vn 0.066938 -0.997715 -0.009148
vn 0.066938 -0.997715 -0.009148
vn 0.000000 -0.999947 -0.010338
vn 0.000000 -0.999947 -0.010338
vn 0.000000 -0.999947 -0.010338
vn 0.000000 -0.999947 -0.010338
vn 0.972363 -0.229266 0.044123
vn 0.972363 -0.229266 0.044123
vn 0.972363 -0.229266 0.044123
vn 0.972363 -0.229266 0.044123
vn 0.978421 -0.206481 0.007670
vn 0.978421 -0.206481 0.007670
vn 0.978421 -0.206481 0.007670
vn 0.978421 -0.206481 0.007670
vn 0.999824 -0.018658 0.002027
vn 0.999824 -0.018658 0.002027
vn 0.999824 -0.018658 0.002027
vn 0.999824 -0.018658 0.002027
vn 0.999320 -0.023699 0.028230
vn 0.999320 -0.023699 0.028230
vn 0.999320 -0.023699 0.028230
vn 0.999320 -0.023699 0.028230
vn 0.197219 -0.980101 -0.022507
vn 0.197219 -0.980101 -0.022507
vn 0.197219 -0.980101 -0.022507
vn 0.197219 -0.980101 -0.022507
vn 0.607343 -0.794387 -0.009145
vn 0.607343 -0.794387 -0.009145
vn 0.607343 -0.794387 -0.009145
vn 0.607343 -0.794387 -0.009145
vn 0.576495 -0.816808 0.021865
vn 0.576495 -0.816808 0.021865
vn 0.576495 -0.816808 0.021865
vn 0.576495 -0.816808 0.021865
vn 0.197180 -0.980344 -0.006732
vn 0.197180 -0.980344 -0.006732
vn 0.197180 -0.980344 -0.006732
vn 0.197180 -0.980344 -0.006732
vn 0.197180 -0.980344 0.006732
vn 0.197180 -0.980344 0.006732
vn 0.197180 -0.980344 0.006732
vn 0.197180 -0.980344 0.006732
vn 0.576495 -0.816808 -0.021864
vn 0.576495 -0.816808 -0.021864
vn 0.576495 -0.816808 -0.021864
vn 0.576495 -0.816808 -0.021864
vn 0.607343 -0.794387 0.009145
vn 0.607343 -0.794387 0.009145
vn 0.607343 -0.794387 0.009145
vn 0.607343 -0.794387 0.009145
vn 0.197219 -0.980101 0.022508
vn 0.197219 -0.980101 0.022508
vn 0.197219 -0.980101 0.022508
vn 0.197219 -0.980101 0.022508
vn 0.978421 -0.206480 -0.007670
vn 0.978421 -0.206480 -0.007670
vn 0.978421 -0.206480 -0.007670
vn 0.978421 -0.206480 -0.007670
vn 0.972363 -0.229265 -0.044123
vn 0.972363 -0.229265 -0.044123
vn 0.972363 -0.229265 -0.044123
vn 0.972363 -0.229265 -0.044123
vn 0.999321 -0.023699 -0.028229
vn 0.999321 -0.023699 -0.028229
vn 0.999321 -0.023699 -0.028229
vn 0.999321 -0.023699 -0.028229
vn 0.999824 -0.018658 -0.002026
vn 0.999824 -0.018658 -0.002026
vn 0.999824 -0.018658 -0.002026
vn 0.999824 -0.018658 -0.002026
vn -0.066904 0.997507 -0.022450
vn -0.066904 0.997507 -0.022450
vn -0.066904 0.997507 -0.022450
vn -0.066904 0.997507 -0.022450
vn -0.068164 0.994427 -0.080430
vn -0.068164 0.994427 -0.080430
vn -0.068164 0.994427 -0.080430
vn -0.068164 0.994427 -0.080430
vn 0.000000 0.996875 -0.078990
vn 0.000000 0.996875 -0.078990
vn 0.000000 0.996875 -0.078990
vn 0.000000 0.996875 -0.078990
vn 0.000000 0.999749 -0.022389
vn 0.000000 0.999749 -0.022389
vn 0.000000 0.999749 -0.022389
vn 0.000000 0.999749 -0.022389
vn -0.068164 0.994427 0.080430
vn -0.068164 0.994427 0.080430
vn -0.068164 0.994427 0.080430
vn -0.068164 0.994427 0.080430
vn -0.066904 0.997507 0.022450
vn -0.066904 0.997507 0.022450
vn -0.066904 0.997507 0.022450
vn -0.066904 0.997507 0.022450
vn 0.000000 0.999749 0.022388
vn 0.000000 0.999749 0.022388
vn 0.000000 0.999749 0.022388
vn 0.000000 0.999749 0.022388
vn 0.000000 0.996875 0.078989
vn 0.000000 0.996875 0.078989
vn 0.000000 0.996875 0.078989
vn 0.000000 0.996875 0.078989
vn -0.999846 -0.017421 0.001892
vn -0.999846 -0.017421 0.001892
vn -0.999846 -0.017421 0.001892
vn -0.999846 -0.017421 0.001892
vn -0.978421 0.206480 -0.007670
vn -0.978421 0.206480 -0.007670
vn -0.978421 0.206480 -0.007670
vn -0.978421 0.206480 -0.007670
vn -0.973043 0.230407 0.010029
vn -0.973043 0.230407 0.010029
vn -0.973043 0.230407 0.010029
vn -0.973043 0.230407 0.010029
vn -0.999428 -0.021739 0.025894
vn -0.999428 -0.021739 0.025894
vn -0.999428 -0.021739 0.025894
vn -0.999428 -0.021739 0.025894
vn -0.579055 0.813129 0.059308
vn -0.579055 0.813129 0.059308
vn -0.579055 0.813129 0.059308
vn -0.579055 0.813129 0.059308
vn -0.607343 0.794387 0.009145
vn -0.607343 0.794387 0.009145
vn -0.607343 0.794387 0.009145
vn -0.607343 0.794387 0.009145
vn -0.197219 0.980101 0.022507
vn -0.197219 0.980101 0.022507
vn -0.197219 0.980101 0.022507
vn -0.197219 0.980101 0.022507
vn -0.200967 0.976072 0.083044
vn -0.200967 0.976072 0.083044
vn -0.200967 0.976072 0.083044
vn -0.200967 0.976072 0.083044
vn -0.607342 0.794388 -0.009145
vn -0.607342 0.794388 -0.009145
vn -0.607342 0.794388 -0.009145
vn -0.607342 0.794388 -0.009145
vn -0.579055 0.813129 -0.059308
vn -0.579055 0.813129 -0.059308
vn -0.579055 0.813129 -0.059308
vn -0.579055 0.813129 -0.059308
vn -0.200967 0.976072 -0.083044
vn -0.200967 0.976072 -0.083044
vn -0.200967 0.976072 -0.083044
vn -0.200967 0.976072 -0.083044
vn -0.197220 0.980101 -0.022508
vn -0.197220 0.980101 -0.022508
vn -0.197220 0.980101 -0.022508
vn -0.197220 0.980101 -0.022508
vn -0.999428 -0.021740 -0.025895
vn -0.999428 -0.021740 -0.025895
vn -0.999428 -0.021740 -0.025895
vn -0.999428 -0.021740 -0.025895
vn -0.973043 0.230407 -0.010029
vn -0.973043 0.230407 -0.010029
vn -0.973043 0.230407 -0.010029
vn -0.973043 0.230407 -0.010029
vn -0.978421 0.206480 0.007670
vn -0.978421 0.206480 0.007670
vn -0.978421 0.206480 0.007670
vn -0.978421 0.206480 0.007670
vn -0.999846 -0.017421 -0.001892
vn -0.999846 -0.017421 -0.001892
vn -0.999846 -0.017421 -0.001892
vn -0.999846 -0.017421 -0.001892
vn -0.568997 0.275626 0.774773
vn -0.568997 0.275626 0.774773
vn -0.568997 0.275626 0.774773
vn -0.568997 0.275626 0.774773
vn -0.577370 0.301825 0.758647
vn -0.577370 0.301825 0.758647
vn -0.577370 0.301825 0.758647
vn -0.577370 0.301825 0.758647
vn -0.115286 0.273391 0.954969
vn -0.115286 0.273391 0.954969
vn -0.115286 0.273391 0.954969
vn -0.115286 0.273391 0.954969
vn -0.112409 0.250257 0.961632
vn -0.112409 0.250257 0.961632
vn -0.112409 0.250257 0.961632
vn -0.112409 0.250257 0.961632
vn -0.957907 0.246076 -0.147855
vn -0.957907 0.246076 -0.147855
vn -0.957907 0.246076 -0.147855
vn -0.957907 0.246076 -0.147855
vn -0.957546 0.259292 -0.125994
vn -0.957546 0.259292 -0.125994
vn -0.957546 0.259292 -0.125994
vn -0.957546 0.259292 -0.125994
vn -0.966089 0.255980 0.033871
vn -0.966089 0.255980 0.033871
vn -0.966089 0.255980 0.033871
vn -0.966089 0.255980 0.033871
vn -0.966390 0.255615 0.027396
vn -0.966390 0.255615 0.027396
vn -0.966390 0.255615 0.027396
vn -0.966390 0.255615 0.027396
vn -0.966390 0.255615 -0.027397
vn -0.966390 0.255615 -0.027397
vn -0.966390 0.255615 -0.027397
vn -0.966390 0.255615 -0.027397
vn -0.966088 0.255981 -0.033872
vn -0.966088 0.255981 -0.033872
vn -0.966088 0.255981 -0.033872
vn -0.966088 0.255981 -0.033872
vn -0.957545 0.259292 0.125994
vn -0.957545 0.259292 0.125994
vn -0.957545 0.259292 0.125994
vn -0.957545 0.259292 0.125994
vn -0.957907 0.246076 0.147856
vn -0.957907 0.246076 0.147856
vn -0.957907 0.246076 0.147856
vn -0.957907 0.246076 0.147856
vn -0.036904 0.244373 0.968979
vn -0.036904 0.244373 0.968979
vn -0.036904 0.244373 0.968979
vn -0.036904 0.244373 0.968979
vn -0.038310 0.263277 0.963959
vn -0.038310 0.263277 0.963959
vn -0.038310 0.263277 0.963959
vn -0.038310 0.263277 0.963959
vn 0.000000 0.261855 0.965107
vn 0.000000 0.261855 0.965107
vn 0.000000 0.261855 0.965107
vn 0.000000 0.261855 0.965107
vn 0.000000 0.243871 0.969808
vn 0.000000 0.243871 0.969808
vn 0.000000 0.243871 0.969808
vn 0.000000 0.243871 0.969808
vn -0.112409 0.250257 -0.961632
vn -0.112409 0.250257 -0.961632
vn -0.112409 0.250257 -0.961632
vn -0.112409 0.250257 -0.961632
vn -0.115286 0.273391 -0.954969
vn -0.115286 0.273391 -0.954969
vn -0.115286 0.273391 -0.954969
vn -0.115286 0.273391 -0.954969
vn -0.577370 0.301824 -0.758648
vn -0.577370 0.301824 -0.758648
vn -0.577370 0.301824 -0.758648
vn -0.577370 0.301824 -0.758648
vn -0.568997 0.275626 -0.774773
vn -0.568997 0.275626 -0.774773
vn -0.568997 0.275626 -0.774773
vn -0.568997 0.275626 -0.774773
vn 0.000000 0.243870 -0.969808
vn 0.000000 0.243870 -0.969808
vn 0.000000 0.243870 -0.969808
vn 0.000000 0.243870 -0.969808
vn 0.000000 0.261855 -0.965107
vn 0.000000 0.261855 -0.965107
vn 0.000000 0.261855 -0.965107
vn 0.000000 0.261855 -0.965107
vn -0.038310 0.263277 -0.963959
vn -0.038310 0.263277 -0.963959
vn -0.038310 0.263277 -0.963959
vn -0.038310 0.263277 -0.963959
vn -0.036904 0.244372 -0.968979
vn -0.036904 0.244372 -0.968979
vn -0.036904 0.244372 -0.968979
vn -0.036904 0.244372 -0.968979
vn 0.000000 0.082060 -0.996627
vn 0.000000 0.082060 -0.996627
vn 0.000000 0.082060 -0.996627
vn 0.000000 0.082060 -0.996627
vn 0.000000 0.402233 -0.915537
vn 0.000000 0.402233 -0.915537
vn 0.000000 0.402233 -0.915537
vn 0.000000 0.402233 -0.915537
vn -0.051342 0.402798 -0.913848
vn -0.051342 0.402798 -0.913848
vn -0.051342 0.402798 -0.913848
vn -0.051342 0.402798 -0.913848
vn -0.039203 0.081384 -0.995912
vn -0.039203 0.081384 -0.995912
vn -0.039203 0.081384 -0.995912
vn -0.039203 0.081384 -0.995912
vn -0.117277 0.079540 -0.989909
vn -0.117277 0.079540 -0.989909
vn -0.117277 0.079540 -0.989909
vn -0.117277 0.079540 -0.989909
vn -0.152940 0.403092 -0.902290
vn -0.152940 0.403092 -0.902290
vn -0.152940 0.403092 -0.902290
vn -0.152940 0.403092 -0.902290
vn -0.632489 0.364869 -0.683249
vn -0.632489 0.364869 -0.683249
vn -0.632489 0.364869 -0.683249
vn -0.632489 0.364869 -0.683249
vn -0.577745 0.077803 -0.812501
vn -0.577745 0.077803 -0.812501
vn -0.577745 0.077803 -0.812501
vn -0.577745 0.077803 -0.812501
vn -0.039203 0.081384 0.995911
vn -0.039203 0.081384 0.995911
vn -0.039203 0.081384 0.995911
vn -0.039203 0.081384 0.995911
vn -0.051343 0.402799 0.913847
vn -0.051343 0.402799 0.913847
vn -0.051343 0.402799 0.913847
vn -0.051343 0.402799 0.913847
vn 0.000000 0.402233 0.915537
vn 0.000000 0.402233 0.915537
vn 0.000000 0.402233 0.915537
vn 0.000000 0.402233 0.915537
vn 0.000000 0.082061 0.996627
vn 0.000000 0.082061 0.996627
vn 0.000000 0.082061 0.996627
vn 0.000000 0.082061 0.996627
vn -0.003520 -0.999994 0.000000
vn -0.003520 -0.999994 0.000000
vn -0.003520 -0.999994 0.000000
vn -0.003520 -0.999994 0.000000
vn -0.016488 -0.966017 0.257952
vn -0.016488 -0.966017 0.257952
vn -0.016488 -0.966017 0.257952
vn -0.016488 -0.966017 0.257952
vn 0.000000 -0.967758 0.251883
vn 0.000000 -0.967758 0.251883
vn 0.000000 -0.967758 0.251883
vn 0.000000 -0.967758 0.251883
vn 0.000000 -1.000000 0.000000
vn 0.000000 -1.000000 0.000000
vn 0.000000 -1.000000 0.000000
vn -0.066756 0.997769 -0.000000
vn -0.066756 0.997769 -0.000000
vn -0.066756 0.997769 -0.000000
vn -0.066756 0.997769 -0.000000
vn -0.067934 0.967425 -0.243872
vn -0.067934 0.967425 -0.243872
vn -0.067934 0.967425 -0.243872
vn -0.067934 0.967425 -0.243872
vn 0.000000 0.969476 -0.245185
vn 0.000000 0.969476 -0.245185
vn 0.000000 0.969476 -0.245185
vn 0.000000 0.969476 -0.245185
vn 0.000000 1.000000 -0.000000
vn 0.000000 1.000000 -0.000000
vn 0.000000 1.000000 -0.000000
vn -0.052989 -0.379791 0.923553
vn -0.052989 -0.379791 0.923553
vn -0.052989 -0.379791 0.923553
vn -0.052989 -0.379791 0.923553
vn -0.049121 0.069988 0.996338
vn -0.049121 0.069988 0.996338
vn -0.049121 0.069988 0.996338
vn -0.049121 0.069988 0.996338
vn 0.000000 0.067574 0.997714
vn 0.000000 0.067574 0.997714
vn 0.000000 0.067574 0.997714
vn 0.000000 0.067574 0.997714
vn 0.000000 -0.392620 0.919701
vn 0.000000 -0.392620 0.919701
vn 0.000000 -0.392620 0.919701
vn 0.000000 -0.392620 0.919701
vn 0.000000 -0.392620 -0.919701
vn 0.000000 -0.392620 -0.919701
vn 0.000000 -0.392620 -0.919701
vn 0.000000 -0.392620 -0.919701
vn 0.000000 0.067573 -0.997714
vn 0.000000 0.067573 -0.997714
vn 0.000000 0.067573 -0.997714
vn 0.000000 0.067573 -0.997714
vn -0.049120 0.069988 -0.996338
vn -0.049120 0.069988 -0.996338
vn -0.049120 0.069988 -0.996338
vn -0.049120 0.069988 -0.996338
vn -0.052989 -0.379791 -0.923553
vn -0.052989 -0.379791 -0.923553
vn -0.052989 -0.379791 -0.923553
vn -0.052989 -0.379791 -0.923553
vn -0.156881 -0.327568 -0.931712
vn -0.156881 -0.327568 -0.931712
vn -0.156881 -0.327568 -0.931712
vn -0.156881 -0.327568 -0.931712
vn -0.148259 0.081850 -0.985556
vn -0.148259 0.081850 -0.985556
vn -0.148259 0.081850 -0.985556
vn -0.148259 0.081850 -0.985556
vn -0.595444 0.106024 -0.796370
vn -0.595444 0.106024 -0.796370
vn -0.595444 0.106024 -0.796370
vn -0.595444 0.106024 -0.796370
vn -0.641995 -0.245295 -0.726411
vn -0.641995 -0.245295 -0.726411
vn -0.641995 -0.245295 -0.726411
vn -0.641995 -0.245295 -0.726411
vn -0.067934 0.967425 0.243871
vn -0.067934 0.967425 0.243871
vn -0.067934 0.967425 0.243871
vn -0.067934 0.967425 0.243871
vn -0.066756 0.997769 -0.000000
vn -0.066756 0.997769 -0.000000
vn -0.066756 0.997769 -0.000000
vn -0.066756 0.997769 -0.000000
vn 0.000000 1.000000 -0.000000
vn 0.000000 1.000000 -0.000000
vn 0.000000 1.000000 -0.000000
vn 0.000000 0.969476 0.245184
vn 0.000000 0.969476 0.245184
vn 0.000000 0.969476 0.245184
vn 0.000000 0.969476 0.245184
vn -0.016488 -0.966017 -0.257952
vn -0.016488 -0.966017 -0.257952
vn -0.016488 -0.966017 -0.257952
vn -0.016488 -0.966017 -0.257952
vn -0.003519 -0.999994 0.000000
vn -0.003519 -0.999994 0.000000
vn -0.003519 -0.999994 0.000000
vn -0.003519 -0.999994 0.000000
vn 0.000000 -1.000000 0.000000
vn 0.000000 -1.000000 0.000000
vn 0.000000 -1.000000 0.000000
vn 0.000000 -0.967758 -0.251882
vn 0.000000 -0.967758 -0.251882
vn 0.000000 -0.967758 -0.251882
vn 0.000000 -0.967758 -0.251882
vn -0.998548 0.053642 -0.004875
vn -0.998548 0.053642 -0.004875
vn -0.998548 0.053642 -0.004875
vn -0.998548 0.053642 -0.004875
vn -0.978576 0.205605 -0.010780
vn -0.978576 0.205605 -0.010780
vn -0.978576 0.205605 -0.010780
vn -0.978576 0.205605 -0.010780
vn -0.950782 0.251022 0.181664
vn -0.950782 0.251022 0.181664
vn -0.950782 0.251022 0.181664
vn -0.950782 0.251022 0.181664
vn -0.981184 0.059079 0.183812
vn -0.981184 0.059079 0.183812
vn -0.981184 0.059079 0.183812
vn -0.981184 0.059079 0.183812
vn -0.573372 -0.753095 -0.322632
vn -0.573372 -0.753095 -0.322632
vn -0.573372 -0.753095 -0.322632
vn -0.573372 -0.753095 -0.322632
vn -0.463417 -0.886097 -0.008745
vn -0.463417 -0.886097 -0.008745
vn -0.463417 -0.886097 -0.008745
vn -0.463417 -0.886097 -0.008745
vn -0.051309 -0.957831 -0.282715
vn -0.051309 -0.957831 -0.282715
vn -0.051309 -0.957831 -0.282715
vn -0.051309 -0.957831 -0.282715
vn -0.620099 0.755480 0.211490
vn -0.620099 0.755480 0.211490
vn -0.620099 0.755480 0.211490
vn -0.620099 0.755480 0.211490
vn -0.608360 0.793619 -0.008147
vn -0.608360 0.793619 -0.008147
vn -0.608360 0.793619 -0.008147
vn -0.608360 0.793619 -0.008147
vn -0.196790 0.980446 -0.000000
vn -0.196790 0.980446 -0.000000
vn -0.196790 0.980446 -0.000000
vn -0.196790 0.980446 -0.000000
vn -0.200072 0.950814 0.236481
vn -0.200072 0.950814 0.236481
vn -0.200072 0.950814 0.236481
vn -0.200072 0.950814 0.236481
vn -0.985028 -0.171836 0.013854
vn -0.985028 -0.171836 0.013854
vn -0.985028 -0.171836 0.013854
vn -0.985028 -0.171836 0.013854
vn -0.996043 0.088855 0.001909
vn -0.996043 0.088855 0.001909
vn -0.996043 0.088855 0.001909
vn -0.996043 0.088855 0.001909
vn -0.976099 0.095732 0.195105
vn -0.976099 0.095732 0.195105
vn -0.976099 0.095732 0.195105
vn -0.976099 0.095732 0.195105
vn -0.952244 -0.174385 0.250640
vn -0.952244 -0.174385 0.250640
vn -0.952244 -0.174385 0.250640
vn -0.952244 -0.174385 0.250640
vn -0.641995 -0.245295 0.726411
vn -0.641995 -0.245295 0.726411
vn -0.641995 -0.245295 0.726411
vn -0.641995 -0.245295 0.726411
vn -0.595445 0.106024 0.796370
vn -0.595445 0.106024 0.796370
vn -0.595445 0.106024 0.796370
vn -0.595445 0.106024 0.796370
vn -0.148259 0.081850 0.985556
vn -0.148259 0.081850 0.985556
vn -0.148259 0.081850 0.985556
vn -0.148259 0.081850 0.985556
vn -0.156881 -0.327568 0.931712
vn -0.156881 -0.327568 0.931712
vn -0.156881 -0.327568 0.931712
vn -0.156881 -0.327568 0.931712
vn -0.952244 -0.174385 -0.250641
vn -0.952244 -0.174385 -0.250641
vn -0.952244 -0.174385 -0.250641
vn -0.952244 -0.174385 -0.250641
vn -0.976099 0.095732 -0.195105
vn -0.976099 0.095732 -0.195105
vn -0.976099 0.095732 -0.195105
vn -0.976099 0.095732 -0.195105
vn -0.996043 0.088856 -0.001909
vn -0.996043 0.088856 -0.001909
vn -0.996043 0.088856 -0.001909
vn -0.996043 0.088856 -0.001909
vn -0.985028 -0.171836 -0.013855
vn -0.985028 -0.171836 -0.013855
vn -0.985028 -0.171836 -0.013855
vn -0.985028 -0.171836 -0.013855
vn -0.608360 0.793619 0.008146
vn -0.608360 0.793619 0.008146
vn -0.608360 0.793619 0.008146
vn -0.608360 0.793619 0.008146
vn -0.620099 0.755479 -0.211491
vn -0.620099 0.755479 -0.211491
vn -0.620099 0.755479 -0.211491
vn -0.620099 0.755479 -0.211491
vn -0.200072 0.950814 -0.236480
vn -0.200072 0.950814 -0.236480
vn -0.200072 0.950814 -0.236480
vn -0.200072 0.950814 -0.236480
vn -0.196791 0.980446 -0.000000
vn -0.196791 0.980446 -0.000000
vn -0.196791 0.980446 -0.000000
vn -0.196791 0.980446 -0.000000
vn -0.463416 -0.886098 0.008745
vn -0.463416 -0.886098 0.008745
vn -0.463416 -0.886098 0.008745
vn -0.463416 -0.886098 0.008745
vn -0.573372 -0.753095 0.322632
vn -0.573372 -0.753095 0.322632
vn -0.573372 -0.753095 0.322632
vn -0.573372 -0.753095 0.322632
vn -0.051309 -0.957831 0.282716
vn -0.051309 -0.957831 0.282716
vn -0.051309 -0.957831 0.282716
vn -0.051309 -0.957831 0.282716
vn -0.010557 -0.999944 0.000000
vn -0.010557 -0.999944 0.000000
vn -0.010557 -0.999944 0.000000
vn -0.010557 -0.999944 0.000000
vn -0.010557 -0.999944 0.000000
vn -0.010557 -0.999944 0.000000
vn -0.981184 0.059080 -0.183812
vn -0.981184 0.059080 -0.183812
vn -0.981184 0.059080 -0.183812
vn -0.981184 0.059080 -0.183812
vn -0.950782 0.251021 -0.181665
vn -0.950782 0.251021 -0.181665
vn -0.950782 0.251021 -0.181665
vn -0.950782 0.251021 -0.181665
vn -0.978576 0.205604 0.010779
vn -0.978576 0.205604 0.010779
vn -0.978576 0.205604 0.010779
vn -0.978576 0.205604 0.010779
vn -0.998548 0.053643 0.004874
vn -0.998548 0.053643 0.004874
vn -0.998548 0.053643 0.004874
vn -0.998548 0.053643 0.004874
vn -0.577744 0.077803 0.812501
vn -0.577744 0.077803 0.812501
vn -0.577744 0.077803 0.812501
vn -0.577744 0.077803 0.812501
vn -0.632488 0.364869 0.683249
vn -0.632488 0.364869 0.683249
vn -0.632488 0.364869 0.683249
vn -0.632488 0.364869 0.683249
vn -0.152940 0.403092 0.902289
vn -0.152940 0.403092 0.902289
vn -0.152940 0.403092 0.902289
vn -0.152940 0.403092 0.902289
vn -0.117277 0.079540 0.989909
vn -0.117277 0.079540 0.989909
vn -0.117277 0.079540 0.989909
vn -0.117277 0.079540 0.989909
usemtl backpack_Brown
f 3569//3569 3570//3570 3571//3571
f 3569//3569 3572//3572 3570//3570
f 3573//3573 3574//3574 3575//3575
f 3574//3574 3573//3573 3576//3576
f 3577//3577 3578//3578 3579//3579
f 3577//3577 3580//3580 3578//3578
f 3581//3581 3582//3582 3583//3583
f 3582//3582 3581//3581 3584//3584
f 3585//3585 3586//3586 3587//3587
f 3586//3586 3585//3585 3588//3588
f 3589//3589 3590//3590 3591//3591
f 3590//3590 3589//3589 3592//3592
f 3593//3593 3594//3594 3595//3595
f 3594//3594 3593//3593 3596//3596
f 3597//3597 3598//3598 3599//3599
f 3600//3600 3599//3599 3598//3598
f 3601//3601 3602//3602 3603//3603
f 3602//3602 3601//3601 3604//3604
f 3605//3605 3606//3606 3607//3607
f 3606//3606 3605//3605 3608//3608
f 3609//3609 3610//3610 3611//3611
f 3612//3612 3611//3611 3610//3610
f 3613//3613 3614//3614 3615//3615
f 3614//3614 3613//3613 3616//3616
f 3617//3617 3618//3618 3619//3619
f 3618//3618 3617//3617 3620//3620
f 3621//3621 3622//3622 3623//3623
f 3621//3621 3623//3623 3624//3624
f 3625//3625 3626//3626 3627//3627
f 3626//3626 3625//3625 3628//3628
f 3629//3629 3630//3630 3631//3631
f 3631//3631 3632//3632 3629//3629
f 3633//3633 3634//3634 3635//3635
f 3635//3635 3636//3636 3633//3633
f 3637//3637 3638//3638 3639//3639
f 3638//3638 3637//3637 3640//3640
f 3641//3641 3642//3642 3643//3643
f 3641//3641 3643//3643 3644//3644
f 3645//3645 3646//3646 3647//3647
f 3646//3646 3645//3645 3648//3648
f 3649//3649 3650//3650 3651//3651
f 3650//3650 3649//3649 3652//3652
f 3653//3653 3654//3654 3655//3655
f 3653//3653 3655//3655 3656//3656
f 3657//3657 3658//3658 3659//3659
f 3658//3658 3657//3657 3660//3660
f 3661//3661 3662//3662 3663//3663
f 3662//3662 3661//3661 3664//3664
f 3665//3665 3666//3666 3667//3667
f 3666//3666 3665//3665 3668//3668
f 3669//3669 3670//3670 3671//3671
f 3671//3671 3670//3670 3672//3672
f 3673//3673 3674//3674 3675//3675
f 3673//3673 3676//3676 3674//3674
f 3677//3677 3678//3678 3679//3679
f 3680//3680 3679//3679 3678//3678
f 3681//3681 3682//3682 3683//3683
f 3682//3682 3681//3681 3684//3684
f 3685//3685 3686//3686 3687//3687
f 3686//3686 3685//3685 3688//3688
f 3689//3689 3690//3690 3691//3691
f 3690//3690 3689//3689 3692//3692
f 3693//3693 3694//3694 3695//3695
f 3696//3696 3693//3693 3695//3695
f 3697//3697 3698//3698 3699//3699
f 3699//3699 3700//3700 3697//3697
f 3701//3701 3702//3702 3703//3703
f 3704//3704 3703//3703 3702//3702
f 3705//3705 3706//3706 3707//3707
f 3706//3706 3705//3705 3708//3708
f 3709//3709 3710//3710 3711//3711
f 3710//3710 3709//3709 3712//3712
f 3713//3713 3714//3714 3715//3715
f 3714//3714 3713//3713 3716//3716
f 3717//3717 3718//3718 3719//3719
f 3720//3720 3717//3717 3719//3719
f 3721//3721 3722//3722 3723//3723
f 3722//3722 3721//3721 3724//3724
f 3725//3725 3726//3726 3727//3727
f 3728//3728 3726//3726 3725//3725
f 3729//3729 3730//3730 3731//3731
f 3730//3730 3729//3729 3732//3732
f 3733//3733 3734//3734 3735//3735
f 3734//3734 3733//3733 3736//3736
f 3737//3737 3738//3738 3739//3739
f 3738//3738 3737//3737 3740//3740
f 3741//3741 3742//3742 3743//3743
f 3742//3742 3741//3741 3744//3744
f 3745//3745 3746//3746 3747//3747
f 3745//3745 3748//3748 3746//3746
f 3749//3749 3750//3750 3751//3751
f 3750//3750 3749//3749 3752//3752
f 3753//3753 3754//3754 3755//3755
f 3753//3753 3756//3756 3754//3754
f 3757//3757 3758//3758 3759//3759
f 3759//3759 3758//3758 3760//3760
f 3761//3761 3762//3762 3763//3763
f 3762//3762 3761//3761 3764//3764
f 3765//3765 3766//3766 3767//3767
f 3767//3767 3768//3768 3765//3765
f 3769//3769 3770//3770 3771//3771
f 3769//3769 3771//3771 3772//3772
f 3773//3773 3774//3774 3775//3775
f 3774//3774 3773//3773 3776//3776
f 3777//3777 3778//3778 3779//3779
f 3778//3778 3777//3777 3780//3780
f 3781//3781 3782//3782 3783//3783
f 3781//3781 3783//3783 3784//3784
f 3785//3785 3786//3786 3787//3787
f 3785//3785 3788//3788 3786//3786
f 3789//3789 3790//3790 3791//3791
f 3790//3790 3789//3789 3792//3792
f 3793//3793 3794//3794 3795//3795
f 3794//3794 3793//3793 3796//3796
f 3797//3797 3798//3798 3799//3799
f 3798//3798 3797//3797 3800//3800
f 3801//3801 3802//3802 3803//3803
f 3802//3802 3801//3801 3804//3804
f 3805//3805 3806//3806 3807//3807
f 3806//3806 3805//3805 3808//3808
f 3809//3809 3810//3810 3811//3811
f 3809//3809 3812//3812 3810//3810
f 3813//3813 3814//3814 3815//3815
f 3816//3816 3815//3815 3814//3814
f 3817//3817 3818//3818 3819//3819
f 3818//3818 3817//3817 3820//3820
f 3821//3821 3822//3822 3823//3823
f 3822//3822 3821//3821 3824//3824
f 3825//3825 3826//3826 3827//3827
f 3826//3826 3825//3825 3828//3828
f 3829//3829 3830//3830 3831//3831
f 3832//3832 3830//3830 3829//3829
f 3833//3833 3834//3834 3835//3835
f 3834//3834 3833//3833 3836//3836
f 3837//3837 3838//3838 3839//3839
f 3838//3838 3837//3837 3840//3840
f 3841//3841 3842//3842 3843//3843
f 3841//3841 3844//3844 3842//3842
f 3845//3845 3846//3846 3847//3847
f 3848//3848 3847//3847 3846//3846
f 3849//3849 3850//3850 3851//3851
f 3850//3850 3849//3849 3852//3852
f 3853//3853 3854//3854 3855//3855
f 3854//3854 3853//3853 3856//3856
f 3857//3857 3858//3858 3859//3859
f 3860//3860 3858//3858 3857//3857
f 3861//3861 3862//3862 3863//3863
f 3862//3862 3861//3861 3864//3864
f 3865//3865 3866//3866 3867//3867
f 3866//3866 3865//3865 3868//3868
f 3869//3869 3870//3870 3871//3871
f 3870//3870 3869//3869 3872//3872
f 3873//3873 3874//3874 3875//3875
f 3876//3876 3874//3874 3873//3873
f 3877//3877 3878//3878 3879//3879
f 3878//3878 3877//3877 3880//3880
f 3881//3881 3882//3882 3883//3883
f 3881//3881 3884//3884 3882//3882
f 3885//3885 3886//3886 3887//3887
f 3886//3886 3885//3885 3888//3888
f 3889//3889 3890//3890 3891//3891
f 3890//3890 3889//3889 3892//3892
f 3893//3893 3894//3894 3895//3895
f 3894//3894 3893//3893 3896//3896
f 3897//3897 3898//3898 3899//3899
f 3897//3897 3900//3900 3898//3898
f 3901//3901 3902//3902 3903//3903
f 3904//3904 3901//3901 3903//3903
f 3905//3905 3906//3906 3907//3907
f 3906//3906 3905//3905 3908//3908
f 3909//3909 3910//3910 3911//3911
f 3910//3910 3909//3909 3912//3912
f 3913//3913 3914//3914 3915//3915
f 3914//3914 3913//3913 3916//3916
f 3917//3917 3918//3918 3919//3919
f 3920//3920 3917//3917 3919//3919
f 3921//3921 3922//3922 3923//3923
f 3922//3922 3921//3921 3924//3924
f 3925//3925 3926//3926 3927//3927
f 3925//3925 3928//3928 3926//3926
f 3929//3929 3930//3930 3931//3931
f 3930//3930 3929//3929 3932//3932
f 3933//3933 3934//3934 3935//3935
f 3936//3936 3934//3934 3933//3933
f 3937//3937 3938//3938 3939//3939
f 3938//3938 3937//3937 3940//3940
f 3941//3941 3942//3942 3943//3943
f 3942//3942 3941//3941 3944//3944
f 3945//3945 3946//3946 3947//3947
f 3945//3945 3948//3948 3946//3946
f 3949//3949 3950//3950 3951//3951
f 3950//3950 3949//3949 3952//3952
f 3953//3953 3954//3954 3955//3955
f 3954//3954 3953//3953 3956//3956
f 3957//3957 3958//3958 3959//3959
f 3958//3958 3957//3957 3960//3960
f 3961//3961 3962//3962 3963//3963
f 3962//3962 3961//3961 3964//3964
f 3965//3965 3966//3966 3967//3967
f 3968//3968 3967//3967 3966//3966
f 3969//3969 3970//3970 3971//3971
f 3970//3970 3969//3969 3972//3972
f 3973//3973 3974//3974 3975//3975
f 3974//3974 3973//3973 3976//3976
f 3977//3977 3978//3978 3979//3979
f 3980//3980 3977//3977 3979//3979
f 3981//3981 3982//3982 3983//3983
f 3982//3982 3981//3981 3984//3984
f 3985//3985 3986//3986 3987//3987
f 3986//3986 3985//3985 3988//3988
f 3989//3989 3990//3990 3991//3991
f 3992//3992 3990//3990 3989//3989
f 3993//3993 3994//3994 3995//3995
f 3994//3994 3993//3993 3996//3996
f 3997//3997 3998//3998 3999//3999
f 3998//3998 3997//3997 4000//4000
f 4001//4001 4002//4002 4003//4003
f 4004//4004 4003//4003 4002//4002
f 4005//4005 4006//4006 4007//4007
f 4006//4006 4005//4005 4008//4008
f 4009//4009 4010//4010 4011//4011
f 4012//4012 4011//4011 4010//4010
f 4013//4013 4014//4014 4015//4015
f 4014//4014 4013//4013 4016//4016
f 4017//4017 4018//4018 4019//4019
f 4020//4020 4017//4017 4019//4019
f 4021//4021 4022//4022 4023//4023
f 4022//4022 4021//4021 4024//4024
f 4025//4025 4026//4026 4027//4027
f 4026//4026 4025//4025 4028//4028
f 4029//4029 4030//4030 4031//4031
f 4031//4031 4032//4032 4029//4029
f 4033//4033 4034//4034 4035//4035
f 4034//4034 4033//4033 4036//4036
f 4037//4037 4038//4038 4039//4039
f 4037//4037 4040//4040 4038//4038
f 4041//4041 4042//4042 4043//4043
f 4042//4042 4041//4041 4044//4044
f 4045//4045 4046//4046 4047//4047
f 4047//4047 4048//4048 4045//4045
f 4049//4049 4050//4050 4051//4051
f 4050//4050 4049//4049 4052//4052
f 4053//4053 4054//4054 4055//4055
f 4054//4054 4053//4053 4056//4056
f 4057//4057 4058//4058 4059//4059
f 4058//4058 4057//4057 4060//4060
f 4061//4061 4062//4062 4063//4063
f 4064//4064 4061//4061 4063//4063
f 4065//4065 4066//4066 4067//4067
f 4068//4068 4065//4065 4067//4067
f 4069//4069 4070//4070 4071//4071
f 4070//4070 4069//4069 4072//4072
f 4073//4073 4074//4074 4075//4075
f 4074//4074 4073//4073 4076//4076
f 4077//4077 4078//4078 4079//4079
f 4078//4078 4077//4077 4080//4080
f 4081//4081 4082//4082 4083//4083
f 4082//4082 4081//4081 4084//4084
f 4085//4085 4086//4086 4087//4087
f 4088//4088 4086//4086 4085//4085
f 4089//4089 4090//4090 4091//4091
f 4090//4090 4089//4089 4092//4092
f 4093//4093 4094//4094 4095//4095
f 4093//4093 4096//4096 4094//4094
f 4097//4097 4098//4098 4099//4099
f 4100//4100 4098//4098 4097//4097
f 4101//4101 4102//4102 4103//4103
f 4102//4102 4101//4101 4104//4104
f 4105//4105 4106//4106 4107//4107
f 4105//4105 4108//4108 4106//4106
f 4109//4109 4110//4110 4111//4111
f 4110//4110 4109//4109 4112//4112
f 4113//4113 4114//4114 4115//4115
f 4114//4114 4113//4113 4116//4116
f 4117//4117 4118//4118 4119//4119
f 4118//4118 4117//4117 4120//4120
f 4121//4121 4122//4122 4123//4123
f 4122//4122 4121//4121 4124//4124
f 4125//4125 4126//4126 4127//4127
f 4128//4128 4125//4125 4127//4127
f 4129//4129 4130//4130 4131//4131
f 4130//4130 4129//4129 4132//4132
f 4133//4133 4134//4134 4135//4135
f 4134//4134 4133//4133 4136//4136
f 4137//4137 4138//4138 4139//4139
f 4140//4140 4141//4141 4142//4142
f 4143//4143 4140//4140 4142//4142
f 4144//4144 4145//4145 4146//4146
f 4147//4147 4145//4145 4144//4144
f 4148//4148 4149//4149 4150//4150
f 4149//4149 4148//4148 4151//4151
f 4152//4152 4153//4153 4154//4154
f 4152//4152 4155//4155 4153//4153
f 4156//4156 4157//4157 4158//4158
f 4157//4157 4156//4156 4159//4159
f 4160//4160 4161//4161 4162//4162
f 4160//4160 4163//4163 4161//4161
f 4164//4164 4165//4165 4166//4166
f 4165//4165 4164//4164 4167//4167
f 4168//4168 4169//4169 4170//4170
f 4168//4168 4171//4171 4169//4169
f 4172//4172 4173//4173 4174//4174
f 4173//4173 4172//4172 4175//4175
f 4176//4176 4177//4177 4178//4178
f 4177//4177 4176//4176 4179//4179
f 4180//4180 4181//4181 4182//4182
f 4181//4181 4180//4180 4183//4183
f 4184//4184 4185//4185 4186//4186
f 4185//4185 4184//4184 4187//4187
f 4188//4188 4189//4189 4190//4190
f 4191//4191 4190//4190 4189//4189
f 4192//4192 4193//4193 4194//4194
f 4195//4195 4193//4193 4192//4192
f 4138//4138 4137//4137 4196//4196
f 4138//4138 4197//4197 4139//4139
f 4197//4197 4138//4138 4198//4198
f 4199//4199 4200//4200 4201//4201
f 4199//4199 4202//4202 4200//4200
f 4203//4203 4204//4204 4205//4205
f 4204//4204 4203//4203 4206//4206
f 4207//4207 4208//4208 4209//4209
f 4210//4210 4208//4208 4207//4207
f 4211//4211 4212//4212 4213//4213
f 4212//4212 4211//4211 4214//4214
f 4215//4215 4216//4216 4217//4217
f 4218//4218 4215//4215 4217//4217
f 4219//4219 4220//4220 4221//4221
f 4220//4220 4219//4219 4222//4222
f 4223//4223 4224//4224 4225//4225
f 4226//4226 4224//4224 4223//4223
f 4227//4227 4228//4228 4229//4229
f 4228//4228 4227//4227 4230//4230
f 4231//4231 4232//4232 4233//4233
f 4231//4231 4234//4234 4232//4232
f 4235//4235 4236//4236 4237//4237
f 4236//4236 4235//4235 4238//4238
f 4239//4239 4240//4240 4241//4241
f 4240//4240 4239//4239 4242//4242
f 4243//4243 4244//4244 4245//4245
f 4244//4244 4243//4243 4246//4246
f 4247//4247 4248//4248 4249//4249
f 4249//4249 4250//4250 4247//4247
f 4251//4251 4252//4252 4253//4253
f 4251//4251 4254//4254 4252//4252
f 4255//4255 4256//4256 4257//4257
f 4256//4256 4255//4255 4258//4258
f 4259//4259 4260//4260 4261//4261
f 4260//4260 4259//4259 4262//4262
f 4263//4263 4264//4264 4265//4265
f 4263//4263 4266//4266 4264//4264
f 4267//4267 4268//4268 4269//4269
f 4270//4270 4267//4267 4269//4269
f 4271//4271 4272//4272 4273//4273
f 4272//4272 4271//4271 4274//4274
f 4275//4275 4276//4276 4277//4277
f 4276//4276 4275//4275 4278//4278
f 4279//4279 4280//4280 4281//4281
f 4279//4279 4282//4282 4280//4280
f 4283//4283 4284//4284 4285//4285
f 4284//4284 4283//4283 4286//4286
f 4287//4287 4288//4288 4289//4289
f 4290//4290 4288//4288 4287//4287
f 4291//4291 4292//4292 4293//4293
f 4292//4292 4291//4291 4294//4294
f 4295//4295 4296//4296 4297//4297
f 4296//4296 4295//4295 4298//4298
f 4299//4299 4300//4300 4301//4301
f 4300//4300 4299//4299 4302//4302
f 4303//4303 4304//4304 4305//4305
f 4304//4304 4303//4303 4306//4306
f 4307//4307 4308//4308 4309//4309
f 4308//4308 4307//4307 4310//4310
f 4311//4311 4312//4312 4313//4313
f 4311//4311 4314//4314 4312//4312
f 4315//4315 4316//4316 4317//4317
f 4316//4316 4315//4315 4318//4318
f 4319//4319 4320//4320 4321//4321
f 4322//4322 4320//4320 4319//4319
f 4323//4323 4324//4324 4325//4325
f 4324//4324 4323//4323 4326//4326
f 4327//4327 4328//4328 4329//4329
f 4330//4330 4327//4327 4329//4329
f 4331//4331 4332//4332 4333//4333
f 4332//4332 4331//4331 4334//4334
f 4335//4335 4336//4336 4337//4337
f 4336//4336 4335//4335 4338//4338
f 4339//4339 4340//4340 4341//4341
f 4339//4339 4342//4342 4340//4340
f 4343//4343 4344//4344 4345//4345
f 4344//4344 4343//4343 4346//4346
f 4347//4347 4348//4348 4349//4349
f 4347//4347 4350//4350 4348//4348
f 4351//4351 4352//4352 4353//4353
f 4352//4352 4351//4351 4354//4354
f 4355//4355 4356//4356 4357//4357
f 4355//4355 4358//4358 4356//4356
f 4359//4359 4360//4360 4361//4361
f 4362//4362 4361//4361 4360//4360
f 4363//4363 4364//4364 4365//4365
f 4363//4363 4366//4366 4364//4364
f 4367//4367 4368//4368 4369//4369
f 4368//4368 4367//4367 4370//4370
f 4371//4371 4372//4372 4373//4373
f 4374//4374 4372//4372 4371//4371
f 4375//4375 4376//4376 4377//4377
f 4376//4376 4375//4375 4378//4378
f 4379//4379 4380//4380 4381//4381
f 4379//4379 4382//4382 4380//4380
f 4383//4383 4384//4384 4385//4385
f 4384//4384 4383//4383 4386//4386
f 4387//4387 4388//4388 4389//4389
f 4390//4390 4388//4388 4387//4387
f 4391//4391 4392//4392 4393//4393
f 4392//4392 4391//4391 4394//4394
f 4395//4395 4396//4396 4397//4397
f 4398//4398 4396//4396 4395//4395
f 4399//4399 4400//4400 4401//4401
f 4400//4400 4399//4399 4402//4402
f 4403//4403 4404//4404 4405//4405
f 4403//4403 4406//4406 4404//4404
f 4407//4407 4408//4408 4409//4409
f 4408//4408 4407//4407 4410//4410
f 4411//4411 4412//4412 4413//4413
f 4412//4412 4411//4411 4414//4414
f 4415//4415 4416//4416 4417//4417
f 4416//4416 4415//4415 4418//4418
f 4419//4419 4420//4420 4421//4421
f 4422//4422 4420//4420 4419//4419
f 4423//4423 4424//4424 4425//4425
f 4426//4426 4423//4423 4425//4425
f 4427//4427 4428//4428 4429//4429
f 4428//4428 4427//4427 4430//4430
f 4431//4431 4432//4432 4433//4433
f 4432//4432 4431//4431 4434//4434
f 4435//4435 4436//4436 4437//4437
f 4436//4436 4435//4435 4438//4438
f 4439//4439 4440//4440 4441//4441
f 4442//4442 4439//4439 4441//4441
f 4443//4443 4444//4444 4445//4445
f 4444//4444 4443//4443 4446//4446
f 4447//4447 4448//4448 4449//4449
f 4448//4448 4447//4447 4450//4450
f 4451//4451 4452//4452 4453//4453
f 4452//4452 4451//4451 4454//4454
f 4455//4455 4456//4456 4457//4457
f 4458//4458 4455//4455 4457//4457
f 4459//4459 4460//4460 4461//4461
f 4462//4462 4459//4459 4461//4461
f 4463//4463 4464//4464 4465//4465
f 4464//4464 4463//4463 4466//4466
f 4467//4467 4468//4468 4469//4469
f 4468//4468 4467//4467 4470//4470
f 4471//4471 4472//4472 4473//4473
f 4472//4472 4471//4471 4474//4474
f 4475//4475 4476//4476 4477//4477
f 4478//4478 4475//4475 4477//4477
f 4479//4479 4480//4480 4481//4481
f 4480//4480 4479//4479 4482//4482
f 4483//4483 4484//4484 4485//4485
f 4484//4484 4486//4486 4485//4485
f 4484//4484 4487//4487 4486//4486
f 4484//4484 4483//4483 4488//4488
f 4489//4489 4490//4490 4491//4491
f 4491//4491 4492//4492 4489//4489
f 4493//4493 4494//4494 4495//4495
f 4494//4494 4493//4493 4496//4496
f 4497//4497 4498//4498 4499//4499
f 4498//4498 4497//4497 4500//4500
f 4501//4501 4502//4502 4503//4503
f 4504//4504 4503//4503 4502//4502
f 4505//4505 4506//4506 4507//4507
f 4506//4506 4505//4505 4508//4508
f 4509//4509 4510//4510 4511//4511
f 4510//4510 4509//4509 4512//4512
f 4513//4513 4514//4514 4515//4515
f 4514//4514 4513//4513 4516//4516
f 4517//4517 4518//4518 4519//4519
f 4520//4520 4519//4519 4518//4518
f 4521//4521 4522//4522 4523//4523
f 4521//4521 4523//4523 4524//4524
f 4525//4525 4526//4526 4527//4527
f 4528//4528 4529//4529 4530//4530
f 4531//4531 4532//4532 4533//4533
f 4533//4533 4534//4534 4531//4531
f 4535//4535 4536//4536 4537//4537
f 4536//4536 4535//4535 4538//4538
f 4539//4539 4540//4540 4541//4541
f 4540//4540 4539//4539 4542//4542
f 4543//4543 4544//4544 4545//4545
f 4544//4544 4543//4543 4546//4546
f 4547//4547 4548//4548 4549//4549
f 4549//4549 4550//4550 4547//4547
f 4551//4551 4552//4552 4553//4553
f 4554//4554 4551//4551 4553//4553
f 4555//4555 4556//4556 4557//4557
f 4556//4556 4555//4555 4558//4558
f 4559//4559 4560//4560 4561//4561
f 4560//4560 4559//4559 4562//4562
f 4563//4563 4564//4564 4565//4565
f 4566//4566 4565//4565 4564//4564
f 4567//4567 4568//4568 4569//4569
f 4568//4568 4567//4567 4570//4570
f 4571//4571 4572//4572 4573//4573
f 4574//4574 4571//4571 4573//4573
f 4575//4575 4576//4576 4577//4577
f 4576//4576 4575//4575 4578//4578
f 4579//4579 4580//4580 4581//4581
f 4582//4582 4583//4583 4584//4584
f 4583//4583 4582//4582 4585//4585
f 4586//4586 4587//4587 4588//4588
f 4587//4587 4586//4586 4589//4589
f 4590//4590 4591//4591 4592//4592
f 4591//4591 4590//4590 4593//4593
f 4594//4594 4595//4595 4596//4596
f 4595//4595 4594//4594 4597//4597
f 4598//4598 4599//4599 4600//4600
f 4601//4601 4598//4598 4600//4600
f 4602//4602 4603//4603 4604//4604
f 4605//4605 4606//4606 4607//4607
f 4606//4606 4605//4605 4608//4608
f 4609//4609 4610//4610 4611//4611
f 4609//4609 4611//4611 4612//4612
f 4613//4613 4614//4614 4615//4615
f 4616//4616 4613//4613 4615//4615
f 4617//4617 4618//4618 4619//4619
f 4620//4620 4619//4619 4618//4618
f 4621//4621 4622//4622 4623//4623
f 4622//4622 4621//4621 4624//4624
f 4625//4625 4626//4626 4627//4627
f 4626//4626 4625//4625 4628//4628
f 4629//4629 4630//4630 4631//4631
f 4630//4630 4629//4629 4632//4632
f 4633//4633 4634//4634 4635//4635
f 4636//4636 4634//4634 4633//4633
f 4637//4637 4638//4638 4639//4639
f 4638//4638 4637//4637 4640//4640
f 4641//4641 4642//4642 4643//4643
f 4642//4642 4641//4641 4644//4644
f 4645//4645 4603//4603 4646//4646
f 4603//4603 4602//4602 4647//4647
f 4603//4603 4645//4645 4604//4604
f 4648//4648 4649//4649 4650//4650
f 4651//4651 4650//4650 4649//4649
f 4652//4652 4653//4653 4654//4654
f 4653//4653 4652//4652 4655//4655
f 4656//4656 4657//4657 4658//4658
f 4656//4656 4659//4659 4657//4657
f 4660//4660 4661//4661 4662//4662
f 4661//4661 4660//4660 4663//4663
f 4664//4664 4665//4665 4666//4666
f 4667//4667 4666//4666 4665//4665
f 4668//4668 4669//4669 4670//4670
f 4669//4669 4668//4668 4671//4671
f 4672//4672 4673//4673 4674//4674
f 4672//4672 4675//4675 4673//4673
f 4676//4676 4677//4677 4678//4678
f 4677//4677 4676//4676 4679//4679
f 4680//4680 4681//4681 4682//4682
f 4681//4681 4680//4680 4683//4683
f 4684//4684 4685//4685 4686//4686
f 4685//4685 4684//4684 4687//4687
f 4688//4688 4689//4689 4690//4690
f 4689//4689 4688//4688 4691//4691
f 4580//4580 4692//4692 4693//4693
f 4580//4580 4693//4693 4581//4581
f 4580//4580 4579//4579 4694//4694
f 4695//4695 4696//4696 4697//4697
f 4696//4696 4695//4695 4698//4698
f 4699//4699 4700//4700 4701//4701
f 4701//4701 4702//4702 4699//4699
f 4703//4703 4704//4704 4705//4705
f 4704//4704 4703//4703 4706//4706
f 4707//4707 4708//4708 4709//4709
f 4707//4707 4710//4710 4708//4708
f 4711//4711 4712//4712 4713//4713
f 4714//4714 4712//4712 4711//4711
f 4715//4715 4716//4716 4717//4717
f 4716//4716 4715//4715 4718//4718
f 4719//4719 4720//4720 4721//4721
f 4719//4719 4721//4721 4722//4722
f 4723//4723 4724//4724 4725//4725
f 4724//4724 4723//4723 4726//4726
f 4727//4727 4728//4728 4729//4729
f 4728//4728 4727//4727 4730//4730
f 4731//4731 4732//4732 4733//4733
f 4733//4733 4734//4734 4731//4731
f 4735//4735 4736//4736 4737//4737
f 4736//4736 4735//4735 4738//4738
f 4739//4739 4740//4740 4741//4741
f 4742//4742 4739//4739 4741//4741
f 4743//4743 4744//4744 4745//4745
f 4744//4744 4743//4743 4746//4746
f 4747//4747 4748//4748 4749//4749
f 4748//4748 4747//4747 4750//4750
f 4529//4529 4528//4528 4751//4751
f 4529//4529 4752//4752 4753//4753
f 4752//4752 4529//4529 4751//4751
f 4754//4754 4755//4755 4526//4526
f 4756//4756 4754//4754 4526//4526
f 4756//4756 4526//4526 4525//4525
f 4757//4757 4758//4758 4759//4759
f 4758//4758 4757//4757 4760//4760
f 4761//4761 4762//4762 4763//4763
f 4762//4762 4761//4761 4764//4764
f 4765//4765 4766//4766 4767//4767
f 4765//4765 4768//4768 4766//4766
f 4769//4769 4770//4770 4771//4771
f 4772//4772 4769//4769 4771//4771
f 4773//4773 4774//4774 4775//4775
f 4774//4774 4773//4773 4776//4776
f 4777//4777 4778//4778 4779//4779
f 4777//4777 4780//4780 4778//4778
f 4781//4781 4782//4782 4783//4783
f 4782//4782 4781//4781 4784//4784
f 4785//4785 4786//4786 4787//4787
f 4785//4785 4787//4787 4788//4788
f 4789//4789 4790//4790 4791//4791
f 4790//4790 4789//4789 4792//4792
f 4793//4793 4794//4794 4795//4795
f 4793//4793 4796//4796 4794//4794
f 4797//4797 4798//4798 4799//4799
f 4798//4798 4797//4797 4800//4800
f 4801//4801 4802//4802 4803//4803
f 4801//4801 4803//4803 4804//4804
f 4805//4805 4806//4806 4807//4807
f 4806//4806 4805//4805 4808//4808
f 4809//4809 4810//4810 4811//4811
f 4810//4810 4809//4809 4812//4812
f 4813//4813 4814//4814 4815//4815
f 4816//4816 4815//4815 4814//4814
f 4817//4817 4818//4818 4819//4819
f 4818//4818 4817//4817 4820//4820
f 4821//4821 4822//4822 4823//4823
f 4822//4822 4821//4821 4824//4824
f 4825//4825 4826//4826 4827//4827
f 4825//4825 4828//4828 4826//4826
f 4829//4829 4830//4830 4831//4831
f 4831//4831 4830//4830 4832//4832
f 4833//4833 4834//4834 4835//4835
f 4834//4834 4833//4833 4836//4836
f 4837//4837 4838//4838 4839//4839
f 4840//4840 4839//4839 4838//4838
f 4841//4841 4842//4842 4843//4843
f 4842//4842 4841//4841 4844//4844
f 4845//4845 4846//4846 4847//4847
f 4848//4848 4846//4846 4845//4845
f 4849//4849 4850//4850 4851//4851
f 4850//4850 4849//4849 4852//4852
f 4853//4853 4854//4854 4855//4855
f 4854//4854 4853//4853 4856//4856
f 4857//4857 4858//4858 4859//4859
f 4858//4858 4857//4857 4860//4860
f 4861//4861 4862//4862 4863//4863
f 4864//4864 4861//4861 4863//4863
f 4865//4865 4866//4866 4867//4867
f 4866//4866 4865//4865 4868//4868
f 4869//4869 4870//4870 4871//4871
f 4870//4870 4869//4869 4872//4872
f 4873//4873 4874//4874 4875//4875
f 4875//4875 4876//4876 4873//4873
f 4877//4877 4878//4878 4879//4879
f 4878//4878 4877//4877 4880//4880
f 4881//4881 4882//4882 4883//4883
f 4881//4881 4884//4884 4882//4882
f 4885//4885 4886//4886 4887//4887
f 4886//4886 4885//4885 4888//4888
f 4889//4889 4890//4890 4891//4891
f 4889//4889 4892//4892 4890//4890
f 4893//4893 4894//4894 4895//4895
f 4894//4894 4893//4893 4896//4896
f 4897//4897 4898//4898 4899//4899
f 4897//4897 4900//4900 4898//4898
f 4901//4901 4902//4902 4903//4903
f 4904//4904 4902//4902 4901//4901
f 4905//4905 4906//4906 4907//4907
f 4908//4908 4905//4905 4907//4907
f 4909//4909 4910//4910 4911//4911
f 4910//4910 4909//4909 4912//4912
f 4913//4913 4914//4914 4915//4915
f 4914//4914 4913//4913 4916//4916
f 4917//4917 4918//4918 4919//4919
f 4918//4918 4917//4917 4920//4920
f 4921//4921 4922//4922 4923//4923
f 4922//4922 4921//4921 4924//4924
f 4925//4925 4926//4926 4927//4927
f 4925//4925 4928//4928 4926//4926
f 4929//4929 4930//4930 4931//4931
f 4930//4930 4929//4929 4932//4932
f 4933//4933 4934//4934 4935//4935
f 4934//4934 4933//4933 4936//4936
f 4937//4937 4938//4938 4939//4939
f 4938//4938 4937//4937 4940//4940
f 4941//4941 4942//4942 4943//4943
f 4942//4942 4941//4941 4944//4944
f 4945//4945 4946//4946 4947//4947
f 4948//4948 4945//4945 4947//4947
f 4949//4949 4950//4950 4951//4951
f 4952//4952 4950//4950 4949//4949
f 4953//4953 4954//4954 4955//4955
f 4954//4954 4953//4953 4956//4956
f 4957//4957 4958//4958 4959//4959
f 4957//4957 4959//4959 4960//4960
f 4961//4961 4962//4962 4963//4963
f 4962//4962 4961//4961 4964//4964
f 4965//4965 4966//4966 4967//4967
f 4966//4966 4965//4965 4968//4968
f 4969//4969 4970//4970 4971//4971
f 4972//4972 4969//4969 4971//4971
f 4973//4973 4974//4974 4975//4975
f 4974//4974 4973//4973 4976//4976
f 4977//4977 4978//4978 4979//4979
f 4978//4978 4977//4977 4980//4980
f 4981//4981 4982//4982 4983//4983
f 4981//4981 4984//4984 4982//4982
f 4985//4985 4986//4986 4987//4987
f 4986//4986 4985//4985 4988//4988
f 4989//4989 4990//4990 4991//4991
f 4992//4992 4991//4991 4990//4990
f 4993//4993 4994//4994 4995//4995
f 4994//4994 4993//4993 4996//4996
f 4997//4997 4998//4998 4999//4999
f 4998//4998 4997//4997 5000//5000
f 5001//5001 5002//5002 5003//5003
f 5001//5001 5003//5003 5004//5004
f 5005//5005 5006//5006 5007//5007
f 5006//5006 5005//5005 5008//5008
f 5009//5009 5010//5010 5011//5011
f 5012//5012 5010//5010 5009//5009
f 5013//5013 5014//5014 5015//5015
f 5016//5016 5013//5013 5015//5015
f 5017//5017 5018//5018 5019//5019
f 5018//5018 5017//5017 5020//5020
f 5021//5021 5022//5022 5023//5023
f 5022//5022 5021//5021 5024//5024
f 5025//5025 5026//5026 5027//5027
f 5026//5026 5025//5025 5028//5028
f 5029//5029 5030//5030 5031//5031
f 5030//5030 5029//5029 5032//5032
f 5033//5033 5034//5034 5035//5035
f 5033//5033 5036//5036 5034//5034
f 5037//5037 5038//5038 5039//5039
f 5038//5038 5037//5037 5040//5040
f 5041//5041 5042//5042 5043//5043
f 5044//5044 5043//5043 5042//5042
f 5045//5045 5046//5046 5047//5047
f 5048//5048 5045//5045 5047//5047
f 5049//5049 5050//5050 5051//5051
f 5050//5050 5049//5049 5052//5052
f 5053//5053 5054//5054 5055//5055
f 5054//5054 5053//5053 5056//5056
f 5057//5057 5058//5058 5059//5059
f 5058//5058 5057//5057 5060//5060
f 5061//5061 5062//5062 5063//5063
f 5062//5062 5061//5061 5064//5064
f 5065//5065 5066//5066 5067//5067
f 5065//5065 5068//5068 5066//5066
f 5069//5069 5070//5070 5071//5071
f 5070//5070 5069//5069 5072//5072
f 5073//5073 5074//5074 5075//5075
f 5076//5076 5074//5074 5073//5073
f 5077//5077 5078//5078 5079//5079
f 5080//5080 5077//5077 5079//5079
f 5081//5081 5082//5082 5083//5083
f 5082//5082 5081//5081 5084//5084
f 5085//5085 5086//5086 5087//5087
f 5086//5086 5085//5085 5088//5088
f 5089//5089 5090//5090 5091//5091
f 5090//5090 5089//5089 5092//5092
f 5093//5093 5094//5094 5095//5095
f 5094//5094 5093//5093 5096//5096
f 5097//5097 5098//5098 5099//5099
f 5099//5099 5100//5100 5097//5097
f 5101//5101 5102//5102 5103//5103
f 5102//5102 5101//5101 5104//5104
f 5105//5105 5106//5106 5107//5107
f 5106//5106 5105//5105 5108//5108
f 5109//5109 5110//5110 5111//5111
f 5112//5112 5110//5110 5109//5109
f 5113//5113 5114//5114 5115//5115
f 5114//5114 5113//5113 5116//5116
f 5117//5117 5118//5118 5119//5119
f 5118//5118 5117//5117 5120//5120
f 5121//5121 5122//5122 5123//5123
f 5122//5122 5121//5121 5124//5124
f 5125//5125 5126//5126 5127//5127
f 5126//5126 5125//5125 5128//5128
f 5129//5129 5130//5130 5131//5131
f 5129//5129 5131//5131 5132//5132
f 5133//5133 5134//5134 5135//5135
f 5134//5134 5133//5133 5136//5136
f 5137//5137 5138//5138 5139//5139
f 5137//5137 5139//5139 5140//5140
f 5141//5141 5142//5142 5143//5143
f 5144//5144 5141//5141 5143//5143
f 5145//5145 5146//5146 5147//5147
f 5145//5145 5148//5148 5146//5146
f 5149//5149 5150//5150 5151//5151
f 5150//5150 5149//5149 5152//5152
f 5153//5153 5154//5154 5155//5155
f 5154//5154 5153//5153 5156//5156
f 5157//5157 5158//5158 5159//5159
f 5158//5158 5157//5157 5160//5160
f 5161//5161 5162//5162 5163//5163
f 5162//5162 5161//5161 5164//5164
f 5165//5165 5166//5166 5167//5167
f 5166//5166 5165//5165 5168//5168
f 5169//5169 5170//5170 5171//5171
f 5170//5170 5169//5169 5172//5172
f 5173//5173 5174//5174 5175//5175
f 5174//5174 5173//5173 5176//5176
f 5177//5177 5178//5178 5179//5179
f 5177//5177 5180//5180 5178//5178
f 5181//5181 5182//5182 5183//5183
f 5182//5182 5181//5181 5184//5184
f 5185//5185 5186//5186 5187//5187
f 5188//5188 5186//5186 5185//5185
f 5189//5189 5190//5190 5191//5191
f 5190//5190 5189//5189 5192//5192
f 5193//5193 5194//5194 5195//5195
f 5193//5193 5196//5196 5194//5194
f 5197//5197 5198//5198 5199//5199
f 5198//5198 5197//5197 5200//5200
f 5201//5201 5202//5202 5203//5203
f 5202//5202 5201//5201 5204//5204
f 5205//5205 5206//5206 5207//5207
f 5208//5208 5205//5205 5207//5207
f 5209//5209 5210//5210 5211//5211
f 5210//5210 5209//5209 5212//5212
f 5213//5213 5214//5214 5215//5215
f 5214//5214 5213//5213 5216//5216
f 5217//5217 5218//5218 5219//5219
f 5218//5218 5217//5217 5220//5220
f 5221//5221 5222//5222 5223//5223
f 5222//5222 5221//5221 5224//5224
f 5225//5225 5226//5226 5227//5227
f 5225//5225 5227//5227 5228//5228
f 5229//5229 5230//5230 5231//5231
f 5230//5230 5229//5229 5232//5232
f 5233//5233 5234//5234 5235//5235
f 5234//5234 5233//5233 5236//5236
f 5237//5237 5238//5238 5239//5239
f 5238//5238 5237//5237 5240//5240
f 5241//5241 5242//5242 5243//5243
f 5241//5241 5244//5244 5242//5242
f 5245//5245 5246//5246 5247//5247
f 5246//5246 5245//5245 5248//5248
f 5249//5249 5250//5250 5251//5251
f 5252//5252 5250//5250 5249//5249
f 5253//5253 5254//5254 5255//5255
f 5254//5254 5253//5253 5256//5256
f 5257//5257 5258//5258 5259//5259
f 5257//5257 5260//5260 5258//5258
f 5261//5261 5262//5262 5263//5263
f 5262//5262 5261//5261 5264//5264
f 5265//5265 5266//5266 5267//5267
f 5268//5268 5269//5269 5270//5270
f 5271//5271 5268//5268 5270//5270
f 5272//5272 5273//5273 5274//5274
f 5273//5273 5272//5272 5275//5275
f 5276//5276 5277//5277 5278//5278
f 5277//5277 5276//5276 5279//5279
f 5280//5280 5281//5281 5282//5282
f 5281//5281 5280//5280 5283//5283
f 5284//5284 5285//5285 5286//5286
f 5287//5287 5284//5284 5286//5286
f 5288//5288 5289//5289 5290//5290
f 5288//5288 5290//5290 5291//5291
f 5292//5292 5293//5293 5294//5294
f 5293//5293 5292//5292 5295//5295
f 5296//5296 5297//5297 5298//5298
f 5299//5299 5297//5297 5296//5296
f 5300//5300 5301//5301 5302//5302
f 5301//5301 5300//5300 5303//5303
f 5304//5304 5305//5305 5306//5306
f 5304//5304 5307//5307 5305//5305
f 5308//5308 5309//5309 5310//5310
f 5309//5309 5308//5308 5311//5311
f 5312//5312 5313//5313 5314//5314
f 5315//5315 5314//5314 5313//5313
f 5316//5316 5317//5317 5318//5318
f 5319//5319 5316//5316 5318//5318
f 5320//5320 5321//5321 5322//5322
f 5321//5321 5320//5320 5323//5323
f 5324//5324 5266//5266 5325//5325
f 5266//5266 5324//5324 5267//5267
f 5266//5266 5265//5265 5326//5326
f 5327//5327 5328//5328 5329//5329
f 5330//5330 5328//5328 5327//5327
f 5331//5331 5332//5332 5333//5333
f 5334//5334 5331//5331 5333//5333
f 5335//5335 5336//5336 5337//5337
f 5336//5336 5335//5335 5338//5338
f 5339//5339 5250//5250 5340//5340
f 5250//5250 5339//5339 5251//5251
f 5341//5341 5342//5342 5343//5343
f 5344//5344 5342//5342 5341//5341
f 5345//5345 5346//5346 5347//5347
f 5346//5346 5345//5345 5348//5348
f 5349//5349 5350//5350 5351//5351
f 5349//5349 5351//5351 5352//5352
f 5353//5353 5354//5354 5355//5355
f 5354//5354 5353//5353 5356//5356
f 5357//5357 5358//5358 5359//5359
f 5360//5360 5358//5358 5357//5357
f 5361//5361 5362//5362 5363//5363
f 5364//5364 5361//5361 5363//5363
f 5365//5365 5366//5366 5367//5367
f 5366//5366 5365//5365 5368//5368
f 5369//5369 5370//5370 5371//5371
f 5372//5372 5373//5373 5374//5374
f 5373//5373 5372//5372 5375//5375
f 5376//5376 5377//5377 5378//5378
f 5379//5379 5376//5376 5378//5378
f 5380//5380 5381//5381 5382//5382
f 5381//5381 5380//5380 5383//5383
f 5384//5384 5385//5385 5386//5386
f 5385//5385 5384//5384 5387//5387
f 5388//5388 5389//5389 5390//5390
f 5389//5389 5388//5388 5391//5391
f 5392//5392 5393//5393 5394//5394
f 5393//5393 5392//5392 5395//5395
f 5396//5396 5397//5397 5398//5398
f 5396//5396 5399//5399 5397//5397
f 5400//5400 5401//5401 5402//5402
f 5401//5401 5400//5400 5403//5403
f 5404//5404 5405//5405 5406//5406
f 5407//5407 5405//5405 5404//5404
f 5408//5408 5409//5409 5410//5410
f 5411//5411 5408//5408 5410//5410
f 5412//5412 5413//5413 5414//5414
f 5413//5413 5412//5412 5415//5415
f 5416//5416 5417//5417 5418//5418
f 5417//5417 5416//5416 5419//5419
f 5420//5420 5421//5421 5422//5422
f 5421//5421 5420//5420 5423//5423
f 5424//5424 5425//5425 5426//5426
f 5427//5427 5424//5424 5426//5426
f 5428//5428 5429//5429 5430//5430
f 5429//5429 5428//5428 5431//5431
f 5432//5432 5433//5433 5434//5434
f 5433//5433 5432//5432 5435//5435
f 5436//5436 5437//5437 5438//5438
f 5437//5437 5436//5436 5439//5439
f 5440//5440 5441//5441 5442//5442
f 5441//5441 5440//5440 5443//5443
f 5444//5444 5445//5445 5446//5446
f 5447//5447 5444//5444 5446//5446
f 5448//5448 5449//5449 5450//5450
f 5449//5449 5448//5448 5451//5451
f 5452//5452 5453//5453 5454//5454
f 5455//5455 5453//5453 5452//5452
f 5456//5456 5457//5457 5458//5458
f 5457//5457 5456//5456 5459//5459
f 5460//5460 5461//5461 5462//5462
f 5463//5463 5460//5460 5462//5462
f 5464//5464 5465//5465 5466//5466
f 5465//5465 5464//5464 5467//5467
f 5468//5468 5370//5370 5469//5469
f 5370//5370 5369//5369 5469//5469
f 5470//5470 5370//5370 5468//5468
f 5471//5471 5472//5472 5473//5473
f 5474//5474 5471//5471 5473//5473
f 5475//5475 5476//5476 5477//5477
f 5477//5477 5478//5478 5475//5475
f 5479//5479 5480//5480 5481//5481
f 5480//5480 5479//5479 5482//5482
f 5483//5483 5484//5484 5485//5485
f 5484//5484 5483//5483 5486//5486
f 5487//5487 5488//5488 5489//5489
f 5488//5488 5487//5487 5490//5490
f 5491//5491 5492//5492 5493//5493
f 5493//5493 5494//5494 5491//5491
f 5495//5495 5496//5496 5497//5497
f 5496//5496 5495//5495 5498//5498
f 5499//5499 5500//5500 5501//5501
f 5502//5502 5500//5500 5499//5499
f 5503//5503 5504//5504 5505//5505
f 5504//5504 5503//5503 5506//5506
f 5507//5507 5508//5508 5509//5509
f 5508//5508 5507//5507 5510//5510
f 5511//5511 5512//5512 5513//5513
f 5512//5512 5511//5511 5514//5514
f 5515//5515 5516//5516 5517//5517
f 5518//5518 5517//5517 5516//5516
f 5519//5519 5520//5520 5521//5521
f 5520//5520 5519//5519 5522//5522
f 5523//5523 5524//5524 5525//5525
f 5526//5526 5524//5524 5523//5523
f 5527//5527 5528//5528 5529//5529
f 5528//5528 5527//5527 5530//5530
f 5531//5531 5532//5532 5533//5533
f 5534//5534 5533//5533 5532//5532
f 5535//5535 5536//5536 5537//5537
f 5535//5535 5537//5537 5538//5538
f 5539//5539 5540//5540 5541//5541
f 5540//5540 5539//5539 5542//5542
f 5543//5543 5544//5544 5545//5545
f 5544//5544 5543//5543 5546//5546
f 5547//5547 5548//5548 5549//5549
f 5548//5548 5547//5547 5550//5550
f 5551//5551 5552//5552 5553//5553
f 5551//5551 5554//5554 5552//5552
f 5555//5555 5556//5556 5557//5557
f 5556//5556 5555//5555 5558//5558
f 5559//5559 5560//5560 5561//5561
f 5561//5561 5562//5562 5559//5559
f 5563//5563 5564//5564 5565//5565
f 5564//5564 5563//5563 5566//5566
f 5567//5567 5568//5568 5569//5569
f 5567//5567 5570//5570 5568//5568
f 5571//5571 5572//5572 5573//5573
f 5572//5572 5571//5571 5574//5574
f 5575//5575 5576//5576 5577//5577
f 5575//5575 5578//5578 5576//5576
f 5579//5579 5580//5580 5581//5581
f 5580//5580 5579//5579 5582//5582
f 5583//5583 5584//5584 5585//5585
f 5583//5583 5585//5585 5586//5586
f 5587//5587 5588//5588 5589//5589
f 5588//5588 5587//5587 5590//5590
f 5591//5591 5592//5592 5593//5593
f 5592//5592 5591//5591 5594//5594
f 5595//5595 5596//5596 5597//5597
f 5596//5596 5595//5595 5598//5598
f 5599//5599 5600//5600 5601//5601
f 5600//5600 5599//5599 5602//5602
f 5603//5603 5604//5604 5605//5605
f 5605//5605 5604//5604 5606//5606
f 5607//5607 5608//5608 5609//5609
f 5607//5607 5609//5609 5610//5610
f 5611//5611 5612//5612 5613//5613
f 5612//5612 5611//5611 5614//5614
f 5615//5615 5616//5616 5617//5617
f 5616//5616 5615//5615 5618//5618
f 5619//5619 5620//5620 5621//5621
f 5620//5620 5619//5619 5622//5622
f 5623//5623 5624//5624 5625//5625
f 5624//5624 5623//5623 5626//5626
f 5627//5627 5628//5628 5629//5629
f 5630//5630 5629//5629 5628//5628
f 5631//5631 5632//5632 5633//5633
f 5634//5634 5631//5631 5633//5633
f 5635//5635 5636//5636 5637//5637
f 5638//5638 5636//5636 5635//5635
f 5639//5639 5640//5640 5641//5641
f 5640//5640 5639//5639 5642//5642
f 5643//5643 5644//5644 5645//5645
f 5643//5643 5646//5646 5644//5644
f 5647//5647 5648//5648 5649//5649
f 5648//5648 5647//5647 5650//5650
f 5651//5651 5652//5652 5653//5653
f 5652//5652 5651//5651 5654//5654
f 5655//5655 5656//5656 5657//5657
f 5656//5656 5655//5655 5658//5658
f 5659//5659 5660//5660 5661//5661
f 5659//5659 5662//5662 5660//5660
f 5663//5663 5664//5664 5665//5665
f 5664//5664 5663//5663 5666//5666
f 5667//5667 5668//5668 5669//5669
f 5667//5667 5670//5670 5668//5668
f 5671//5671 5672//5672 5673//5673
f 5672//5672 5671//5671 5674//5674
f 5675//5675 5676//5676 5677//5677
f 5678//5678 5677//5677 5676//5676
f 5679//5679 5680//5680 5681//5681
f 5682//5682 5679//5679 5681//5681
f 5683//5683 5684//5684 5685//5685
f 5684//5684 5683//5683 5686//5686
f 5687//5687 5688//5688 5689//5689
f 5688//5688 5687//5687 5690//5690
f 5691//5691 5692//5692 5693//5693
f 5692//5692 5691//5691 5694//5694
f 5695//5695 5696//5696 5697//5697
f 5696//5696 5695//5695 5698//5698
f 5699//5699 5700//5700 5701//5701
f 5702//5702 5700//5700 5699//5699
f 5703//5703 5704//5704 5705//5705
f 5704//5704 5703//5703 5706//5706
f 5707//5707 5708//5708 5709//5709
f 5707//5707 5710//5710 5708//5708
f 5711//5711 5712//5712 5713//5713
f 5712//5712 5711//5711 5714//5714
f 5715//5715 5716//5716 5717//5717
f 5716//5716 5715//5715 5718//5718
f 5719//5719 5720//5720 5721//5721
f 5722//5722 5719//5719 5721//5721
f 5723//5723 5724//5724 5725//5725
f 5724//5724 5723//5723 5726//5726
f 5727//5727 5728//5728 5729//5729
f 5728//5728 5727//5727 5730//5730
f 5731//5731 5732//5732 5733//5733
f 5732//5732 5731//5731 5734//5734
f 5735//5735 5736//5736 5737//5737
f 5736//5736 5735//5735 5738//5738
f 5739//5739 5740//5740 5741//5741
f 5742//5742 5739//5739 5741//5741
f 5743//5743 5744//5744 5745//5745
f 5746//5746 5744//5744 5743//5743
f 5747//5747 5748//5748 5749//5749
f 5748//5748 5747//5747 5750//5750
f 5751//5751 5752//5752 5753//5753
f 5751//5751 5754//5754 5752//5752
f 5755//5755 5756//5756 5757//5757
f 5756//5756 5755//5755 5758//5758
f 5759//5759 5760//5760 5761//5761
f 5760//5760 5759//5759 5762//5762
f 5763//5763 5764//5764 5765//5765
f 5764//5764 5763//5763 5766//5766
f 5767//5767 5768//5768 5769//5769
f 5768//5768 5767//5767 5770//5770
f 5771//5771 5772//5772 5773//5773
f 5774//5774 5771//5771 5773//5773
f 5775//5775 5776//5776 5777//5777
f 5778//5778 5776//5776 5775//5775
f 5779//5779 5780//5780 5781//5781
f 5780//5780 5779//5779 5782//5782
f 5783//5783 5784//5784 5785//5785
f 5783//5783 5786//5786 5784//5784
f 5787//5787 5788//5788 5789//5789
f 5788//5788 5787//5787 5790//5790
f 5791//5791 5792//5792 5793//5793
f 5792//5792 5791//5791 5794//5794
f 5795//5795 5796//5796 5797//5797
f 5796//5796 5795//5795 5798//5798
f 5799//5799 5800//5800 5801//5801
f 5800//5800 5799//5799 5802//5802
f 5803//5803 5804//5804 5805//5805
f 5806//5806 5803//5803 5805//5805
f 5807//5807 5808//5808 5809//5809
f 5810//5810 5809//5809 5808//5808
f 5811//5811 5812//5812 5813//5813
f 5812//5812 5811//5811 5814//5814
f 5815//5815 5816//5816 5817//5817
f 5815//5815 5817//5817 5818//5818
f 5819//5819 5820//5820 5821//5821
f 5820//5820 5819//5819 5822//5822
f 5823//5823 5824//5824 5825//5825
f 5824//5824 5823//5823 5826//5826
f 5827//5827 5828//5828 5829//5829
f 5828//5828 5827//5827 5830//5830
f 5831//5831 5832//5832 5833//5833
f 5832//5832 5831//5831 5834//5834
f 5835//5835 5836//5836 5837//5837
f 5836//5836 5835//5835 5838//5838
f 5839//5839 5840//5840 5841//5841
f 5839//5839 5842//5842 5840//5840
f 5843//5843 5844//5844 5845//5845
f 5844//5844 5843//5843 5846//5846
f 5847//5847 5848//5848 5849//5849
f 5847//5847 5850//5850 5848//5848
f 5851//5851 5852//5852 5853//5853
f 5852//5852 5851//5851 5854//5854
f 5855//5855 5856//5856 5857//5857
f 5856//5856 5855//5855 5858//5858
f 5859//5859 5860//5860 5861//5861
f 5860//5860 5859//5859 5862//5862
f 5863//5863 5864//5864 5865//5865
f 5864//5864 5863//5863 5866//5866
f 5867//5867 5868//5868 5869//5869
f 5870//5870 5868//5868 5867//5867
f 5871//5871 5872//5872 5873//5873
f 5874//5874 5872//5872 5871//5871
f 5875//5875 5876//5876 5877//5877
f 5876//5876 5875//5875 5878//5878
f 5879//5879 5880//5880 5881//5881
f 5879//5879 5881//5881 5882//5882
f 5883//5883 5884//5884 5885//5885
f 5884//5884 5883//5883 5886//5886
f 5887//5887 5888//5888 5889//5889
f 5888//5888 5887//5887 5890//5890
f 5891//5891 5892//5892 5893//5893
f 5892//5892 5891//5891 5894//5894
f 5895//5895 5896//5896 5897//5897
f 5897//5897 5898//5898 5895//5895
f 5899//5899 5900//5900 5901//5901
f 5900//5900 5899//5899 5902//5902
f 5903//5903 5904//5904 5905//5905
f 5904//5904 5903//5903 5906//5906
f 5907//5907 5908//5908 5909//5909
f 5908//5908 5907//5907 5910//5910
f 5911//5911 5912//5912 5913//5913
f 5911//5911 5913//5913 5914//5914
f 5915//5915 5916//5916 5917//5917
f 5918//5918 5915//5915 5917//5917
f 5919//5919 5920//5920 5921//5921
f 5920//5920 5919//5919 5922//5922
f 5923//5923 5924//5924 5925//5925
f 5924//5924 5923//5923 5926//5926
f 5927//5927 5928//5928 5929//5929
f 5927//5927 5930//5930 5928//5928
f 5931//5931 5932//5932 5933//5933
f 5932//5932 5931//5931 5934//5934
f 5935//5935 5936//5936 5937//5937
f 5938//5938 5936//5936 5935//5935
f 5939//5939 5940//5940 5941//5941
f 5940//5940 5939//5939 5942//5942
f 5943//5943 5944//5944 5945//5945
f 5945//5945 5946//5946 5943//5943
f 5947//5947 5948//5948 5949//5949
f 5948//5948 5947//5947 5950//5950
f 5951//5951 5952//5952 5953//5953
f 5952//5952 5951//5951 5954//5954
f 5955//5955 5956//5956 5957//5957
f 5956//5956 5955//5955 5958//5958
f 5959//5959 5960//5960 5961//5961
f 5959//5959 5962//5962 5960//5960
f 5963//5963 5964//5964 5965//5965
f 5964//5964 5963//5963 5966//5966
f 5967//5967 5968//5968 5969//5969
f 5968//5968 5967//5967 5970//5970
f 5971//5971 5972//5972 5973//5973
f 5972//5972 5971//5971 5974//5974
f 5975//5975 5976//5976 5977//5977
f 5976//5976 5975//5975 5978//5978
f 5979//5979 5980//5980 5981//5981
f 5982//5982 5983//5983 5984//5984
f 5983//5983 5982//5982 5985//5985
f 5986//5986 5987//5987 5988//5988
f 5987//5987 5986//5986 5989//5989
f 5990//5990 5991//5991 5992//5992
f 5990//5990 5993//5993 5991//5991
f 5994//5994 5995//5995 5996//5996
f 5997//5997 5998//5998 5999//5999
f 6000//6000 5998//5998 5997//5997
f 6001//6001 6002//6002 6003//6003
f 6002//6002 6001//6001 6004//6004
f 6005//6005 6006//6006 6007//6007
f 6005//6005 6008//6008 6006//6006
f 6009//6009 6010//6010 6011//6011
f 6012//6012 6009//6009 6011//6011
f 6013//6013 6014//6014 6015//6015
f 6014//6014 6013//6013 6016//6016
f 6017//6017 6018//6018 6019//6019
f 6018//6018 6017//6017 6020//6020
f 6021//6021 6022//6022 6023//6023
f 6022//6022 6021//6021 6024//6024
f 6025//6025 6026//6026 6027//6027
f 6028//6028 6025//6025 6027//6027
f 6029//6029 6030//6030 6031//6031
f 6030//6030 6029//6029 6032//6032
f 6033//6033 6034//6034 6035//6035
f 6034//6034 6033//6033 6036//6036
f 6037//6037 6038//6038 6039//6039
f 6038//6038 6037//6037 6040//6040
f 6041//6041 6042//6042 6043//6043
f 6044//6044 6041//6041 6043//6043
f 6045//6045 6046//6046 6047//6047
f 6048//6048 6046//6046 6045//6045
f 6049//6049 6050//6050 6051//6051
f 6050//6050 6049//6049 6052//6052
f 5996//5996 6053//6053 5994//5994
f 5996//5996 6054//6054 6055//6055
f 5995//5995 6054//6054 5996//5996
f 6056//6056 6057//6057 6058//6058
f 6059//6059 6056//6056 6058//6058
f 6060//6060 6061//6061 6062//6062
f 6063//6063 6061//6061 6060//6060
f 6064//6064 6065//6065 6066//6066
f 6065//6065 6064//6064 6067//6067
f 5981//5981 6068//6068 5979//5979
f 5981//5981 6069//6069 6070//6070
f 5980//5980 6069//6069 5981//5981
f 6071//6071 6072//6072 6073//6073
f 6074//6074 6071//6071 6073//6073
f 6075//6075 6076//6076 6077//6077
f 6076//6076 6075//6075 6078//6078
f 6079//6079 6080//6080 6081//6081
f 6080//6080 6079//6079 6082//6082
f 6083//6083 6084//6084 6085//6085
f 6085//6085 6086//6086 6083//6083
f 6087//6087 6088//6088 6089//6089
f 6090//6090 6087//6087 6089//6089
f 6091//6091 6092//6092 6093//6093
f 6094//6094 6093//6093 6092//6092
f 6095//6095 6096//6096 6097//6097
f 6096//6096 6095//6095 6098//6098
f 6099//6099 6100//6100 6101//6101
f 6100//6100 6099//6099 6102//6102
f 6103//6103 6104//6104 6105//6105
f 6106//6106 6105//6105 6104//6104
f 6107//6107 6108//6108 6109//6109
f 6108//6108 6107//6107 6110//6110
f 6111//6111 6112//6112 6113//6113
f 6111//6111 6113//6113 6114//6114
f 6115//6115 6116//6116 6117//6117
f 6116//6116 6115//6115 6118//6118
f 6119//6119 6120//6120 6121//6121
f 6120//6120 6119//6119 6122//6122
f 6123//6123 6124//6124 6125//6125
f 6124//6124 6123//6123 6126//6126
f 6127//6127 6128//6128 6129//6129
f 6128//6128 6127//6127 6130//6130
f 6131//6131 6132//6132 6133//6133
f 6134//6134 6131//6131 6133//6133
f 6135//6135 6136//6136 6137//6137
f 6138//6138 6137//6137 6136//6136
f 6139//6139 6140//6140 6141//6141
f 6140//6140 6139//6139 6142//6142
f 6143//6143 6144//6144 6145//6145
f 6143//6143 6146//6146 6144//6144
f 6147//6147 6148//6148 6149//6149
f 6148//6148 6147//6147 6150//6150
f 6151//6151 6152//6152 6153//6153
f 6154//6154 6152//6152 6151//6151
f 6155//6155 6156//6156 6157//6157
f 6156//6156 6155//6155 6158//6158
f 6159//6159 6160//6160 6161//6161
f 6159//6159 6162//6162 6160//6160
f 6163//6163 6164//6164 6165//6165
f 6164//6164 6163//6163 6166//6166
f 6167//6167 6168//6168 6169//6169
f 6168//6168 6167//6167 6170//6170
f 6171//6171 6172//6172 6173//6173
f 6172//6172 6171//6171 6174//6174
f 6175//6175 6176//6176 6177//6177
f 6176//6176 6175//6175 6178//6178
f 6179//6179 6180//6180 6181//6181
f 6182//6182 6179//6179 6181//6181
f 6183//6183 6184//6184 6185//6185
f 6184//6184 6183//6183 6186//6186
f 6187//6187 6188//6188 6189//6189
f 6187//6187 6190//6190 6188//6188
f 6191//6191 6192//6192 6193//6193
f 6192//6192 6191//6191 6194//6194
f 6195//6195 6196//6196 6197//6197
f 6195//6195 6198//6198 6196//6196
f 6199//6199 6198//6198 6195//6195
f 6200//6200 6199//6199 6195//6195
f 6201//6201 6202//6202 6203//6203
f 6204//6204 6202//6202 6201//6201
f 6205//6205 6206//6206 6207//6207
f 6206//6206 6205//6205 6208//6208
f 6209//6209 6210//6210 6211//6211
f 6209//6209 6212//6212 6210//6210
f 6213//6213 6214//6214 6215//6215
f 6214//6214 6213//6213 6216//6216
f 6217//6217 6218//6218 6219//6219
f 6218//6218 6217//6217 6220//6220
f 6221//6221 6222//6222 6223//6223
f 6222//6222 6221//6221 6224//6224
f 6225//6225 6226//6226 6227//6227
f 6226//6226 6225//6225 6228//6228
f 6229//6229 6230//6230 6231//6231
f 6232//6232 6229//6229 6231//6231
v 0.045415 -0.020734 0.331167
v 0.051573 -0.009106 0.340911
v 0.045422 -0.009487 0.344152
v 0.049974 -0.016502 0.331642
v 0.045415 -0.020734 0.331167
v 0.045422 -0.009487 0.344152
v 0.040860 -0.014838 0.333188
v 0.039270 -0.006641 0.342680
v 0.039270 -0.006641 0.342680
v 0.045407 0.005209 0.355555
v 0.039333 0.007519 0.353337
v 0.045422 -0.009487 0.344152
v 0.051573 -0.009106 0.340911
v 0.045407 0.005209 0.355555
v 0.045422 -0.009487 0.344152
v 0.051481 0.004914 0.352265
v -0.056166 -0.004552 0.333686
v -0.054122 -0.015227 0.324191
v -0.052525 -0.016379 0.331764
v -0.054115 -0.008962 0.341010
v -0.056166 -0.004552 0.333686
v -0.054115 0.000682 0.326926
v -0.052525 -0.007798 0.322292
v -0.054122 -0.015227 0.324191
v -0.056166 -0.004552 0.333686
v -0.054011 0.011126 0.335894
v -0.054115 0.000682 0.326926
v -0.056036 0.007684 0.343952
v -0.056036 0.007684 0.343952
v -0.054115 -0.008962 0.341010
v -0.054011 0.005107 0.352334
v -0.056166 -0.004552 0.333686
v 0.037220 -0.001364 0.335869
v 0.039264 -0.013232 0.326337
v 0.040860 -0.014838 0.333188
v 0.039270 -0.006641 0.342680
v 0.037220 -0.001364 0.335869
v 0.039270 0.003078 0.328487
v 0.040860 -0.006223 0.323668
v 0.039264 -0.013232 0.326337
v 0.037220 -0.001364 0.335869
v 0.039333 0.013595 0.336733
v 0.039270 0.003078 0.328487
v 0.037309 0.010996 0.345200
v 0.037309 0.010996 0.345200
v 0.039270 -0.006641 0.342680
v 0.039333 0.007519 0.353337
v 0.037220 -0.001364 0.335869
v -0.047963 -0.009358 0.344240
v -0.047970 -0.020628 0.331288
v -0.043411 -0.014735 0.333292
v -0.041812 -0.006527 0.342758
v -0.047970 -0.020628 0.331288
v -0.054115 -0.008962 0.341010
v -0.052525 -0.016379 0.331764
v -0.047963 -0.009358 0.344240
v -0.054115 -0.008962 0.341010
v -0.047937 0.005380 0.355616
v -0.054011 0.005107 0.352334
v -0.047963 -0.009358 0.344240
v -0.041812 -0.006527 0.342758
v -0.047937 0.005380 0.355616
v -0.047963 -0.009358 0.344240
v -0.041863 0.007670 0.353391
v 0.045422 0.003422 0.325301
v 0.045415 -0.007844 0.319225
v 0.040860 -0.006223 0.323668
v 0.039270 0.003078 0.328487
v 0.045415 -0.007844 0.319225
v 0.051573 0.000538 0.326828
v 0.049974 -0.007921 0.322170
v 0.045422 0.003422 0.325301
v 0.051481 0.010933 0.335826
v 0.051573 0.000538 0.326828
v 0.045422 0.003422 0.325301
v 0.045407 0.013272 0.333526
v 0.039333 0.013595 0.336733
v 0.045422 0.003422 0.325301
v 0.039270 0.003078 0.328487
v 0.045407 0.013272 0.333526
v 0.053623 -0.004702 0.333584
v 0.049974 -0.007921 0.322170
v 0.051573 0.000538 0.326828
v 0.051567 -0.015346 0.324055
v 0.053623 -0.004702 0.333584
v 0.049974 -0.016502 0.331642
v 0.051567 -0.015346 0.324055
v 0.051573 -0.009106 0.340911
v 0.053505 0.007485 0.343881
v 0.051573 -0.009106 0.340911
v 0.053623 -0.004702 0.333584
v 0.051481 0.004914 0.352265
v 0.053505 0.007485 0.343881
v 0.053623 -0.004702 0.333584
v 0.051481 0.010933 0.335826
v 0.051573 0.000538 0.326828
v -0.041818 -0.013138 0.326445
v -0.047970 -0.020628 0.331288
v -0.047972 -0.017942 0.322152
v -0.043411 -0.014735 0.333292
v -0.041818 -0.013138 0.326445
v -0.047970 -0.007738 0.319347
v -0.043411 -0.006121 0.323772
v -0.047972 -0.017942 0.322152
v -0.054122 -0.015227 0.324191
v -0.047970 -0.007738 0.319347
v -0.047972 -0.017942 0.322152
v -0.052525 -0.007798 0.322292
v -0.054122 -0.015227 0.324191
v -0.047970 -0.020628 0.331288
v -0.052525 -0.016379 0.331764
v -0.047972 -0.017942 0.322152
v 0.051567 -0.015346 0.324055
v 0.045415 -0.020734 0.331167
v 0.045413 -0.018041 0.322019
v 0.049974 -0.016502 0.331642
v 0.051567 -0.015346 0.324055
v 0.045415 -0.007844 0.319225
v 0.049974 -0.007921 0.322170
v 0.045413 -0.018041 0.322019
v 0.039264 -0.013232 0.326337
v 0.045415 -0.007844 0.319225
v 0.045413 -0.018041 0.322019
v 0.040860 -0.006223 0.323668
v 0.045415 -0.020734 0.331167
v 0.039264 -0.013232 0.326337
v 0.045413 -0.018041 0.322019
v 0.040860 -0.014838 0.333188
v 0.045730 0.050038 0.370649
v 0.045400 0.024223 0.363080
v 0.051051 0.025482 0.360249
v 0.051429 0.054204 0.368469
v 0.045400 0.024223 0.363080
v 0.040030 0.047502 0.366991
v 0.039749 0.024547 0.360241
v 0.045730 0.050038 0.370649
v 0.045730 0.050038 0.370649
v 0.034216 0.074846 0.378000
v 0.029856 0.069607 0.373543
v 0.040030 0.047502 0.366991
v 0.034216 0.074846 0.378000
v 0.051429 0.054204 0.368469
v 0.038575 0.081771 0.376424
v 0.045730 0.050038 0.370649
v 0.045730 0.056559 0.347300
v 0.029856 0.074796 0.354965
v 0.034216 0.081586 0.353867
v 0.040030 0.052495 0.349114
v 0.045400 0.030558 0.340397
v 0.040030 0.052495 0.349114
v 0.045730 0.056559 0.347300
v 0.039749 0.029364 0.342994
v 0.045730 0.056559 0.347300
v 0.051051 0.030168 0.343471
v 0.045400 0.030558 0.340397
v 0.051429 0.058993 0.351323
v 0.051429 0.058993 0.351323
v 0.034216 0.081586 0.353867
v 0.038575 0.086692 0.358803
v 0.045730 0.056559 0.347300
v 0.052935 0.027970 0.351900
v 0.051187 0.012748 0.356780
v 0.053134 0.014804 0.348223
v 0.051051 0.025482 0.360249
v 0.051187 0.017479 0.339840
v 0.052935 0.027970 0.351900
v 0.053134 0.014804 0.348223
v 0.051051 0.030168 0.343471
v 0.051187 0.017479 0.339840
v 0.053505 0.007485 0.343881
v 0.051481 0.010933 0.335826
v 0.053134 0.014804 0.348223
v 0.053134 0.014804 0.348223
v 0.051481 0.004914 0.352265
v 0.053505 0.007485 0.343881
v 0.051187 0.012748 0.356780
v 0.038130 0.048898 0.357745
v 0.037866 0.026811 0.351577
v 0.039749 0.024547 0.360241
v 0.040030 0.047502 0.366991
v 0.038130 0.048898 0.357745
v 0.039749 0.029364 0.342994
v 0.037866 0.026811 0.351577
v 0.040030 0.052495 0.349114
v 0.040030 0.052495 0.349114
v 0.028403 0.070197 0.363694
v 0.029856 0.074796 0.354965
v 0.038130 0.048898 0.357745
v 0.040030 0.047502 0.366991
v 0.028403 0.070197 0.363694
v 0.038130 0.048898 0.357745
v 0.029856 0.069607 0.373543
v -0.053715 0.013017 0.356856
v -0.047929 0.024509 0.363162
v -0.053578 0.025805 0.360340
v -0.047874 0.013101 0.360025
v -0.042034 0.014776 0.357500
v -0.047929 0.024509 0.363162
v -0.047874 0.013101 0.360025
v -0.042280 0.024796 0.360313
v -0.047874 0.013101 0.360025
v -0.047937 0.005380 0.355616
v -0.041863 0.007670 0.353391
v -0.042034 0.014776 0.357500
v -0.047937 0.005380 0.355616
v -0.053715 0.013017 0.356856
v -0.054011 0.005107 0.352334
v -0.047874 0.013101 0.360025
v -0.047874 0.019463 0.337247
v -0.041863 0.013746 0.336787
v -0.047937 0.013444 0.333587
v -0.042034 0.019587 0.340275
v -0.047874 0.019463 0.337247
v -0.042280 0.029615 0.343061
v -0.042034 0.019587 0.340275
v -0.047929 0.030845 0.340474
v -0.053578 0.030492 0.343560
v -0.047874 0.019463 0.337247
v -0.053715 0.017749 0.339914
v -0.047929 0.030845 0.340474
v -0.047937 0.013444 0.333587
v -0.053715 0.017749 0.339914
v -0.047874 0.019463 0.337247
v -0.054011 0.011126 0.335894
v -0.055461 0.028306 0.351994
v -0.053953 0.054505 0.368554
v -0.055852 0.058010 0.360290
v -0.053578 0.025805 0.360340
v -0.055461 0.028306 0.351994
v -0.053953 0.059294 0.351406
v -0.053578 0.030492 0.343560
v -0.055852 0.058010 0.360290
v -0.055852 0.058010 0.360290
v -0.041094 0.086887 0.358858
v -0.053953 0.059294 0.351406
v -0.042546 0.086438 0.368230
v -0.055852 0.058010 0.360290
v -0.041094 0.081966 0.376478
v -0.042546 0.086438 0.368230
v -0.053953 0.054505 0.368554
v -0.042280 0.024796 0.360313
v -0.040087 0.017481 0.348971
v -0.040398 0.027048 0.351643
v -0.042034 0.014776 0.357500
v -0.040087 0.017481 0.348971
v -0.042034 0.019587 0.340275
v -0.042280 0.029615 0.343061
v -0.040398 0.027048 0.351643
v -0.042034 0.019587 0.340275
v -0.039838 0.011140 0.345251
v -0.041863 0.013746 0.336787
v -0.040087 0.017481 0.348971
v -0.040087 0.017481 0.348971
v -0.041863 0.007670 0.353391
v -0.039838 0.011140 0.345251
v -0.042034 0.014776 0.357500
v -0.002323 0.023916 0.352120
v -0.002320 0.033583 0.356459
v 0.000726 0.025386 0.355277
v 0.001715 0.032485 0.358408
v -0.002320 0.033583 0.356459
v 0.001609 0.043926 0.366354
v 0.001715 0.032485 0.358408
v -0.002328 0.045133 0.364515
v -0.006282 0.044237 0.365870
v -0.002320 0.033583 0.356459
v -0.006376 0.032772 0.357902
v -0.002328 0.045133 0.364515
v -0.002320 0.033583 0.356459
v -0.002323 0.023916 0.352120
v -0.005395 0.025587 0.354893
v -0.006376 0.032772 0.357902
v 0.003053 0.029577 0.363581
v 0.000688 0.021310 0.363058
v 0.001834 0.021106 0.357745
v 0.001684 0.026763 0.368586
v 0.002917 0.040717 0.371221
v 0.001684 0.026763 0.368586
v 0.003053 0.029577 0.363581
v 0.001586 0.037613 0.375928
v 0.002917 0.040717 0.371221
v 0.003053 0.029577 0.363581
v 0.001609 0.043926 0.366354
v 0.001715 0.032485 0.358408
v 0.003053 0.029577 0.363581
v 0.000726 0.025386 0.355277
v 0.001715 0.032485 0.358408
v 0.001834 0.021106 0.357745
v -0.007773 0.029955 0.362910
v -0.006376 0.032772 0.357902
v -0.005395 0.025587 0.354893
v -0.006553 0.021367 0.357220
v -0.007773 0.029955 0.362910
v -0.006282 0.044237 0.365870
v -0.006376 0.032772 0.357902
v -0.007640 0.041137 0.370584
v -0.007640 0.041137 0.370584
v -0.006464 0.027043 0.368085
v -0.006358 0.037932 0.375457
v -0.007773 0.029955 0.362910
v -0.007773 0.029955 0.362910
v -0.006553 0.021367 0.357220
v -0.005458 0.021508 0.362677
v -0.006464 0.027043 0.368085
v -0.002396 0.018557 0.362845
v -0.006464 0.027043 0.368085
v -0.005458 0.021508 0.362677
v -0.002400 0.025949 0.370032
v -0.006464 0.027043 0.368085
v -0.002394 0.036721 0.377289
v -0.006358 0.037932 0.375457
v -0.002400 0.025949 0.370032
v 0.001684 0.026763 0.368586
v -0.002394 0.036721 0.377289
v -0.002400 0.025949 0.370032
v 0.001586 0.037613 0.375928
v -0.002396 0.018557 0.362845
v 0.001684 0.026763 0.368586
v -0.002400 0.025949 0.370032
v 0.000688 0.021310 0.363058
v -0.002402 0.047027 0.384781
v -0.006358 0.037932 0.375457
v -0.002394 0.036721 0.377289
v -0.006460 0.048362 0.382984
v -0.002402 0.047027 0.384781
v -0.005458 0.054968 0.386038
v -0.006460 0.048362 0.382984
v -0.002399 0.055854 0.388910
v -0.002402 0.047027 0.384781
v 0.001676 0.048010 0.383440
v 0.000682 0.054702 0.386377
v -0.002399 0.055854 0.388910
v -0.002402 0.047027 0.384781
v -0.002394 0.036721 0.377289
v 0.001586 0.037613 0.375928
v 0.001676 0.048010 0.383440
v -0.007640 0.041137 0.370584
v -0.006384 0.055311 0.373562
v -0.006282 0.044237 0.365870
v -0.007775 0.051894 0.378195
v -0.007775 0.051894 0.378195
v -0.005401 0.060320 0.379047
v -0.006384 0.055311 0.373562
v -0.006556 0.059740 0.383956
v -0.007775 0.051894 0.378195
v -0.005458 0.054968 0.386038
v -0.006556 0.059740 0.383956
v -0.006460 0.048362 0.382984
v -0.006358 0.037932 0.375457
v -0.006460 0.048362 0.382984
v -0.007775 0.051894 0.378195
v -0.007640 0.041137 0.370584
v 0.003049 0.051435 0.378815
v 0.001586 0.037613 0.375928
v 0.002917 0.040717 0.371221
v 0.001676 0.048010 0.383440
v 0.003049 0.051435 0.378815
v 0.001828 0.059378 0.384417
v 0.000682 0.054702 0.386377
v 0.001676 0.048010 0.383440
v 0.001828 0.059378 0.384417
v 0.003049 0.051435 0.378815
v 0.000723 0.060060 0.379393
v 0.001716 0.054975 0.374035
v 0.001716 0.054975 0.374035
v 0.002917 0.040717 0.371221
v 0.001609 0.043926 0.366354
v 0.003049 0.051435 0.378815
v -0.002328 0.045133 0.364515
v 0.001716 0.054975 0.374035
v 0.001609 0.043926 0.366354
v -0.002324 0.056303 0.372230
v -0.002329 0.063265 0.379464
v 0.001716 0.054975 0.374035
v -0.002324 0.056303 0.372230
v 0.000723 0.060060 0.379393
v -0.002329 0.063265 0.379464
v -0.006384 0.055311 0.373562
v -0.005401 0.060320 0.379047
v -0.002324 0.056303 0.372230
v -0.002328 0.045133 0.364515
v -0.006384 0.055311 0.373562
v -0.002324 0.056303 0.372230
v -0.006282 0.044237 0.365870
v -0.006556 0.059740 0.383956
v -0.002329 0.063265 0.379464
v -0.005401 0.060320 0.379047
v -0.002365 0.062191 0.386081
v 0.001828 0.059378 0.384417
v -0.002329 0.063265 0.379464
v -0.002365 0.062191 0.386081
v 0.000723 0.060060 0.379393
v -0.002399 0.055854 0.388910
v 0.001828 0.059378 0.384417
v -0.002365 0.062191 0.386081
v 0.000682 0.054702 0.386377
v -0.002399 0.055854 0.388910
v -0.006556 0.059740 0.383956
v -0.005458 0.054968 0.386038
v -0.002365 0.062191 0.386081
v 0.001834 0.021106 0.357745
v -0.002396 0.018557 0.362845
v -0.002359 0.018393 0.355561
v 0.000688 0.021310 0.363058
v 0.001834 0.021106 0.357745
v -0.002323 0.023916 0.352120
v 0.000726 0.025386 0.355277
v -0.002359 0.018393 0.355561
v -0.006553 0.021367 0.357220
v -0.002323 0.023916 0.352120
v -0.002359 0.018393 0.355561
v -0.005395 0.025587 0.354893
v -0.006553 0.021367 0.357220
v -0.002396 0.018557 0.362845
v -0.005458 0.021508 0.362677
v -0.002359 0.018393 0.355561
v -0.039761 -0.001255 0.335944
v -0.043411 -0.006121 0.323772
v -0.041812 0.003192 0.328565
v -0.041818 -0.013138 0.326445
v -0.039761 -0.001255 0.335944
v -0.043411 -0.014735 0.333292
v -0.041818 -0.013138 0.326445
v -0.041812 -0.006527 0.342758
v -0.039838 0.011140 0.345251
v -0.041812 -0.006527 0.342758
v -0.039761 -0.001255 0.335944
v -0.041863 0.007670 0.353391
v -0.039838 0.011140 0.345251
v -0.039761 -0.001255 0.335944
v -0.041863 0.013746 0.336787
v -0.041812 0.003192 0.328565
v -0.001258 0.095832 0.370853
v -0.042546 0.086438 0.368230
v -0.041094 0.081966 0.376478
v -0.001259 0.091040 0.379098
v -0.001258 0.095832 0.370853
v -0.041094 0.086887 0.358858
v -0.042546 0.086438 0.368230
v -0.001259 0.096005 0.361319
v 0.038575 0.086692 0.358803
v -0.001258 0.095832 0.370853
v 0.040029 0.086236 0.368174
v -0.001259 0.096005 0.361319
v 0.040029 0.086236 0.368174
v -0.001258 0.095832 0.370853
v 0.038575 0.081771 0.376424
v -0.001259 0.091040 0.379098
v 0.037558 0.017282 0.348915
v 0.037309 0.010996 0.345200
v 0.039333 0.007519 0.353337
v 0.039505 0.014567 0.357440
v 0.037309 0.010996 0.345200
v 0.039505 0.019378 0.340217
v 0.039333 0.013595 0.336733
v 0.037558 0.017282 0.348915
v 0.037558 0.017282 0.348915
v 0.039749 0.029364 0.342994
v 0.039505 0.019378 0.340217
v 0.037866 0.026811 0.351577
v 0.039749 0.024547 0.360241
v 0.037558 0.017282 0.348915
v 0.039505 0.014567 0.357440
v 0.037866 0.026811 0.351577
v -0.030931 0.070347 0.363736
v -0.042559 0.047737 0.367059
v -0.040660 0.049123 0.357808
v -0.032383 0.069764 0.373588
v -0.042559 0.052731 0.349178
v -0.030931 0.070347 0.363736
v -0.040660 0.049123 0.357808
v -0.032383 0.074953 0.355007
v -0.040660 0.049123 0.357808
v -0.042280 0.029615 0.343061
v -0.042559 0.052731 0.349178
v -0.040398 0.027048 0.351643
v -0.040660 0.049123 0.357808
v -0.042280 0.024796 0.360313
v -0.040398 0.027048 0.351643
v -0.042559 0.047737 0.367059
v -0.047970 -0.007738 0.319347
v -0.054115 0.000682 0.326926
v -0.047963 0.003551 0.325390
v -0.052525 -0.007798 0.322292
v -0.047963 0.003551 0.325390
v -0.043411 -0.006121 0.323772
v -0.047970 -0.007738 0.319347
v -0.041812 0.003192 0.328565
v -0.047963 0.003551 0.325390
v -0.041863 0.013746 0.336787
v -0.041812 0.003192 0.328565
v -0.047937 0.013444 0.333587
v -0.054011 0.011126 0.335894
v -0.047937 0.013444 0.333587
v -0.047963 0.003551 0.325390
v -0.054115 0.000682 0.326926
v 0.038575 0.081771 0.376424
v 0.053329 0.057698 0.360203
v 0.040029 0.086236 0.368174
v 0.051429 0.054204 0.368469
v 0.053329 0.057698 0.360203
v 0.051429 0.058993 0.351323
v 0.038575 0.086692 0.358803
v 0.040029 0.086236 0.368174
v 0.051429 0.058993 0.351323
v 0.052935 0.027970 0.351900
v 0.051051 0.030168 0.343471
v 0.053329 0.057698 0.360203
v 0.052935 0.027970 0.351900
v 0.051429 0.054204 0.368469
v 0.051051 0.025482 0.360249
v 0.053329 0.057698 0.360203
v -0.055661 0.015083 0.348301
v -0.056036 0.007684 0.343952
v -0.054011 0.005107 0.352334
v -0.053715 0.013017 0.356856
v -0.053715 0.017749 0.339914
v -0.056036 0.007684 0.343952
v -0.055661 0.015083 0.348301
v -0.054011 0.011126 0.335894
v -0.053715 0.017749 0.339914
v -0.055461 0.028306 0.351994
v -0.053578 0.030492 0.343560
v -0.055661 0.015083 0.348301
v -0.053715 0.013017 0.356856
v -0.055461 0.028306 0.351994
v -0.055661 0.015083 0.348301
v -0.053578 0.025805 0.360340
v 0.028403 0.070197 0.363694
v -0.001263 0.077041 0.375745
v -0.001263 0.077359 0.365694
v 0.029856 0.069607 0.373543
v 0.028403 0.070197 0.363694
v -0.001263 0.082295 0.356933
v 0.029856 0.074796 0.354965
v -0.001263 0.077359 0.365694
v -0.001263 0.082295 0.356933
v -0.030931 0.070347 0.363736
v -0.032383 0.074953 0.355007
v -0.001263 0.077359 0.365694
v -0.030931 0.070347 0.363736
v -0.001263 0.077041 0.375745
v -0.032383 0.069764 0.373588
v -0.001263 0.077359 0.365694
v 0.039749 0.029364 0.342994
v 0.045346 0.019223 0.337182
v 0.039505 0.019378 0.340217
v 0.045400 0.030558 0.340397
v 0.045346 0.019223 0.337182
v 0.045407 0.013272 0.333526
v 0.039333 0.013595 0.336733
v 0.039505 0.019378 0.340217
v 0.045407 0.013272 0.333526
v 0.051187 0.017479 0.339840
v 0.051481 0.010933 0.335826
v 0.045346 0.019223 0.337182
v 0.045346 0.019223 0.337182
v 0.051051 0.030168 0.343471
v 0.051187 0.017479 0.339840
v 0.045400 0.030558 0.340397
v -0.036738 0.081763 0.353916
v -0.001261 0.090002 0.356077
v -0.032383 0.074953 0.355007
v -0.001263 0.082295 0.356933
v -0.001261 0.090002 0.356077
v 0.029856 0.074796 0.354965
v -0.001263 0.082295 0.356933
v 0.034216 0.081586 0.353867
v 0.034216 0.081586 0.353867
v -0.001259 0.096005 0.361319
v 0.038575 0.086692 0.358803
v -0.001261 0.090002 0.356077
v -0.036738 0.081763 0.353916
v -0.001259 0.096005 0.361319
v -0.001261 0.090002 0.356077
v -0.041094 0.086887 0.358858
v -0.047929 0.030845 0.340474
v -0.042559 0.052731 0.349178
v -0.042280 0.029615 0.343061
v -0.048256 0.056828 0.347373
v -0.048256 0.056828 0.347373
v -0.036738 0.081763 0.353916
v -0.032383 0.074953 0.355007
v -0.042559 0.052731 0.349178
v -0.036738 0.081763 0.353916
v -0.053953 0.059294 0.351406
v -0.041094 0.086887 0.358858
v -0.048256 0.056828 0.347373
v -0.048256 0.056828 0.347373
v -0.047929 0.030845 0.340474
v -0.053578 0.030492 0.343560
v -0.053953 0.059294 0.351406
v 0.045407 0.005209 0.355555
v 0.051187 0.012748 0.356780
v 0.045346 0.012863 0.359957
v 0.051481 0.004914 0.352265
v 0.045346 0.012863 0.359957
v 0.039333 0.007519 0.353337
v 0.045407 0.005209 0.355555
v 0.039505 0.014567 0.357440
v 0.039505 0.014567 0.357440
v 0.045400 0.024223 0.363080
v 0.039749 0.024547 0.360241
v 0.045346 0.012863 0.359957
v 0.051187 0.012748 0.356780
v 0.045400 0.024223 0.363080
v 0.045346 0.012863 0.359957
v 0.051051 0.025482 0.360249
v 0.034216 0.074846 0.378000
v -0.001259 0.091040 0.379098
v -0.001261 0.083189 0.380471
v 0.038575 0.081771 0.376424
v 0.034216 0.074846 0.378000
v -0.001261 0.083189 0.380471
v 0.029856 0.069607 0.373543
v -0.001263 0.077041 0.375745
v -0.001261 0.083189 0.380471
v -0.032383 0.069764 0.373588
v -0.001263 0.077041 0.375745
v -0.036738 0.075022 0.378050
v -0.036738 0.075022 0.378050
v -0.001259 0.091040 0.379098
v -0.041094 0.081966 0.376478
v -0.001261 0.083189 0.380471
v -0.053953 0.054505 0.368554
v -0.036738 0.075022 0.378050
v -0.041094 0.081966 0.376478
v -0.048256 0.050306 0.370726
v -0.048256 0.050306 0.370726
v -0.032383 0.069764 0.373588
v -0.036738 0.075022 0.378050
v -0.042559 0.047737 0.367059
v -0.047929 0.024509 0.363162
v -0.042559 0.047737 0.367059
v -0.048256 0.050306 0.370726
v -0.042280 0.024796 0.360313
v -0.048256 0.050306 0.370726
v -0.053578 0.025805 0.360340
v -0.047929 0.024509 0.363162
v -0.053953 0.054505 0.368554
v 0.486270 -0.179642 -0.009459
v 0.500611 -0.165477 -0.006170
v 0.488382 -0.180900 -0.006225
v 0.498357 -0.164471 -0.009276
v 0.487453 -0.179330 -0.002993
v 0.500611 -0.165477 -0.006170
v 0.498496 -0.165163 -0.003066
v 0.488382 -0.180900 -0.006225
v 0.479910 -0.184168 -0.003821
v 0.488382 -0.180900 -0.006225
v 0.487453 -0.179330 -0.002993
v 0.477636 -0.188243 -0.006327
v 0.488382 -0.180900 -0.006225
v 0.478786 -0.184371 -0.008785
v 0.486270 -0.179642 -0.009459
v 0.477636 -0.188243 -0.006327
v 0.471904 -0.175686 -0.006344
v 0.478244 -0.170815 -0.002979
v 0.476216 -0.169587 -0.006233
v 0.474621 -0.176060 -0.003822
v 0.485232 -0.161205 -0.003079
v 0.476216 -0.169587 -0.006233
v 0.478244 -0.170815 -0.002979
v 0.483138 -0.160200 -0.006180
v 0.485412 -0.160514 -0.009278
v 0.477229 -0.171188 -0.009485
v 0.476216 -0.169587 -0.006233
v 0.483138 -0.160200 -0.006180
v 0.471904 -0.175686 -0.006344
v 0.477229 -0.171188 -0.009485
v 0.473572 -0.176290 -0.008803
v 0.476216 -0.169587 -0.006233
v 0.501551 -0.140846 -0.010625
v 0.498357 -0.164471 -0.009276
v 0.491888 -0.162377 -0.010311
v 0.508598 -0.142846 -0.009545
v 0.493992 -0.140196 -0.009540
v 0.491888 -0.162377 -0.010311
v 0.485412 -0.160514 -0.009278
v 0.501551 -0.140846 -0.010625
v 0.501551 -0.140846 -0.010625
v 0.493992 -0.140196 -0.009540
v 0.500568 -0.121361 -0.000997
v 0.508544 -0.121555 -0.001858
v 0.508544 -0.121555 -0.001858
v 0.508598 -0.142846 -0.009545
v 0.501551 -0.140846 -0.010625
v 0.515577 -0.124227 -0.001000
v 0.491861 -0.163300 -0.002038
v 0.487453 -0.179330 -0.002993
v 0.498496 -0.165163 -0.003066
v 0.483032 -0.175015 -0.001905
v 0.483032 -0.175015 -0.001905
v 0.485232 -0.161205 -0.003079
v 0.478244 -0.170815 -0.002979
v 0.491861 -0.163300 -0.002038
v 0.483032 -0.175015 -0.001905
v 0.478244 -0.170815 -0.002979
v 0.474621 -0.176060 -0.003822
v 0.475627 -0.181836 -0.002904
v 0.479910 -0.184168 -0.003821
v 0.483032 -0.175015 -0.001905
v 0.475627 -0.181836 -0.002904
v 0.487453 -0.179330 -0.002993
v 0.509579 -0.147503 0.057466
v 0.496984 -0.168164 0.060487
v 0.499345 -0.168730 0.057342
v 0.507667 -0.145375 0.060769
v 0.499345 -0.168730 0.057342
v 0.506561 -0.148773 0.054177
v 0.509579 -0.147503 0.057466
v 0.497376 -0.167985 0.054199
v 0.509579 -0.147503 0.057466
v 0.512883 -0.132102 0.047015
v 0.516655 -0.128980 0.049620
v 0.506561 -0.148773 0.054177
v 0.507667 -0.145375 0.060769
v 0.516655 -0.128980 0.049620
v 0.515314 -0.124942 0.052244
v 0.509579 -0.147503 0.057466
v 0.489861 -0.144072 0.057524
v 0.496204 -0.125316 0.049700
v 0.497205 -0.129468 0.047138
v 0.491549 -0.146265 0.054270
v 0.482030 -0.163489 0.057352
v 0.491549 -0.146265 0.054270
v 0.484288 -0.164064 0.054212
v 0.489861 -0.144072 0.057524
v 0.489861 -0.144072 0.057524
v 0.482030 -0.163489 0.057352
v 0.484101 -0.164224 0.060490
v 0.493103 -0.142737 0.060764
v 0.496204 -0.125316 0.049700
v 0.493103 -0.142737 0.060764
v 0.500316 -0.122079 0.052241
v 0.489861 -0.144072 0.057524
v 0.490494 -0.166222 0.061535
v 0.485308 -0.182096 0.060684
v 0.496984 -0.168164 0.060487
v 0.480589 -0.178028 0.061788
v 0.480589 -0.178028 0.061788
v 0.484101 -0.164224 0.060490
v 0.476308 -0.173655 0.060711
v 0.490494 -0.166222 0.061535
v 0.480589 -0.178028 0.061788
v 0.476308 -0.173655 0.060711
v 0.473096 -0.177394 0.060045
v 0.473578 -0.182744 0.061017
v 0.480589 -0.178028 0.061788
v 0.478292 -0.185470 0.060026
v 0.485308 -0.182096 0.060684
v 0.473578 -0.182744 0.061017
v 0.498833 -0.148097 0.053133
v 0.497376 -0.167985 0.054199
v 0.490881 -0.165996 0.053158
v 0.506561 -0.148773 0.054177
v 0.491549 -0.146265 0.054270
v 0.490881 -0.165996 0.053158
v 0.484288 -0.164064 0.054212
v 0.498833 -0.148097 0.053133
v 0.498833 -0.148097 0.053133
v 0.491549 -0.146265 0.054270
v 0.497205 -0.129468 0.047138
v 0.504582 -0.131997 0.046216
v 0.504582 -0.131997 0.046216
v 0.506561 -0.148773 0.054177
v 0.498833 -0.148097 0.053133
v 0.512883 -0.132102 0.047015
v 0.499756 -0.155294 0.024853
v 0.496132 -0.161580 0.024850
v 0.498769 -0.160624 0.027935
v 0.501384 -0.156007 0.028937
v 0.508021 -0.148568 0.028829
v 0.499756 -0.155294 0.024853
v 0.501384 -0.156007 0.028937
v 0.506485 -0.147783 0.024845
v 0.499756 -0.155294 0.024853
v 0.507616 -0.148366 0.020844
v 0.500962 -0.155821 0.020749
v 0.506485 -0.147783 0.024845
v 0.499756 -0.155294 0.024853
v 0.498449 -0.160493 0.021741
v 0.496132 -0.161580 0.024850
v 0.500962 -0.155821 0.020749
v 0.505705 -0.157899 0.030290
v 0.500830 -0.163407 0.029057
v 0.505268 -0.163275 0.027897
v 0.509885 -0.159729 0.028905
v 0.512086 -0.150655 0.030153
v 0.509885 -0.159729 0.028905
v 0.516017 -0.152673 0.028806
v 0.505705 -0.157899 0.030290
v 0.505705 -0.157899 0.030290
v 0.512086 -0.150655 0.030153
v 0.508021 -0.148568 0.028829
v 0.501384 -0.156007 0.028937
v 0.505705 -0.157899 0.030290
v 0.501384 -0.156007 0.028937
v 0.498769 -0.160624 0.027935
v 0.500830 -0.163407 0.029057
v 0.505144 -0.157653 0.019335
v 0.498449 -0.160493 0.021741
v 0.500962 -0.155821 0.020749
v 0.500392 -0.163238 0.020569
v 0.511554 -0.150381 0.019470
v 0.505144 -0.157653 0.019335
v 0.507616 -0.148366 0.020844
v 0.500962 -0.155821 0.020749
v 0.511554 -0.150381 0.019470
v 0.509467 -0.159546 0.020660
v 0.505144 -0.157653 0.019335
v 0.515624 -0.152465 0.020767
v 0.505144 -0.157653 0.019335
v 0.504950 -0.163146 0.021678
v 0.500392 -0.163238 0.020569
v 0.509467 -0.159546 0.020660
v 0.509467 -0.159546 0.020660
v 0.505090 -0.165065 0.024776
v 0.504950 -0.163146 0.021678
v 0.511093 -0.160258 0.024772
v 0.509467 -0.159546 0.020660
v 0.517154 -0.153253 0.024778
v 0.511093 -0.160258 0.024772
v 0.515624 -0.152465 0.020767
v 0.509885 -0.159729 0.028905
v 0.517154 -0.153253 0.024778
v 0.516017 -0.152673 0.028806
v 0.511093 -0.160258 0.024772
v 0.509885 -0.159729 0.028905
v 0.505090 -0.165065 0.024776
v 0.511093 -0.160258 0.024772
v 0.505268 -0.163275 0.027897
v 0.523411 -0.146551 0.024771
v 0.517154 -0.153253 0.024778
v 0.515624 -0.152465 0.020767
v 0.521910 -0.145683 0.020664
v 0.523411 -0.146551 0.024771
v 0.521910 -0.145683 0.020664
v 0.524462 -0.141387 0.021678
v 0.526860 -0.140811 0.024773
v 0.523411 -0.146551 0.024771
v 0.524745 -0.141560 0.027891
v 0.522292 -0.145912 0.028897
v 0.526860 -0.140811 0.024773
v 0.523411 -0.146551 0.024771
v 0.516017 -0.152673 0.028806
v 0.517154 -0.153253 0.024778
v 0.522292 -0.145912 0.028897
v 0.514041 -0.141164 0.020741
v 0.511554 -0.150381 0.019470
v 0.507616 -0.148366 0.020844
v 0.517911 -0.143386 0.019334
v 0.522723 -0.138284 0.020566
v 0.517911 -0.143386 0.019334
v 0.518622 -0.137907 0.021735
v 0.514041 -0.141164 0.020741
v 0.517911 -0.143386 0.019334
v 0.522723 -0.138284 0.020566
v 0.524462 -0.141387 0.021678
v 0.521910 -0.145683 0.020664
v 0.517911 -0.143386 0.019334
v 0.515624 -0.152465 0.020767
v 0.511554 -0.150381 0.019470
v 0.521910 -0.145683 0.020664
v 0.516017 -0.152673 0.028806
v 0.518429 -0.143685 0.030286
v 0.512086 -0.150655 0.030153
v 0.522292 -0.145912 0.028897
v 0.518429 -0.143685 0.030286
v 0.524745 -0.141560 0.027891
v 0.523108 -0.138519 0.029051
v 0.522292 -0.145912 0.028897
v 0.518429 -0.143685 0.030286
v 0.523108 -0.138519 0.029051
v 0.518912 -0.138076 0.027932
v 0.514436 -0.141382 0.028938
v 0.514436 -0.141382 0.028938
v 0.512086 -0.150655 0.030153
v 0.518429 -0.143685 0.030286
v 0.508021 -0.148568 0.028829
v 0.506485 -0.147783 0.024845
v 0.514436 -0.141382 0.028938
v 0.512928 -0.140519 0.024849
v 0.508021 -0.148568 0.028829
v 0.518970 -0.135992 0.024844
v 0.514436 -0.141382 0.028938
v 0.518912 -0.138076 0.027932
v 0.512928 -0.140519 0.024849
v 0.518622 -0.137907 0.021735
v 0.512928 -0.140519 0.024849
v 0.518970 -0.135992 0.024844
v 0.514041 -0.141164 0.020741
v 0.506485 -0.147783 0.024845
v 0.514041 -0.141164 0.020741
v 0.507616 -0.148366 0.020844
v 0.512928 -0.140519 0.024849
v 0.522723 -0.138284 0.020566
v 0.518970 -0.135992 0.024844
v 0.524497 -0.136690 0.024808
v 0.518622 -0.137907 0.021735
v 0.523108 -0.138519 0.029051
v 0.518970 -0.135992 0.024844
v 0.518912 -0.138076 0.027932
v 0.524497 -0.136690 0.024808
v 0.526860 -0.140811 0.024773
v 0.523108 -0.138519 0.029051
v 0.524745 -0.141560 0.027891
v 0.524497 -0.136690 0.024808
v 0.526860 -0.140811 0.024773
v 0.522723 -0.138284 0.020566
v 0.524497 -0.136690 0.024808
v 0.524462 -0.141387 0.021678
v 0.505090 -0.165065 0.024776
v 0.500830 -0.163407 0.029057
v 0.499006 -0.165171 0.024813
v 0.505268 -0.163275 0.027897
v 0.500830 -0.163407 0.029057
v 0.496132 -0.161580 0.024850
v 0.499006 -0.165171 0.024813
v 0.498769 -0.160624 0.027935
v 0.500392 -0.163238 0.020569
v 0.496132 -0.161580 0.024850
v 0.498449 -0.160493 0.021741
v 0.499006 -0.165171 0.024813
v 0.505090 -0.165065 0.024776
v 0.500392 -0.163238 0.020569
v 0.504950 -0.163146 0.021678
v 0.499006 -0.165171 0.024813
v 0.475627 -0.181836 -0.002904
v 0.477636 -0.188243 -0.006327
v 0.479910 -0.184168 -0.003821
v 0.472261 -0.184205 -0.006371
v 0.475627 -0.181836 -0.002904
v 0.471904 -0.175686 -0.006344
v 0.472261 -0.184205 -0.006371
v 0.474621 -0.176060 -0.003822
v 0.473914 -0.182094 -0.009767
v 0.471904 -0.175686 -0.006344
v 0.473572 -0.176290 -0.008803
v 0.472261 -0.184205 -0.006371
v 0.478786 -0.184371 -0.008785
v 0.472261 -0.184205 -0.006371
v 0.473914 -0.182094 -0.009767
v 0.477636 -0.188243 -0.006327
v 0.510854 -0.115181 0.025625
v 0.517883 -0.118075 0.025625
v 0.515577 -0.124227 -0.001000
v 0.508544 -0.121555 -0.001858
v 0.508544 -0.121555 -0.001858
v 0.502740 -0.115138 0.025625
v 0.510854 -0.115181 0.025625
v 0.500568 -0.121361 -0.000997
v 0.508277 -0.122298 0.053103
v 0.502740 -0.115138 0.025625
v 0.500316 -0.122079 0.052241
v 0.510854 -0.115181 0.025625
v 0.510854 -0.115181 0.025625
v 0.508277 -0.122298 0.053103
v 0.515314 -0.124942 0.052244
v 0.517883 -0.118075 0.025625
v 0.479499 -0.185011 0.055038
v 0.482339 -0.176808 0.053069
v 0.486666 -0.181207 0.054165
v 0.475372 -0.182294 0.054134
v 0.482339 -0.176808 0.053069
v 0.474262 -0.176911 0.055040
v 0.477574 -0.172713 0.054152
v 0.475372 -0.182294 0.054134
v 0.490881 -0.165996 0.053158
v 0.482339 -0.176808 0.053069
v 0.484288 -0.164064 0.054212
v 0.477574 -0.172713 0.054152
v 0.490881 -0.165996 0.053158
v 0.486666 -0.181207 0.054165
v 0.482339 -0.176808 0.053069
v 0.497376 -0.167985 0.054199
v 0.507319 -0.146838 -0.003003
v 0.504772 -0.131470 0.005020
v 0.499497 -0.146246 -0.001966
v 0.513097 -0.131551 0.004221
v 0.499497 -0.146246 -0.001966
v 0.497391 -0.128911 0.004099
v 0.492190 -0.144304 -0.003095
v 0.504772 -0.131470 0.005020
v 0.491861 -0.163300 -0.002038
v 0.492190 -0.144304 -0.003095
v 0.485232 -0.161205 -0.003079
v 0.499497 -0.146246 -0.001966
v 0.499497 -0.146246 -0.001966
v 0.491861 -0.163300 -0.002038
v 0.498496 -0.165163 -0.003066
v 0.507319 -0.146838 -0.003003
v 0.472145 -0.184219 0.057624
v 0.478292 -0.185470 0.060026
v 0.473578 -0.182744 0.061017
v 0.477328 -0.188795 0.057566
v 0.472145 -0.184219 0.057624
v 0.473578 -0.182744 0.061017
v 0.473096 -0.177394 0.060045
v 0.471622 -0.176243 0.057585
v 0.475372 -0.182294 0.054134
v 0.471622 -0.176243 0.057585
v 0.474262 -0.176911 0.055040
v 0.472145 -0.184219 0.057624
v 0.475372 -0.182294 0.054134
v 0.477328 -0.188795 0.057566
v 0.472145 -0.184219 0.057624
v 0.479499 -0.185011 0.055038
v 0.507667 -0.145375 0.060769
v 0.508277 -0.122298 0.053103
v 0.500607 -0.143479 0.061857
v 0.515314 -0.124942 0.052244
v 0.500607 -0.143479 0.061857
v 0.500316 -0.122079 0.052241
v 0.493103 -0.142737 0.060764
v 0.508277 -0.122298 0.053103
v 0.490494 -0.166222 0.061535
v 0.493103 -0.142737 0.060764
v 0.484101 -0.164224 0.060490
v 0.500607 -0.143479 0.061857
v 0.500607 -0.143479 0.061857
v 0.490494 -0.166222 0.061535
v 0.496984 -0.168164 0.060487
v 0.507667 -0.145375 0.060769
v 0.478786 -0.184371 -0.008785
v 0.481566 -0.175472 -0.010553
v 0.486270 -0.179642 -0.009459
v 0.473914 -0.182094 -0.009767
v 0.481566 -0.175472 -0.010553
v 0.473572 -0.176290 -0.008803
v 0.477229 -0.171188 -0.009485
v 0.473914 -0.182094 -0.009767
v 0.491888 -0.162377 -0.010311
v 0.481566 -0.175472 -0.010553
v 0.485412 -0.160514 -0.009278
v 0.477229 -0.171188 -0.009485
v 0.491888 -0.162377 -0.010311
v 0.486270 -0.179642 -0.009459
v 0.481566 -0.175472 -0.010553
v 0.498357 -0.164471 -0.009276
v 0.506515 -0.126588 0.025629
v 0.515007 -0.126500 0.025628
v 0.512883 -0.132102 0.047015
v 0.504582 -0.131997 0.046216
v 0.504582 -0.131997 0.046216
v 0.499107 -0.123824 0.025629
v 0.506515 -0.126588 0.025629
v 0.497205 -0.129468 0.047138
v 0.504772 -0.131470 0.005020
v 0.499107 -0.123824 0.025629
v 0.497391 -0.128911 0.004099
v 0.506515 -0.126588 0.025629
v 0.506515 -0.126588 0.025629
v 0.504772 -0.131470 0.005020
v 0.513097 -0.131551 0.004221
v 0.515007 -0.126500 0.025628
v 0.475434 -0.171773 0.057433
v 0.484288 -0.164064 0.054212
v 0.477574 -0.172713 0.054152
v 0.482030 -0.163489 0.057352
v 0.475434 -0.171773 0.057433
v 0.474262 -0.176911 0.055040
v 0.471622 -0.176243 0.057585
v 0.477574 -0.172713 0.054152
v 0.471622 -0.176243 0.057585
v 0.476308 -0.173655 0.060711
v 0.475434 -0.171773 0.057433
v 0.473096 -0.177394 0.060045
v 0.484101 -0.164224 0.060490
v 0.475434 -0.171773 0.057433
v 0.476308 -0.173655 0.060711
v 0.482030 -0.163489 0.057352
v 0.498337 -0.119014 0.025627
v 0.497391 -0.128911 0.004099
v 0.499107 -0.123824 0.025629
v 0.496419 -0.124677 0.001541
v 0.496204 -0.125316 0.049700
v 0.498337 -0.119014 0.025627
v 0.497205 -0.129468 0.047138
v 0.499107 -0.123824 0.025629
v 0.496204 -0.125316 0.049700
v 0.502740 -0.115138 0.025625
v 0.498337 -0.119014 0.025627
v 0.500316 -0.122079 0.052241
v 0.502740 -0.115138 0.025625
v 0.496419 -0.124677 0.001541
v 0.498337 -0.119014 0.025627
v 0.500568 -0.121361 -0.000997
v 0.483138 -0.160200 -0.006180
v 0.492190 -0.144304 -0.003095
v 0.490613 -0.141818 -0.006325
v 0.485232 -0.161205 -0.003079
v 0.490613 -0.141818 -0.006325
v 0.497391 -0.128911 0.004099
v 0.496419 -0.124677 0.001541
v 0.492190 -0.144304 -0.003095
v 0.493992 -0.140196 -0.009540
v 0.496419 -0.124677 0.001541
v 0.500568 -0.121361 -0.000997
v 0.490613 -0.141818 -0.006325
v 0.490613 -0.141818 -0.006325
v 0.485412 -0.160514 -0.009278
v 0.483138 -0.160200 -0.006180
v 0.493992 -0.140196 -0.009540
v 0.485308 -0.182096 0.060684
v 0.477328 -0.188795 0.057566
v 0.487494 -0.183063 0.057423
v 0.478292 -0.185470 0.060026
v 0.487494 -0.183063 0.057423
v 0.477328 -0.188795 0.057566
v 0.479499 -0.185011 0.055038
v 0.486666 -0.181207 0.054165
v 0.486666 -0.181207 0.054165
v 0.499345 -0.168730 0.057342
v 0.487494 -0.183063 0.057423
v 0.497376 -0.167985 0.054199
v 0.485308 -0.182096 0.060684
v 0.499345 -0.168730 0.057342
v 0.496984 -0.168164 0.060487
v 0.487494 -0.183063 0.057423
v 0.516655 -0.128980 0.049620
v 0.517883 -0.118075 0.025625
v 0.515314 -0.124942 0.052244
v 0.519032 -0.122755 0.025627
v 0.512883 -0.132102 0.047015
v 0.519032 -0.122755 0.025627
v 0.516655 -0.128980 0.049620
v 0.515007 -0.126500 0.025628
v 0.516897 -0.128347 0.001621
v 0.519032 -0.122755 0.025627
v 0.513097 -0.131551 0.004221
v 0.515007 -0.126500 0.025628
v 0.516897 -0.128347 0.001621
v 0.517883 -0.118075 0.025625
v 0.519032 -0.122755 0.025627
v 0.515577 -0.124227 -0.001000
v 0.516897 -0.128347 0.001621
v 0.508598 -0.142846 -0.009545
v 0.515577 -0.124227 -0.001000
v 0.510436 -0.145274 -0.006267
v 0.510436 -0.145274 -0.006267
v 0.516897 -0.128347 0.001621
v 0.513097 -0.131551 0.004221
v 0.507319 -0.146838 -0.003003
v 0.500611 -0.165477 -0.006170
v 0.507319 -0.146838 -0.003003
v 0.498496 -0.165163 -0.003066
v 0.510436 -0.145274 -0.006267
v 0.510436 -0.145274 -0.006267
v 0.500611 -0.165477 -0.006170
v 0.498357 -0.164471 -0.009276
v 0.508598 -0.142846 -0.009545
v -0.486270 -0.179642 -0.009459
v -0.500611 -0.165477 -0.006170
v -0.498357 -0.164471 -0.009276
v -0.488382 -0.180900 -0.006225
v -0.487453 -0.179330 -0.002993
v -0.500611 -0.165477 -0.006170
v -0.488382 -0.180900 -0.006225
v -0.498496 -0.165163 -0.003066
v -0.488382 -0.180900 -0.006225
v -0.479910 -0.184168 -0.003821
v -0.487453 -0.179330 -0.002993
v -0.477636 -0.188243 -0.006327
v -0.478786 -0.184371 -0.008785
v -0.488382 -0.180900 -0.006225
v -0.486270 -0.179642 -0.009459
v -0.477636 -0.188243 -0.006327
v -0.471904 -0.175686 -0.006344
v -0.478244 -0.170815 -0.002979
v -0.474621 -0.176060 -0.003822
v -0.476216 -0.169587 -0.006233
v -0.485232 -0.161205 -0.003079
v -0.478244 -0.170815 -0.002979
v -0.476216 -0.169587 -0.006233
v -0.483138 -0.160200 -0.006180
v -0.485412 -0.160514 -0.009278
v -0.476216 -0.169587 -0.006233
v -0.477229 -0.171188 -0.009485
v -0.483138 -0.160200 -0.006180
v -0.471904 -0.175686 -0.006344
v -0.477229 -0.171188 -0.009485
v -0.476216 -0.169587 -0.006233
v -0.473572 -0.176290 -0.008803
v -0.501551 -0.140846 -0.010625
v -0.491888 -0.162377 -0.010311
v -0.498357 -0.164471 -0.009276
v -0.508598 -0.142846 -0.009545
v -0.491888 -0.162377 -0.010311
v -0.493992 -0.140196 -0.009540
v -0.485412 -0.160514 -0.009278
v -0.501551 -0.140846 -0.010625
v -0.501551 -0.140846 -0.010625
v -0.500568 -0.121361 -0.000997
v -0.493992 -0.140196 -0.009540
v -0.508544 -0.121555 -0.001858
v -0.508598 -0.142846 -0.009545
v -0.508544 -0.121555 -0.001858
v -0.501551 -0.140846 -0.010625
v -0.515577 -0.124227 -0.001000
v -0.491861 -0.163300 -0.002038
v -0.487453 -0.179330 -0.002993
v -0.483032 -0.175015 -0.001905
v -0.498496 -0.165163 -0.003066
v -0.491861 -0.163300 -0.002038
v -0.483032 -0.175015 -0.001905
v -0.485232 -0.161205 -0.003079
v -0.478244 -0.170815 -0.002979
v -0.483032 -0.175015 -0.001905
v -0.474621 -0.176060 -0.003822
v -0.478244 -0.170815 -0.002979
v -0.475627 -0.181836 -0.002904
v -0.479910 -0.184168 -0.003821
v -0.483032 -0.175015 -0.001905
v -0.487453 -0.179330 -0.002993
v -0.475627 -0.181836 -0.002904
v -0.509579 -0.147503 0.057466
v -0.499345 -0.168730 0.057342
v -0.496984 -0.168164 0.060487
v -0.507667 -0.145375 0.060769
v -0.499345 -0.168730 0.057342
v -0.506561 -0.148773 0.054177
v -0.497376 -0.167985 0.054199
v -0.509579 -0.147503 0.057466
v -0.509579 -0.147503 0.057466
v -0.516655 -0.128980 0.049620
v -0.512883 -0.132102 0.047015
v -0.506561 -0.148773 0.054177
v -0.516655 -0.128980 0.049620
v -0.507667 -0.145375 0.060769
v -0.515314 -0.124942 0.052244
v -0.509579 -0.147503 0.057466
v -0.489861 -0.144072 0.057524
v -0.497205 -0.129468 0.047138
v -0.496204 -0.125316 0.049700
v -0.491549 -0.146265 0.054270
v -0.482030 -0.163489 0.057352
v -0.491549 -0.146265 0.054270
v -0.489861 -0.144072 0.057524
v -0.484288 -0.164064 0.054212
v -0.489861 -0.144072 0.057524
v -0.484101 -0.164224 0.060490
v -0.482030 -0.163489 0.057352
v -0.493103 -0.142737 0.060764
v -0.493103 -0.142737 0.060764
v -0.496204 -0.125316 0.049700
v -0.500316 -0.122079 0.052241
v -0.489861 -0.144072 0.057524
v -0.490494 -0.166222 0.061535
v -0.485308 -0.182096 0.060684
v -0.480589 -0.178028 0.061788
v -0.496984 -0.168164 0.060487
v -0.490494 -0.166222 0.061535
v -0.480589 -0.178028 0.061788
v -0.484101 -0.164224 0.060490
v -0.476308 -0.173655 0.060711
v -0.480589 -0.178028 0.061788
v -0.473096 -0.177394 0.060045
v -0.476308 -0.173655 0.060711
v -0.473578 -0.182744 0.061017
v -0.478292 -0.185470 0.060026
v -0.480589 -0.178028 0.061788
v -0.485308 -0.182096 0.060684
v -0.473578 -0.182744 0.061017
v -0.498833 -0.148097 0.053133
v -0.490881 -0.165996 0.053158
v -0.497376 -0.167985 0.054199
v -0.506561 -0.148773 0.054177
v -0.490881 -0.165996 0.053158
v -0.491549 -0.146265 0.054270
v -0.484288 -0.164064 0.054212
v -0.498833 -0.148097 0.053133
v -0.498833 -0.148097 0.053133
v -0.497205 -0.129468 0.047138
v -0.491549 -0.146265 0.054270
v -0.504582 -0.131997 0.046216
v -0.506561 -0.148773 0.054177
v -0.504582 -0.131997 0.046216
v -0.498833 -0.148097 0.053133
v -0.512883 -0.132102 0.047015
v -0.499756 -0.155294 0.024853
v -0.498769 -0.160624 0.027935
v -0.496132 -0.161580 0.024850
v -0.501384 -0.156007 0.028937
v -0.499756 -0.155294 0.024853
v -0.508021 -0.148568 0.028829
v -0.501384 -0.156007 0.028937
v -0.506485 -0.147783 0.024845
v -0.507616 -0.148366 0.020844
v -0.499756 -0.155294 0.024853
v -0.500962 -0.155821 0.020749
v -0.506485 -0.147783 0.024845
v -0.499756 -0.155294 0.024853
v -0.496132 -0.161580 0.024850
v -0.498449 -0.160493 0.021741
v -0.500962 -0.155821 0.020749
v -0.505705 -0.157899 0.030290
v -0.505268 -0.163275 0.027897
v -0.500830 -0.163407 0.029057
v -0.509885 -0.159729 0.028905
v -0.512086 -0.150655 0.030153
v -0.509885 -0.159729 0.028905
v -0.505705 -0.157899 0.030290
v -0.516017 -0.152673 0.028806
v -0.512086 -0.150655 0.030153
v -0.505705 -0.157899 0.030290
v -0.508021 -0.148568 0.028829
v -0.501384 -0.156007 0.028937
v -0.505705 -0.157899 0.030290
v -0.498769 -0.160624 0.027935
v -0.501384 -0.156007 0.028937
v -0.500830 -0.163407 0.029057
v -0.505144 -0.157653 0.019335
v -0.500962 -0.155821 0.020749
v -0.498449 -0.160493 0.021741
v -0.500392 -0.163238 0.020569
v -0.505144 -0.157653 0.019335
v -0.507616 -0.148366 0.020844
v -0.500962 -0.155821 0.020749
v -0.511554 -0.150381 0.019470
v -0.511554 -0.150381 0.019470
v -0.509467 -0.159546 0.020660
v -0.515624 -0.152465 0.020767
v -0.505144 -0.157653 0.019335
v -0.505144 -0.157653 0.019335
v -0.500392 -0.163238 0.020569
v -0.504950 -0.163146 0.021678
v -0.509467 -0.159546 0.020660
v -0.505090 -0.165065 0.024776
v -0.509467 -0.159546 0.020660
v -0.504950 -0.163146 0.021678
v -0.511093 -0.160258 0.024772
v -0.509467 -0.159546 0.020660
v -0.517154 -0.153253 0.024778
v -0.515624 -0.152465 0.020767
v -0.511093 -0.160258 0.024772
v -0.509885 -0.159729 0.028905
v -0.517154 -0.153253 0.024778
v -0.511093 -0.160258 0.024772
v -0.516017 -0.152673 0.028806
v -0.505090 -0.165065 0.024776
v -0.509885 -0.159729 0.028905
v -0.511093 -0.160258 0.024772
v -0.505268 -0.163275 0.027897
v -0.523411 -0.146551 0.024771
v -0.515624 -0.152465 0.020767
v -0.517154 -0.153253 0.024778
v -0.521910 -0.145683 0.020664
v -0.523411 -0.146551 0.024771
v -0.524462 -0.141387 0.021678
v -0.521910 -0.145683 0.020664
v -0.526860 -0.140811 0.024773
v -0.523411 -0.146551 0.024771
v -0.522292 -0.145912 0.028897
v -0.524745 -0.141560 0.027891
v -0.526860 -0.140811 0.024773
v -0.523411 -0.146551 0.024771
v -0.517154 -0.153253 0.024778
v -0.516017 -0.152673 0.028806
v -0.522292 -0.145912 0.028897
v -0.514041 -0.141164 0.020741
v -0.511554 -0.150381 0.019470
v -0.517911 -0.143386 0.019334
v -0.507616 -0.148366 0.020844
v -0.517911 -0.143386 0.019334
v -0.522723 -0.138284 0.020566
v -0.518622 -0.137907 0.021735
v -0.514041 -0.141164 0.020741
v -0.517911 -0.143386 0.019334
v -0.524462 -0.141387 0.021678
v -0.522723 -0.138284 0.020566
v -0.521910 -0.145683 0.020664
v -0.515624 -0.152465 0.020767
v -0.521910 -0.145683 0.020664
v -0.517911 -0.143386 0.019334
v -0.511554 -0.150381 0.019470
v -0.518429 -0.143685 0.030286
v -0.516017 -0.152673 0.028806
v -0.512086 -0.150655 0.030153
v -0.522292 -0.145912 0.028897
v -0.518429 -0.143685 0.030286
v -0.523108 -0.138519 0.029051
v -0.524745 -0.141560 0.027891
v -0.522292 -0.145912 0.028897
v -0.523108 -0.138519 0.029051
v -0.518429 -0.143685 0.030286
v -0.518912 -0.138076 0.027932
v -0.514436 -0.141382 0.028938
v -0.514436 -0.141382 0.028938
v -0.512086 -0.150655 0.030153
v -0.508021 -0.148568 0.028829
v -0.518429 -0.143685 0.030286
v -0.506485 -0.147783 0.024845
v -0.514436 -0.141382 0.028938
v -0.508021 -0.148568 0.028829
v -0.512928 -0.140519 0.024849
v -0.514436 -0.141382 0.028938
v -0.518970 -0.135992 0.024844
v -0.518912 -0.138076 0.027932
v -0.512928 -0.140519 0.024849
v -0.518622 -0.137907 0.021735
v -0.512928 -0.140519 0.024849
v -0.514041 -0.141164 0.020741
v -0.518970 -0.135992 0.024844
v -0.506485 -0.147783 0.024845
v -0.514041 -0.141164 0.020741
v -0.512928 -0.140519 0.024849
v -0.507616 -0.148366 0.020844
v -0.518970 -0.135992 0.024844
v -0.522723 -0.138284 0.020566
v -0.524497 -0.136690 0.024808
v -0.518622 -0.137907 0.021735
v -0.518970 -0.135992 0.024844
v -0.523108 -0.138519 0.029051
v -0.518912 -0.138076 0.027932
v -0.524497 -0.136690 0.024808
v -0.526860 -0.140811 0.024773
v -0.523108 -0.138519 0.029051
v -0.524497 -0.136690 0.024808
v -0.524745 -0.141560 0.027891
v -0.526860 -0.140811 0.024773
v -0.522723 -0.138284 0.020566
v -0.524462 -0.141387 0.021678
v -0.524497 -0.136690 0.024808
v -0.500830 -0.163407 0.029057
v -0.505090 -0.165065 0.024776
v -0.499006 -0.165171 0.024813
v -0.505268 -0.163275 0.027897
v -0.500830 -0.163407 0.029057
v -0.496132 -0.161580 0.024850
v -0.498769 -0.160624 0.027935
v -0.499006 -0.165171 0.024813
v -0.500392 -0.163238 0.020569
v -0.496132 -0.161580 0.024850
v -0.499006 -0.165171 0.024813
v -0.498449 -0.160493 0.021741
v -0.500392 -0.163238 0.020569
v -0.505090 -0.165065 0.024776
v -0.504950 -0.163146 0.021678
v -0.499006 -0.165171 0.024813
v -0.475627 -0.181836 -0.002904
v -0.477636 -0.188243 -0.006327
v -0.472261 -0.184205 -0.006371
v -0.479910 -0.184168 -0.003821
v -0.475627 -0.181836 -0.002904
v -0.471904 -0.175686 -0.006344
v -0.474621 -0.176060 -0.003822
v -0.472261 -0.184205 -0.006371
v -0.473914 -0.182094 -0.009767
v -0.471904 -0.175686 -0.006344
v -0.472261 -0.184205 -0.006371
v -0.473572 -0.176290 -0.008803
v -0.472261 -0.184205 -0.006371
v -0.478786 -0.184371 -0.008785
v -0.473914 -0.182094 -0.009767
v -0.477636 -0.188243 -0.006327
v -0.510854 -0.115181 0.025625
v -0.515577 -0.124227 -0.001000
v -0.517883 -0.118075 0.025625
v -0.508544 -0.121555 -0.001858
v -0.502740 -0.115138 0.025625
v -0.508544 -0.121555 -0.001858
v -0.510854 -0.115181 0.025625
v -0.500568 -0.121361 -0.000997
v -0.508277 -0.122298 0.053103
v -0.502740 -0.115138 0.025625
v -0.510854 -0.115181 0.025625
v -0.500316 -0.122079 0.052241
v -0.510854 -0.115181 0.025625
v -0.515314 -0.124942 0.052244
v -0.508277 -0.122298 0.053103
v -0.517883 -0.118075 0.025625
v -0.479499 -0.185011 0.055038
v -0.482339 -0.176808 0.053069
v -0.475372 -0.182294 0.054134
v -0.486666 -0.181207 0.054165
v -0.482339 -0.176808 0.053069
v -0.477574 -0.172713 0.054152
v -0.474262 -0.176911 0.055040
v -0.475372 -0.182294 0.054134
v -0.482339 -0.176808 0.053069
v -0.484288 -0.164064 0.054212
v -0.477574 -0.172713 0.054152
v -0.490881 -0.165996 0.053158
v -0.490881 -0.165996 0.053158
v -0.486666 -0.181207 0.054165
v -0.497376 -0.167985 0.054199
v -0.482339 -0.176808 0.053069
v -0.504772 -0.131470 0.005020
v -0.507319 -0.146838 -0.003003
v -0.499497 -0.146246 -0.001966
v -0.513097 -0.131551 0.004221
v -0.499497 -0.146246 -0.001966
v -0.492190 -0.144304 -0.003095
v -0.497391 -0.128911 0.004099
v -0.504772 -0.131470 0.005020
v -0.492190 -0.144304 -0.003095
v -0.491861 -0.163300 -0.002038
v -0.485232 -0.161205 -0.003079
v -0.499497 -0.146246 -0.001966
v -0.499497 -0.146246 -0.001966
v -0.498496 -0.165163 -0.003066
v -0.491861 -0.163300 -0.002038
v -0.507319 -0.146838 -0.003003
v -0.478292 -0.185470 0.060026
v -0.472145 -0.184219 0.057624
v -0.473578 -0.182744 0.061017
v -0.477328 -0.188795 0.057566
v -0.472145 -0.184219 0.057624
v -0.473096 -0.177394 0.060045
v -0.473578 -0.182744 0.061017
v -0.471622 -0.176243 0.057585
v -0.475372 -0.182294 0.054134
v -0.471622 -0.176243 0.057585
v -0.472145 -0.184219 0.057624
v -0.474262 -0.176911 0.055040
v -0.475372 -0.182294 0.054134
v -0.477328 -0.188795 0.057566
v -0.479499 -0.185011 0.055038
v -0.472145 -0.184219 0.057624
v -0.508277 -0.122298 0.053103
v -0.507667 -0.145375 0.060769
v -0.500607 -0.143479 0.061857
v -0.515314 -0.124942 0.052244
v -0.500607 -0.143479 0.061857
v -0.493103 -0.142737 0.060764
v -0.500316 -0.122079 0.052241
v -0.508277 -0.122298 0.053103
v -0.493103 -0.142737 0.060764
v -0.490494 -0.166222 0.061535
v -0.484101 -0.164224 0.060490
v -0.500607 -0.143479 0.061857
v -0.500607 -0.143479 0.061857
v -0.496984 -0.168164 0.060487
v -0.490494 -0.166222 0.061535
v -0.507667 -0.145375 0.060769
v -0.478786 -0.184371 -0.008785
v -0.481566 -0.175472 -0.010553
v -0.473914 -0.182094 -0.009767
v -0.486270 -0.179642 -0.009459
v -0.481566 -0.175472 -0.010553
v -0.477229 -0.171188 -0.009485
v -0.473572 -0.176290 -0.008803
v -0.473914 -0.182094 -0.009767
v -0.481566 -0.175472 -0.010553
v -0.485412 -0.160514 -0.009278
v -0.477229 -0.171188 -0.009485
v -0.491888 -0.162377 -0.010311
v -0.491888 -0.162377 -0.010311
v -0.486270 -0.179642 -0.009459
v -0.498357 -0.164471 -0.009276
v -0.481566 -0.175472 -0.010553
v -0.506515 -0.126588 0.025629
v -0.512883 -0.132102 0.047015
v -0.515007 -0.126500 0.025628
v -0.504582 -0.131997 0.046216
v -0.499107 -0.123824 0.025629
v -0.504582 -0.131997 0.046216
v -0.506515 -0.126588 0.025629
v -0.497205 -0.129468 0.047138
v -0.504772 -0.131470 0.005020
v -0.499107 -0.123824 0.025629
v -0.506515 -0.126588 0.025629
v -0.497391 -0.128911 0.004099
v -0.506515 -0.126588 0.025629
v -0.513097 -0.131551 0.004221
v -0.504772 -0.131470 0.005020
v -0.515007 -0.126500 0.025628
v -0.484288 -0.164064 0.054212
v -0.475434 -0.171773 0.057433
v -0.477574 -0.172713 0.054152
v -0.482030 -0.163489 0.057352
v -0.475434 -0.171773 0.057433
v -0.471622 -0.176243 0.057585
v -0.474262 -0.176911 0.055040
v -0.477574 -0.172713 0.054152
v -0.471622 -0.176243 0.057585
v -0.476308 -0.173655 0.060711
v -0.473096 -0.177394 0.060045
v -0.475434 -0.171773 0.057433
v -0.484101 -0.164224 0.060490
v -0.476308 -0.173655 0.060711
v -0.475434 -0.171773 0.057433
v -0.482030 -0.163489 0.057352
v -0.496419 -0.124677 0.001541
v -0.498337 -0.119014 0.025627
v -0.497391 -0.128911 0.004099
v -0.499107 -0.123824 0.025629
v -0.498337 -0.119014 0.025627
v -0.497205 -0.129468 0.047138
v -0.499107 -0.123824 0.025629
v -0.496204 -0.125316 0.049700
v -0.496204 -0.125316 0.049700
v -0.502740 -0.115138 0.025625
v -0.500316 -0.122079 0.052241
v -0.498337 -0.119014 0.025627
v -0.502740 -0.115138 0.025625
v -0.496419 -0.124677 0.001541
v -0.500568 -0.121361 -0.000997
v -0.498337 -0.119014 0.025627
v -0.483138 -0.160200 -0.006180
v -0.492190 -0.144304 -0.003095
v -0.485232 -0.161205 -0.003079
v -0.490613 -0.141818 -0.006325
v -0.490613 -0.141818 -0.006325
v -0.496419 -0.124677 0.001541
v -0.497391 -0.128911 0.004099
v -0.492190 -0.144304 -0.003095
v -0.496419 -0.124677 0.001541
v -0.493992 -0.140196 -0.009540
v -0.500568 -0.121361 -0.000997
v -0.490613 -0.141818 -0.006325
v -0.490613 -0.141818 -0.006325
v -0.483138 -0.160200 -0.006180
v -0.485412 -0.160514 -0.009278
v -0.493992 -0.140196 -0.009540
v -0.485308 -0.182096 0.060684
v -0.477328 -0.188795 0.057566
v -0.478292 -0.185470 0.060026
v -0.487494 -0.183063 0.057423
v -0.477328 -0.188795 0.057566
v -0.487494 -0.183063 0.057423
v -0.479499 -0.185011 0.055038
v -0.486666 -0.181207 0.054165
v -0.486666 -0.181207 0.054165
v -0.499345 -0.168730 0.057342
v -0.497376 -0.167985 0.054199
v -0.487494 -0.183063 0.057423
v -0.485308 -0.182096 0.060684
v -0.499345 -0.168730 0.057342
v -0.487494 -0.183063 0.057423
v -0.496984 -0.168164 0.060487
v -0.516655 -0.128980 0.049620
v -0.517883 -0.118075 0.025625
v -0.519032 -0.122755 0.025627
v -0.515314 -0.124942 0.052244
v -0.512883 -0.132102 0.047015
v -0.519032 -0.122755 0.025627
v -0.515007 -0.126500 0.025628
v -0.516655 -0.128980 0.049620
v -0.519032 -0.122755 0.025627
v -0.516897 -0.128347 0.001621
v -0.513097 -0.131551 0.004221
v -0.515007 -0.126500 0.025628
v -0.516897 -0.128347 0.001621
v -0.517883 -0.118075 0.025625
v -0.515577 -0.124227 -0.001000
v -0.519032 -0.122755 0.025627
v -0.508598 -0.142846 -0.009545
v -0.516897 -0.128347 0.001621
v -0.515577 -0.124227 -0.001000
v -0.510436 -0.145274 -0.006267
v -0.510436 -0.145274 -0.006267
v -0.513097 -0.131551 0.004221
v -0.516897 -0.128347 0.001621
v -0.507319 -0.146838 -0.003003
v -0.500611 -0.165477 -0.006170
v -0.507319 -0.146838 -0.003003
v -0.510436 -0.145274 -0.006267
v -0.498496 -0.165163 -0.003066
v -0.500611 -0.165477 -0.006170
v -0.510436 -0.145274 -0.006267
v -0.498357 -0.164471 -0.009276
v -0.508598 -0.142846 -0.009545
vn 0.445800 -0.701757 0.555697
vn 0.445800 -0.701757 0.555697
vn 0.445800 -0.701757 0.555697
vn 0.445800 -0.701757 0.555697
vn -0.515835 -0.665559 0.539393
vn -0.515835 -0.665559 0.539393
vn -0.515835 -0.665559 0.539393
vn -0.515835 -0.665559 0.539393
vn -0.444235 -0.543668 0.712096
vn -0.444235 -0.543668 0.712096
vn -0.444235 -0.543668 0.712096
vn -0.444235 -0.543668 0.712096
vn 0.389932 -0.571045 0.722399
vn 0.389932 -0.571045 0.722399
vn 0.389932 -0.571045 0.722399
vn 0.389932 -0.571045 0.722399
vn -0.943902 -0.309341 0.115571
vn -0.943902 -0.309341 0.115571
vn -0.943902 -0.309341 0.115571
vn -0.943902 -0.309341 0.115571
vn -0.946449 0.055080 -0.318121
vn -0.946449 0.055080 -0.318121
vn -0.946449 0.055080 -0.318121
vn -0.946449 0.055080 -0.318121
vn -0.971838 0.158186 -0.174665
vn -0.971838 0.158186 -0.174665
vn -0.971838 0.158186 -0.174665
vn -0.971838 0.158186 -0.174665
vn -0.971481 -0.145195 0.187465
vn -0.971481 -0.145195 0.187465
vn -0.971481 -0.145195 0.187465
vn -0.971481 -0.145195 0.187465
vn -0.953249 -0.280123 0.113345
vn -0.953249 -0.280123 0.113345
vn -0.953249 -0.280123 0.113345
vn -0.953249 -0.280123 0.113345
vn -0.953020 0.039941 -0.300261
vn -0.953020 0.039941 -0.300261
vn -0.953020 0.039941 -0.300261
vn -0.953020 0.039941 -0.300261
vn -0.971711 0.147901 -0.184126
vn -0.971711 0.147901 -0.184126
vn -0.971711 0.147901 -0.184126
vn -0.971711 0.147901 -0.184126
vn -0.973189 -0.134869 0.186316
vn -0.973189 -0.134869 0.186316
vn -0.973189 -0.134869 0.186316
vn -0.973189 -0.134869 0.186316
vn 0.515263 -0.664880 0.540776
vn 0.515263 -0.664880 0.540776
vn 0.515263 -0.664880 0.540776
vn 0.515263 -0.664880 0.540776
vn -0.446887 -0.699835 0.557246
vn -0.446887 -0.699835 0.557246
vn -0.446887 -0.699835 0.557246
vn -0.446887 -0.699835 0.557246
vn -0.391176 -0.568518 0.723719
vn -0.391176 -0.568518 0.723719
vn -0.391176 -0.568518 0.723719
vn -0.391176 -0.568518 0.723719
vn 0.443579 -0.542351 0.713507
vn 0.443579 -0.542351 0.713507
vn 0.443579 -0.542351 0.713507
vn 0.443579 -0.542351 0.713507
vn -0.508752 0.372060 -0.776365
vn -0.508752 0.372060 -0.776365
vn -0.508752 0.372060 -0.776365
vn -0.508752 0.372060 -0.776365
vn 0.445072 0.399788 -0.801300
vn 0.445072 0.399788 -0.801300
vn 0.445072 0.399788 -0.801300
vn 0.445072 0.399788 -0.801300
vn 0.458229 0.577346 -0.675794
vn 0.458229 0.577346 -0.675794
vn 0.458229 0.577346 -0.675794
vn 0.458229 0.577346 -0.675794
vn -0.377285 0.582875 -0.719661
vn -0.377285 0.582875 -0.719661
vn -0.377285 0.582875 -0.719661
vn -0.377285 0.582875 -0.719661
vn 0.946415 0.055167 -0.318207
vn 0.946415 0.055167 -0.318207
vn 0.946415 0.055167 -0.318207
vn 0.946415 0.055167 -0.318207
vn 0.943561 -0.310713 0.114669
vn 0.943561 -0.310713 0.114669
vn 0.943561 -0.310713 0.114669
vn 0.943561 -0.310713 0.114669
vn 0.971388 -0.146591 0.186861
vn 0.971388 -0.146591 0.186861
vn 0.971388 -0.146591 0.186861
vn 0.971388 -0.146591 0.186861
vn 0.971846 0.158229 -0.174581
vn 0.971846 0.158229 -0.174581
vn 0.971846 0.158229 -0.174581
vn 0.971846 0.158229 -0.174581
vn 0.733285 -0.671468 -0.106886
vn 0.733285 -0.671468 -0.106886
vn 0.733285 -0.671468 -0.106886
vn 0.733285 -0.671468 -0.106886
vn 0.680008 -0.164451 -0.714524
vn 0.680008 -0.164451 -0.714524
vn 0.680008 -0.164451 -0.714524
vn 0.680008 -0.164451 -0.714524
vn -0.452834 -0.191224 -0.870847
vn -0.452834 -0.191224 -0.870847
vn -0.452834 -0.191224 -0.870847
vn -0.452834 -0.191224 -0.870847
vn -0.562272 -0.816082 -0.133643
vn -0.562272 -0.816082 -0.133643
vn -0.562272 -0.816082 -0.133643
vn -0.562272 -0.816082 -0.133643
vn 0.560179 -0.817343 -0.134721
vn 0.560179 -0.817343 -0.134721
vn 0.560179 -0.817343 -0.134721
vn 0.560179 -0.817343 -0.134721
vn 0.451791 -0.190615 -0.871522
vn 0.451791 -0.190615 -0.871522
vn 0.451791 -0.190615 -0.871522
vn 0.451791 -0.190615 -0.871522
vn -0.681680 -0.163132 -0.713232
vn -0.681680 -0.163132 -0.713232
vn -0.681680 -0.163132 -0.713232
vn -0.681680 -0.163132 -0.713232
vn -0.734039 -0.670651 -0.106837
vn -0.734039 -0.670651 -0.106837
vn -0.734039 -0.670651 -0.106837
vn -0.734039 -0.670651 -0.106837
vn 0.488149 -0.248547 0.836621
vn 0.488149 -0.248547 0.836621
vn 0.488149 -0.248547 0.836621
vn 0.488149 -0.248547 0.836621
vn -0.444640 -0.247213 0.860919
vn -0.444640 -0.247213 0.860919
vn -0.444640 -0.247213 0.860919
vn -0.444640 -0.247213 0.860919
vn -0.356608 -0.413160 0.837932
vn -0.356608 -0.413160 0.837932
vn -0.356608 -0.413160 0.837932
vn -0.356608 -0.413160 0.837932
vn 0.416650 -0.071002 0.906290
vn 0.416650 -0.071002 0.906290
vn 0.416650 -0.071002 0.906290
vn 0.416650 -0.071002 0.906290
vn -0.356600 0.080819 -0.930755
vn -0.356600 0.080819 -0.930755
vn -0.356600 0.080819 -0.930755
vn -0.356600 0.080819 -0.930755
vn -0.444635 0.234661 -0.864427
vn -0.444635 0.234661 -0.864427
vn -0.444635 0.234661 -0.864427
vn -0.444635 0.234661 -0.864427
vn 0.488152 0.220931 -0.844333
vn 0.488152 0.220931 -0.844333
vn 0.488152 0.220931 -0.844333
vn 0.488152 0.220931 -0.844333
vn 0.416655 0.408883 -0.811920
vn 0.416655 0.408883 -0.811920
vn 0.416655 0.408883 -0.811920
vn 0.416655 0.408883 -0.811920
vn 0.976826 -0.045047 0.209241
vn 0.976826 -0.045047 0.209241
vn 0.976826 -0.045047 0.209241
vn 0.976826 -0.045047 0.209241
vn 0.976826 0.069893 -0.202301
vn 0.976826 0.069893 -0.202301
vn 0.976826 0.069893 -0.202301
vn 0.976826 0.069893 -0.202301
vn 0.972034 0.153613 -0.177630
vn 0.972034 0.153613 -0.177630
vn 0.972034 0.153613 -0.177630
vn 0.972034 0.153613 -0.177630
vn 0.975151 -0.078361 0.207219
vn 0.975151 -0.078361 0.207219
vn 0.975151 -0.078361 0.207219
vn 0.975151 -0.078361 0.207219
vn -0.979236 -0.044850 0.197701
vn -0.979236 -0.044850 0.197701
vn -0.979236 -0.044850 0.197701
vn -0.979236 -0.044850 0.197701
vn -0.979236 0.064082 -0.192330
vn -0.979236 0.064082 -0.192330
vn -0.979236 0.064082 -0.192330
vn -0.979236 0.064082 -0.192330
vn -0.890969 -0.319304 -0.322829
vn -0.890969 -0.319304 -0.322829
vn -0.890969 -0.319304 -0.322829
vn -0.890969 -0.319304 -0.322829
vn -0.890969 -0.440375 0.110657
vn -0.890969 -0.440375 0.110657
vn -0.890969 -0.440375 0.110657
vn -0.890969 -0.440375 0.110657
vn -0.468902 -0.231700 0.852318
vn -0.468902 -0.231700 0.852318
vn -0.468902 -0.231700 0.852318
vn -0.468902 -0.231700 0.852318
vn 0.444503 -0.233869 0.864710
vn 0.444503 -0.233869 0.864710
vn 0.444503 -0.233869 0.864710
vn 0.444503 -0.233869 0.864710
vn 0.455162 -0.441015 0.773520
vn 0.455162 -0.441015 0.773520
vn 0.455162 -0.441015 0.773520
vn 0.455162 -0.441015 0.773520
vn -0.416356 -0.443770 0.793546
vn -0.416356 -0.443770 0.793546
vn -0.416356 -0.443770 0.793546
vn -0.416356 -0.443770 0.793546
vn 0.393619 0.477186 -0.785721
vn 0.393619 0.477186 -0.785721
vn 0.393619 0.477186 -0.785721
vn 0.393619 0.477186 -0.785721
vn 0.444504 0.248036 -0.860752
vn 0.444504 0.248036 -0.860752
vn 0.444504 0.248036 -0.860752
vn 0.444504 0.248036 -0.860752
vn -0.468904 0.243476 -0.849028
vn -0.468904 0.243476 -0.849028
vn -0.468904 0.243476 -0.849028
vn -0.468904 0.243476 -0.849028
vn -0.470673 0.467808 -0.748079
vn -0.470673 0.467808 -0.748079
vn -0.470673 0.467808 -0.748079
vn -0.470673 0.467808 -0.748079
vn -0.977833 -0.068723 0.197788
vn -0.977833 -0.068723 0.197788
vn -0.977833 -0.068723 0.197788
vn -0.977833 -0.068723 0.197788
vn -0.977833 0.043709 -0.204775
vn -0.977833 0.043709 -0.204775
vn -0.977833 0.043709 -0.204775
vn -0.977833 0.043709 -0.204775
vn -0.886405 0.447014 -0.120266
vn -0.886405 0.447014 -0.120266
vn -0.886405 0.447014 -0.120266
vn -0.886405 0.447014 -0.120266
vn -0.886405 0.320007 0.334487
vn -0.886405 0.320007 0.334487
vn -0.886405 0.320007 0.334487
vn -0.886405 0.320007 0.334487
vn 0.977473 -0.030670 0.208822
vn 0.977473 -0.030670 0.208822
vn 0.977473 -0.030670 0.208822
vn 0.977473 -0.030670 0.208822
vn 0.977473 0.081972 -0.194493
vn 0.977473 0.081972 -0.194493
vn 0.977473 0.081972 -0.194493
vn 0.977473 0.081972 -0.194493
vn 0.972116 0.143303 -0.185622
vn 0.972116 0.143303 -0.185622
vn 0.972116 0.143303 -0.185622
vn 0.972116 0.143303 -0.185622
vn 0.975877 -0.086304 0.200537
vn 0.975877 -0.086304 0.200537
vn 0.975877 -0.086304 0.200537
vn 0.975877 -0.086304 0.200537
vn 0.544102 0.314362 -0.777900
vn 0.544102 0.314362 -0.777900
vn 0.544102 0.314362 -0.777900
vn 0.544102 0.314362 -0.777900
vn 0.485290 0.501142 -0.716485
vn 0.485290 0.501142 -0.716485
vn 0.485290 0.501142 -0.716485
vn 0.485290 0.501142 -0.716485
vn -0.378139 0.529925 -0.759072
vn -0.378139 0.529925 -0.759072
vn -0.378139 0.529925 -0.759072
vn -0.378139 0.529925 -0.759072
vn -0.449492 0.334963 -0.828104
vn -0.449492 0.334963 -0.828104
vn -0.449492 0.334963 -0.828104
vn -0.449492 0.334963 -0.828104
vn 0.946403 -0.280774 0.159649
vn 0.946403 -0.280774 0.159649
vn 0.946403 -0.280774 0.159649
vn 0.946403 -0.280774 0.159649
vn 0.972948 -0.122953 0.195586
vn 0.972948 -0.122953 0.195586
vn 0.972948 -0.122953 0.195586
vn 0.972948 -0.122953 0.195586
vn 0.975385 0.132240 -0.176454
vn 0.975385 0.132240 -0.176454
vn 0.975385 0.132240 -0.176454
vn 0.975385 0.132240 -0.176454
vn 0.959024 0.026463 -0.282086
vn 0.959024 0.026463 -0.282086
vn 0.959024 0.026463 -0.282086
vn 0.959024 0.026463 -0.282086
vn -0.953179 0.032813 -0.300621
vn -0.953179 0.032813 -0.300621
vn -0.953179 0.032813 -0.300621
vn -0.953179 0.032813 -0.300621
vn -0.971702 0.140756 -0.189690
vn -0.971702 0.140756 -0.189690
vn -0.971702 0.140756 -0.189690
vn -0.971702 0.140756 -0.189690
vn -0.976590 -0.113844 0.182515
vn -0.976590 -0.113844 0.182515
vn -0.976590 -0.113844 0.182515
vn -0.976590 -0.113844 0.182515
vn -0.952991 -0.265260 0.146439
vn -0.952991 -0.265260 0.146439
vn -0.952991 -0.265260 0.146439
vn -0.952991 -0.265260 0.146439
vn -0.523981 -0.615049 0.589201
vn -0.523981 -0.615049 0.589201
vn -0.523981 -0.615049 0.589201
vn -0.523981 -0.615049 0.589201
vn -0.482548 -0.488503 0.726989
vn -0.482548 -0.488503 0.726989
vn -0.482548 -0.488503 0.726989
vn -0.482548 -0.488503 0.726989
vn 0.376926 -0.517222 0.768381
vn 0.376926 -0.517222 0.768381
vn 0.376926 -0.517222 0.768381
vn 0.376926 -0.517222 0.768381
vn 0.431372 -0.651286 0.624295
vn 0.431372 -0.651286 0.624295
vn 0.431372 -0.651286 0.624295
vn 0.431372 -0.651286 0.624295
vn -0.483690 -0.515049 0.707650
vn -0.483690 -0.515049 0.707650
vn -0.483690 -0.515049 0.707650
vn -0.483690 -0.515049 0.707650
vn -0.532555 -0.328459 0.780064
vn -0.532555 -0.328459 0.780064
vn -0.532555 -0.328459 0.780064
vn -0.532555 -0.328459 0.780064
vn 0.439644 -0.348769 0.827692
vn 0.439644 -0.348769 0.827692
vn 0.439644 -0.348769 0.827692
vn 0.439644 -0.348769 0.827692
vn 0.377801 -0.544298 0.749004
vn 0.377801 -0.544298 0.749004
vn 0.377801 -0.544298 0.749004
vn 0.377801 -0.544298 0.749004
vn -0.972087 0.127529 -0.196936
vn -0.972087 0.127529 -0.196936
vn -0.972087 0.127529 -0.196936
vn -0.972087 0.127529 -0.196936
vn -0.949985 0.281291 -0.135660
vn -0.949985 0.281291 -0.135660
vn -0.949985 0.281291 -0.135660
vn -0.949985 0.281291 -0.135660
vn -0.954876 -0.033354 0.295125
vn -0.954876 -0.033354 0.295125
vn -0.954876 -0.033354 0.295125
vn -0.954876 -0.033354 0.295125
vn -0.976489 -0.132419 0.170102
vn -0.976489 -0.132419 0.170102
vn -0.976489 -0.132419 0.170102
vn -0.976489 -0.132419 0.170102
vn 0.972892 -0.141210 0.183142
vn 0.972892 -0.141210 0.183142
vn 0.972892 -0.141210 0.183142
vn 0.972892 -0.141210 0.183142
vn 0.948554 -0.039724 0.314114
vn 0.948554 -0.039724 0.314114
vn 0.948554 -0.039724 0.314114
vn 0.948554 -0.039724 0.314114
vn 0.956037 0.266131 -0.123161
vn 0.956037 0.266131 -0.123161
vn 0.956037 0.266131 -0.123161
vn 0.956037 0.266131 -0.123161
vn 0.975719 0.118539 -0.184179
vn 0.975719 0.118539 -0.184179
vn 0.975719 0.118539 -0.184179
vn 0.975719 0.118539 -0.184179
vn 0.486246 0.496008 -0.719403
vn 0.486246 0.496008 -0.719403
vn 0.486246 0.496008 -0.719403
vn 0.486246 0.496008 -0.719403
vn 0.539170 0.629499 -0.559488
vn 0.539170 0.629499 -0.559488
vn 0.539170 0.629499 -0.559488
vn 0.539170 0.629499 -0.559488
vn -0.445510 0.668786 -0.595185
vn -0.445510 0.668786 -0.595185
vn -0.445510 0.668786 -0.595185
vn -0.445510 0.668786 -0.595185
vn -0.379125 0.525735 -0.761490
vn -0.379125 0.525735 -0.761490
vn -0.379125 0.525735 -0.761490
vn -0.379125 0.525735 -0.761490
vn -0.606932 0.793112 0.051057
vn -0.606932 0.793112 0.051057
vn -0.606932 0.793112 0.051057
vn -0.606932 0.793112 0.051057
vn 0.645779 0.761502 0.055531
vn 0.645779 0.761502 0.055531
vn 0.645779 0.761502 0.055531
vn 0.645779 0.761502 0.055531
vn 0.587096 0.269006 0.763514
vn 0.587096 0.269006 0.763514
vn 0.587096 0.269006 0.763514
vn 0.587096 0.269006 0.763514
vn -0.626707 0.264095 0.733139
vn -0.626707 0.264095 0.733139
vn -0.626707 0.264095 0.733139
vn -0.626707 0.264095 0.733139
vn 0.582005 -0.809410 0.078263
vn 0.582005 -0.809410 0.078263
vn 0.582005 -0.809410 0.078263
vn 0.582005 -0.809410 0.078263
vn 0.675623 -0.325020 -0.661737
vn 0.675623 -0.325020 -0.661737
vn 0.675623 -0.325020 -0.661737
vn 0.675623 -0.325020 -0.661737
vn -0.637037 -0.333357 -0.695023
vn -0.637037 -0.333357 -0.695023
vn -0.637037 -0.333357 -0.695023
vn -0.637037 -0.333357 -0.695023
vn -0.622158 -0.779721 0.070393
vn -0.622158 -0.779721 0.070393
vn -0.622158 -0.779721 0.070393
vn -0.622158 -0.779721 0.070393
vn 0.952772 0.038743 -0.301206
vn 0.952772 0.038743 -0.301206
vn 0.952772 0.038743 -0.301206
vn 0.952772 0.038743 -0.301206
vn 0.953178 -0.280394 0.113278
vn 0.953178 -0.280394 0.113278
vn 0.953178 -0.280394 0.113278
vn 0.953178 -0.280394 0.113278
vn 0.973175 -0.134996 0.186297
vn 0.973175 -0.134996 0.186297
vn 0.973175 -0.134996 0.186297
vn 0.973175 -0.134996 0.186297
vn 0.971802 0.146543 -0.184730
vn 0.971802 0.146543 -0.184730
vn 0.971802 0.146543 -0.184730
vn 0.971802 0.146543 -0.184730
vn -0.223332 0.841333 0.492221
vn -0.223332 0.841333 0.492221
vn -0.223332 0.841333 0.492221
vn -0.223332 0.841333 0.492221
vn -0.223333 0.974628 0.014959
vn -0.223333 0.974628 0.014959
vn -0.223333 0.974628 0.014959
vn -0.223333 0.974628 0.014959
vn 0.227884 0.973575 0.014881
vn 0.227884 0.973575 0.014881
vn 0.227884 0.973575 0.014881
vn 0.227884 0.973575 0.014881
vn 0.227883 0.840393 0.491741
vn 0.227883 0.840393 0.491741
vn 0.227883 0.840393 0.491741
vn 0.227883 0.840393 0.491741
vn -0.975872 -0.086689 0.200396
vn -0.975872 -0.086689 0.200396
vn -0.975872 -0.086689 0.200396
vn -0.975872 -0.086689 0.200396
vn -0.971985 0.144493 -0.185383
vn -0.971985 0.144493 -0.185383
vn -0.971985 0.144493 -0.185383
vn -0.971985 0.144493 -0.185383
vn -0.977449 0.081888 -0.194646
vn -0.977449 0.081888 -0.194646
vn -0.977449 0.081888 -0.194646
vn -0.977449 0.081888 -0.194646
vn -0.977449 -0.030822 0.208908
vn -0.977449 -0.030822 0.208908
vn -0.977449 -0.030822 0.208908
vn -0.977449 -0.030822 0.208908
vn 0.890336 -0.441657 0.110639
vn 0.890336 -0.441657 0.110639
vn 0.890336 -0.441657 0.110639
vn 0.890336 -0.441657 0.110639
vn 0.890337 -0.320411 -0.323477
vn 0.890337 -0.320411 -0.323477
vn 0.890337 -0.320411 -0.323477
vn 0.890337 -0.320411 -0.323477
vn 0.979266 0.063978 -0.192209
vn 0.979266 0.063978 -0.192209
vn 0.979266 0.063978 -0.192209
vn 0.979266 0.063978 -0.192209
vn 0.979266 -0.044877 0.197544
vn 0.979266 -0.044877 0.197544
vn 0.979266 -0.044877 0.197544
vn 0.979266 -0.044877 0.197544
vn -0.444728 0.397766 -0.802495
vn -0.444728 0.397766 -0.802495
vn -0.444728 0.397766 -0.802495
vn -0.444728 0.397766 -0.802495
vn 0.508525 0.369447 -0.777760
vn 0.508525 0.369447 -0.777760
vn 0.508525 0.369447 -0.777760
vn 0.508525 0.369447 -0.777760
vn 0.378875 0.579702 -0.721387
vn 0.378875 0.579702 -0.721387
vn 0.378875 0.579702 -0.721387
vn 0.378875 0.579702 -0.721387
vn -0.457323 0.575324 -0.678128
vn -0.457323 0.575324 -0.678128
vn -0.457323 0.575324 -0.678128
vn -0.457323 0.575324 -0.678128
vn 0.887111 0.318817 0.333752
vn 0.887111 0.318817 0.333752
vn 0.887111 0.318817 0.333752
vn 0.887111 0.318817 0.333752
vn 0.887110 0.445617 -0.120254
vn 0.887110 0.445617 -0.120254
vn 0.887110 0.445617 -0.120254
vn 0.887110 0.445617 -0.120254
vn 0.977806 0.043624 -0.204922
vn 0.977806 0.043624 -0.204922
vn 0.977806 0.043624 -0.204922
vn 0.977806 0.043624 -0.204922
vn 0.977806 -0.068873 0.197871
vn 0.977806 -0.068873 0.197871
vn 0.977806 -0.068873 0.197871
vn 0.977806 -0.068873 0.197871
vn -0.975179 -0.077477 0.207421
vn -0.975179 -0.077477 0.207421
vn -0.975179 -0.077477 0.207421
vn -0.975179 -0.077477 0.207421
vn -0.972097 0.152737 -0.178041
vn -0.972097 0.152737 -0.178041
vn -0.972097 0.152737 -0.178041
vn -0.972097 0.152737 -0.178041
vn -0.976840 0.069846 -0.202250
vn -0.976840 0.069846 -0.202250
vn -0.976840 0.069846 -0.202250
vn -0.976840 0.069846 -0.202250
vn -0.976840 -0.045060 0.209173
vn -0.976840 -0.045060 0.209173
vn -0.976840 -0.045060 0.209173
vn -0.976840 -0.045060 0.209173
vn -0.235165 -0.971577 -0.027118
vn -0.235165 -0.971577 -0.027118
vn -0.235165 -0.971577 -0.027118
vn -0.235165 -0.971577 -0.027118
vn -0.235164 -0.845024 -0.480241
vn -0.235164 -0.845024 -0.480241
vn -0.235164 -0.845024 -0.480241
vn -0.235164 -0.845024 -0.480241
vn 0.230491 -0.846039 -0.480720
vn 0.230491 -0.846039 -0.480720
vn 0.230491 -0.846039 -0.480720
vn 0.230491 -0.846039 -0.480720
vn 0.230491 -0.972693 -0.027235
vn 0.230491 -0.972693 -0.027235
vn 0.230491 -0.972693 -0.027235
vn 0.230491 -0.972693 -0.027235
vn -0.444357 0.248097 -0.860810
vn -0.444357 0.248097 -0.860810
vn -0.444357 0.248097 -0.860810
vn -0.444357 0.248097 -0.860810
vn -0.391674 0.481014 -0.784358
vn -0.391674 0.481014 -0.784358
vn -0.391674 0.481014 -0.784358
vn -0.391674 0.481014 -0.784358
vn 0.471634 0.470865 -0.745552
vn 0.471634 0.470865 -0.745552
vn 0.471634 0.470865 -0.745552
vn 0.471634 0.470865 -0.745552
vn 0.468742 0.243576 -0.849089
vn 0.468742 0.243576 -0.849089
vn 0.468742 0.243576 -0.849089
vn 0.468742 0.243576 -0.849089
vn 0.085843 -0.107134 -0.990532
vn 0.085843 -0.107134 -0.990532
vn 0.085843 -0.107134 -0.990532
vn 0.085843 -0.107134 -0.990532
vn -0.087707 -0.107044 -0.990378
vn -0.087707 -0.107044 -0.990378
vn -0.087707 -0.107044 -0.990378
vn -0.087707 -0.107044 -0.990378
vn 0.105485 0.648940 -0.753492
vn 0.105485 0.648940 -0.753492
vn 0.105485 0.648940 -0.753492
vn 0.105485 0.648940 -0.753492
vn -0.103368 0.649208 -0.753554
vn -0.103368 0.649208 -0.753554
vn -0.103368 0.649208 -0.753554
vn -0.103368 0.649208 -0.753554
vn 0.444736 0.234615 -0.864387
vn 0.444736 0.234615 -0.864387
vn 0.444736 0.234615 -0.864387
vn 0.444736 0.234615 -0.864387
vn 0.355746 0.080638 -0.931097
vn 0.355746 0.080638 -0.931097
vn 0.355746 0.080638 -0.931097
vn 0.355746 0.080638 -0.931097
vn -0.415932 0.409361 -0.812049
vn -0.415932 0.409361 -0.812049
vn -0.415932 0.409361 -0.812049
vn -0.415932 0.409361 -0.812049
vn -0.488514 0.220937 -0.844121
vn -0.488514 0.220937 -0.844121
vn -0.488514 0.220937 -0.844121
vn -0.488514 0.220937 -0.844121
vn 0.414855 -0.446805 0.792629
vn 0.414855 -0.446805 0.792629
vn 0.414855 -0.446805 0.792629
vn 0.414855 -0.446805 0.792629
vn -0.455987 -0.443038 0.771877
vn -0.455987 -0.443038 0.771877
vn -0.455987 -0.443038 0.771877
vn -0.455987 -0.443038 0.771877
vn -0.444357 -0.233848 0.864790
vn -0.444357 -0.233848 0.864790
vn -0.444357 -0.233848 0.864790
vn -0.444357 -0.233848 0.864790
vn 0.468742 -0.231635 0.852424
vn 0.468742 -0.231635 0.852424
vn 0.468742 -0.231635 0.852424
vn 0.468742 -0.231635 0.852424
vn 0.105484 0.164595 0.980705
vn 0.105484 0.164595 0.980705
vn 0.105484 0.164595 0.980705
vn 0.105484 0.164595 0.980705
vn -0.087707 -0.604742 0.791577
vn -0.087707 -0.604742 0.791577
vn -0.087707 -0.604742 0.791577
vn -0.087707 -0.604742 0.791577
vn 0.085845 -0.604887 0.791671
vn 0.085845 -0.604887 0.791671
vn 0.085845 -0.604887 0.791671
vn 0.085845 -0.604887 0.791671
vn -0.103367 0.164787 0.980898
vn -0.103367 0.164787 0.980898
vn -0.103367 0.164787 0.980898
vn -0.103367 0.164787 0.980898
vn -0.415934 -0.070655 0.906646
vn -0.415934 -0.070655 0.906646
vn -0.415934 -0.070655 0.906646
vn -0.415934 -0.070655 0.906646
vn 0.355744 -0.413492 0.838135
vn 0.355744 -0.413492 0.838135
vn 0.355744 -0.413492 0.838135
vn 0.355744 -0.413492 0.838135
vn 0.444736 -0.247231 0.860864
vn 0.444736 -0.247231 0.860864
vn 0.444736 -0.247231 0.860864
vn 0.444736 -0.247231 0.860864
vn -0.488514 -0.248431 0.836443
vn -0.488514 -0.248431 0.836443
vn -0.488514 -0.248431 0.836443
vn -0.488514 -0.248431 0.836443
vn 0.624985 -0.492009 -0.606070
vn 0.624985 -0.492009 -0.606070
vn 0.624985 -0.492009 -0.606070
vn 0.624985 -0.492009 -0.606070
vn 0.685527 -0.538853 0.489582
vn 0.685527 -0.538853 0.489582
vn 0.685527 -0.538853 0.489582
vn 0.685527 -0.538853 0.489582
vn 0.431177 -0.691610 0.579450
vn 0.431177 -0.691610 0.579450
vn 0.431177 -0.691610 0.579450
vn 0.431177 -0.691610 0.579450
vn 0.405889 -0.643674 -0.648797
vn 0.405889 -0.643674 -0.648797
vn 0.405889 -0.643674 -0.648797
vn 0.405889 -0.643674 -0.648797
vn -0.650346 0.400596 0.645425
vn -0.650346 0.400596 0.645425
vn -0.650346 0.400596 0.645425
vn -0.650346 0.400596 0.645425
vn -0.650726 0.477900 0.590057
vn -0.650726 0.477900 0.590057
vn -0.650726 0.477900 0.590057
vn -0.650726 0.477900 0.590057
vn -0.683487 0.521286 -0.510986
vn -0.683487 0.521286 -0.510986
vn -0.683487 0.521286 -0.510986
vn -0.683487 0.521286 -0.510986
vn -0.709430 0.478329 -0.517601
vn -0.709430 0.478329 -0.517601
vn -0.709430 0.478329 -0.517601
vn -0.709430 0.478329 -0.517601
vn 0.132183 -0.074316 -0.988436
vn 0.132183 -0.074316 -0.988436
vn 0.132183 -0.074316 -0.988436
vn 0.132183 -0.074316 -0.988436
vn -0.140661 0.047704 -0.988908
vn -0.140661 0.047704 -0.988908
vn -0.140661 0.047704 -0.988908
vn -0.140661 0.047704 -0.988908
vn -0.088328 0.437681 -0.894782
vn -0.088328 0.437681 -0.894782
vn -0.088328 0.437681 -0.894782
vn -0.088328 0.437681 -0.894782
vn 0.235500 0.330546 -0.913936
vn 0.235500 0.330546 -0.913936
vn 0.235500 0.330546 -0.913936
vn 0.235500 0.330546 -0.913936
vn 0.135127 -0.095872 0.986179
vn 0.135127 -0.095872 0.986179
vn 0.135127 -0.095872 0.986179
vn 0.135127 -0.095872 0.986179
vn -0.125489 0.103831 0.986647
vn -0.125489 0.103831 0.986647
vn -0.125489 0.103831 0.986647
vn -0.125489 0.103831 0.986647
vn -0.229019 0.061065 0.971505
vn -0.229019 0.061065 0.971505
vn -0.229019 0.061065 0.971505
vn -0.229019 0.061065 0.971505
vn 0.054462 -0.222370 0.973440
vn 0.054462 -0.222370 0.973440
vn 0.054462 -0.222370 0.973440
vn 0.054462 -0.222370 0.973440
vn 0.710551 -0.343331 0.614200
vn 0.710551 -0.343331 0.614200
vn 0.710551 -0.343331 0.614200
vn 0.710551 -0.343331 0.614200
vn 0.751486 -0.359470 -0.553218
vn 0.751486 -0.359470 -0.553218
vn 0.751486 -0.359470 -0.553218
vn 0.751486 -0.359470 -0.553218
vn 0.730896 -0.483607 -0.481576
vn 0.730896 -0.483607 -0.481576
vn 0.730896 -0.483607 -0.481576
vn 0.730896 -0.483607 -0.481576
vn 0.833321 -0.085429 0.546149
vn 0.833321 -0.085429 0.546149
vn 0.833321 -0.085429 0.546149
vn 0.833321 -0.085429 0.546149
vn -0.865932 0.084911 -0.492902
vn -0.865932 0.084911 -0.492902
vn -0.865932 0.084911 -0.492902
vn -0.865932 0.084911 -0.492902
vn -0.745360 0.305923 -0.592325
vn -0.745360 0.305923 -0.592325
vn -0.745360 0.305923 -0.592325
vn -0.745360 0.305923 -0.592325
vn -0.746498 0.300726 0.593553
vn -0.746498 0.300726 0.593553
vn -0.746498 0.300726 0.593553
vn -0.746498 0.300726 0.593553
vn -0.707502 0.464333 0.532763
vn -0.707502 0.464333 0.532763
vn -0.707502 0.464333 0.532763
vn -0.707502 0.464333 0.532763
vn 0.136930 -0.097584 0.985762
vn 0.136930 -0.097584 0.985762
vn 0.136930 -0.097584 0.985762
vn 0.136930 -0.097584 0.985762
vn -0.121982 0.123640 0.984801
vn -0.121982 0.123640 0.984801
vn -0.121982 0.123640 0.984801
vn -0.121982 0.123640 0.984801
vn -0.217565 0.097972 0.971116
vn -0.217565 0.097972 0.971116
vn -0.217565 0.097972 0.971116
vn -0.217565 0.097972 0.971116
vn 0.040840 -0.242113 0.969388
vn 0.040840 -0.242113 0.969388
vn 0.040840 -0.242113 0.969388
vn 0.040840 -0.242113 0.969388
vn 0.133222 -0.062779 -0.989096
vn 0.133222 -0.062779 -0.989096
vn 0.133222 -0.062779 -0.989096
vn 0.133222 -0.062779 -0.989096
vn -0.139611 0.060398 -0.988363
vn -0.139611 0.060398 -0.988363
vn -0.139611 0.060398 -0.988363
vn -0.139611 0.060398 -0.988363
vn -0.223548 -0.316241 -0.921964
vn -0.223548 -0.316241 -0.921964
vn -0.223548 -0.316241 -0.921964
vn -0.223548 -0.316241 -0.921964
vn 0.083548 -0.419192 -0.904045
vn 0.083548 -0.419192 -0.904045
vn 0.083548 -0.419192 -0.904045
vn 0.083548 -0.419192 -0.904045
vn -0.789896 0.410001 0.456030
vn -0.789896 0.410001 0.456030
vn -0.789896 0.410001 0.456030
vn -0.789896 0.410001 0.456030
vn -0.686867 0.617052 0.384005
vn -0.686867 0.617052 0.384005
vn -0.686867 0.617052 0.384005
vn -0.686867 0.617052 0.384005
vn -0.711920 0.638348 -0.292715
vn -0.711920 0.638348 -0.292715
vn -0.711920 0.638348 -0.292715
vn -0.711920 0.638348 -0.292715
vn -0.824609 0.428406 -0.369443
vn -0.824609 0.428406 -0.369443
vn -0.824609 0.428406 -0.369443
vn -0.824609 0.428406 -0.369443
vn 0.182439 -0.412107 0.892683
vn 0.182439 -0.412107 0.892683
vn 0.182439 -0.412107 0.892683
vn 0.182439 -0.412107 0.892683
vn 0.232427 -0.187667 0.954337
vn 0.232427 -0.187667 0.954337
vn 0.232427 -0.187667 0.954337
vn 0.232427 -0.187667 0.954337
vn -0.209689 0.201839 0.956709
vn -0.209689 0.201839 0.956709
vn -0.209689 0.201839 0.956709
vn -0.209689 0.201839 0.956709
vn -0.335406 0.040421 0.941206
vn -0.335406 0.040421 0.941206
vn -0.335406 0.040421 0.941206
vn -0.335406 0.040421 0.941206
vn -0.356489 0.049975 -0.932962
vn -0.356489 0.049975 -0.932962
vn -0.356489 0.049975 -0.932962
vn -0.356489 0.049975 -0.932962
vn -0.224814 0.214260 -0.950553
vn -0.224814 0.214260 -0.950553
vn -0.224814 0.214260 -0.950553
vn -0.224814 0.214260 -0.950553
vn 0.217456 -0.174215 -0.960397
vn 0.217456 -0.174215 -0.960397
vn 0.217456 -0.174215 -0.960397
vn 0.217456 -0.174215 -0.960397
vn 0.168391 -0.391773 -0.904521
vn 0.168391 -0.391773 -0.904521
vn 0.168391 -0.391773 -0.904521
vn 0.168391 -0.391773 -0.904521
vn 0.547478 -0.734015 -0.401858
vn 0.547478 -0.734015 -0.401858
vn 0.547478 -0.734015 -0.401858
vn 0.547478 -0.734015 -0.401858
vn 0.699279 -0.603508 -0.383128
vn 0.699279 -0.603508 -0.383128
vn 0.699279 -0.603508 -0.383128
vn 0.699279 -0.603508 -0.383128
vn 0.723309 -0.625349 0.292851
vn 0.723309 -0.625349 0.292851
vn 0.723309 -0.625349 0.292851
vn 0.723309 -0.625349 0.292851
vn 0.566076 -0.758502 0.322850
vn 0.566076 -0.758502 0.322850
vn 0.566076 -0.758502 0.322850
vn 0.566076 -0.758502 0.322850
vn 0.675399 -0.631377 -0.381049
vn 0.675399 -0.631377 -0.381049
vn 0.675399 -0.631377 -0.381049
vn 0.675399 -0.631377 -0.381049
vn 0.788100 -0.426218 -0.444113
vn 0.788100 -0.426218 -0.444113
vn 0.788100 -0.426218 -0.444113
vn 0.788100 -0.426218 -0.444113
vn 0.820576 -0.444106 0.359757
vn 0.820576 -0.444106 0.359757
vn 0.820576 -0.444106 0.359757
vn 0.820576 -0.444106 0.359757
vn 0.699371 -0.652764 0.291168
vn 0.699371 -0.652764 0.291168
vn 0.699371 -0.652764 0.291168
vn 0.699371 -0.652764 0.291168
vn -0.233820 0.194473 -0.952632
vn -0.233820 0.194473 -0.952632
vn -0.233820 0.194473 -0.952632
vn -0.233820 0.194473 -0.952632
vn -0.155226 0.413405 -0.897219
vn -0.155226 0.413405 -0.897219
vn -0.155226 0.413405 -0.897219
vn -0.155226 0.413405 -0.897219
vn 0.350221 -0.050845 -0.935286
vn 0.350221 -0.050845 -0.935286
vn 0.350221 -0.050845 -0.935286
vn 0.350221 -0.050845 -0.935286
vn 0.202231 -0.202203 -0.958236
vn 0.202231 -0.202203 -0.958236
vn 0.202231 -0.202203 -0.958236
vn 0.202231 -0.202203 -0.958236
vn 0.217158 -0.215051 0.952153
vn 0.217158 -0.215051 0.952153
vn 0.217158 -0.215051 0.952153
vn 0.217158 -0.215051 0.952153
vn 0.371675 -0.060367 0.926398
vn 0.371675 -0.060367 0.926398
vn 0.371675 -0.060367 0.926398
vn 0.371675 -0.060367 0.926398
vn -0.141770 0.393467 0.908342
vn -0.141770 0.393467 0.908342
vn -0.141770 0.393467 0.908342
vn -0.141770 0.393467 0.908342
vn -0.219243 0.181239 0.958689
vn -0.219243 0.181239 0.958689
vn -0.219243 0.181239 0.958689
vn -0.219243 0.181239 0.958689
vn -0.690809 0.611754 0.385409
vn -0.690809 0.611754 0.385409
vn -0.690809 0.611754 0.385409
vn -0.690809 0.611754 0.385409
vn -0.518397 0.749153 0.412352
vn -0.518397 0.749153 0.412352
vn -0.518397 0.749153 0.412352
vn -0.518397 0.749153 0.412352
vn -0.537244 0.775367 -0.331926
vn -0.537244 0.775367 -0.331926
vn -0.537244 0.775367 -0.331926
vn -0.537244 0.775367 -0.331926
vn -0.715160 0.634175 -0.293884
vn -0.715160 0.634175 -0.293884
vn -0.715160 0.634175 -0.293884
vn -0.715160 0.634175 -0.293884
vn 0.044934 0.896451 -0.440859
vn 0.044934 0.896451 -0.440859
vn 0.044934 0.896451 -0.440859
vn 0.044934 0.896451 -0.440859
vn 0.049789 0.876979 0.477943
vn 0.049789 0.876979 0.477943
vn 0.049789 0.876979 0.477943
vn 0.049789 0.876979 0.477943
vn 0.788696 0.356901 0.500580
vn 0.788696 0.356901 0.500580
vn 0.788696 0.356901 0.500580
vn 0.788696 0.356901 0.500580
vn 0.764296 0.353604 -0.539273
vn 0.764296 0.353604 -0.539273
vn 0.764296 0.353604 -0.539273
vn 0.764296 0.353604 -0.539273
vn 0.068180 -0.905658 0.418491
vn 0.068180 -0.905658 0.418491
vn 0.068180 -0.905658 0.418491
vn 0.068180 -0.905658 0.418491
vn -0.688736 -0.434481 0.580404
vn -0.688736 -0.434481 0.580404
vn -0.688736 -0.434481 0.580404
vn -0.688736 -0.434481 0.580404
vn -0.715777 -0.440947 -0.541506
vn -0.715777 -0.440947 -0.541506
vn -0.715777 -0.440947 -0.541506
vn -0.715777 -0.440947 -0.541506
vn 0.062423 -0.888100 -0.455393
vn 0.062423 -0.888100 -0.455393
vn 0.062423 -0.888100 -0.455393
vn 0.062423 -0.888100 -0.455393
vn -0.268217 -0.518050 0.812209
vn -0.268217 -0.518050 0.812209
vn -0.268217 -0.518050 0.812209
vn -0.268217 -0.518050 0.812209
vn -0.697767 -0.021826 0.715992
vn -0.697767 -0.021826 0.715992
vn -0.697767 -0.021826 0.715992
vn -0.697767 -0.021826 0.715992
vn -0.868935 -0.008135 -0.494860
vn -0.868935 -0.008135 -0.494860
vn -0.868935 -0.008135 -0.494860
vn -0.868935 -0.008135 -0.494860
vn -0.292037 -0.595495 -0.748398
vn -0.292037 -0.595495 -0.748398
vn -0.292037 -0.595495 -0.748398
vn -0.292037 -0.595495 -0.748398
vn 0.369957 0.897685 -0.239361
vn 0.369957 0.897685 -0.239361
vn 0.369957 0.897685 -0.239361
vn 0.369957 0.897685 -0.239361
vn 0.002123 0.973912 -0.226917
vn 0.002123 0.973912 -0.226917
vn 0.002123 0.973912 -0.226917
vn 0.002123 0.973912 -0.226917
vn 0.002233 0.967799 0.251715
vn 0.002233 0.967799 0.251715
vn 0.002233 0.967799 0.251715
vn 0.002233 0.967799 0.251715
vn 0.367185 0.891491 0.265367
vn 0.367185 0.891491 0.265367
vn 0.367185 0.891491 0.265367
vn 0.367185 0.891491 0.265367
vn 0.025932 -0.241839 -0.969970
vn 0.025932 -0.241839 -0.969970
vn 0.025932 -0.241839 -0.969970
vn 0.025932 -0.241839 -0.969970
vn -0.237380 0.056418 -0.969777
vn -0.237380 0.056418 -0.969777
vn -0.237380 0.056418 -0.969777
vn -0.237380 0.056418 -0.969777
vn -0.128166 0.108048 -0.985850
vn -0.128166 0.108048 -0.985850
vn -0.128166 0.108048 -0.985850
vn -0.128166 0.108048 -0.985850
vn 0.134172 -0.102386 -0.985655
vn 0.134172 -0.102386 -0.985655
vn 0.134172 -0.102386 -0.985655
vn 0.134172 -0.102386 -0.985655
vn 0.082273 -0.450460 0.888998
vn 0.082273 -0.450460 0.888998
vn 0.082273 -0.450460 0.888998
vn 0.082273 -0.450460 0.888998
vn -0.232890 -0.346262 0.908771
vn -0.232890 -0.346262 0.908771
vn -0.232890 -0.346262 0.908771
vn -0.232890 -0.346262 0.908771
vn -0.137260 0.057369 0.988872
vn -0.137260 0.057369 0.988872
vn -0.137260 0.057369 0.988872
vn -0.137260 0.057369 0.988872
vn 0.130320 -0.064426 0.989377
vn 0.130320 -0.064426 0.989377
vn 0.130320 -0.064426 0.989377
vn 0.130320 -0.064426 0.989377
vn -0.390895 -0.626693 0.674134
vn -0.390895 -0.626693 0.674134
vn -0.390895 -0.626693 0.674134
vn -0.390895 -0.626693 0.674134
vn -0.894365 -0.033617 0.446073
vn -0.894365 -0.033617 0.446073
vn -0.894365 -0.033617 0.446073
vn -0.894365 -0.033617 0.446073
vn -0.712123 -0.041649 -0.700818
vn -0.712123 -0.041649 -0.700818
vn -0.712123 -0.041649 -0.700818
vn -0.712123 -0.041649 -0.700818
vn -0.333022 -0.516621 -0.788796
vn -0.333022 -0.516621 -0.788796
vn -0.333022 -0.516621 -0.788796
vn -0.333022 -0.516621 -0.788796
vn 0.225174 0.301769 0.926408
vn 0.225174 0.301769 0.926408
vn 0.225174 0.301769 0.926408
vn 0.225174 0.301769 0.926408
vn -0.089630 0.407223 0.908920
vn -0.089630 0.407223 0.908920
vn -0.089630 0.407223 0.908920
vn -0.089630 0.407223 0.908920
vn -0.142611 0.048301 0.988600
vn -0.142611 0.048301 0.988600
vn -0.142611 0.048301 0.988600
vn -0.142611 0.048301 0.988600
vn 0.134665 -0.074609 0.988078
vn 0.134665 -0.074609 0.988078
vn 0.134665 -0.074609 0.988078
vn 0.134665 -0.074609 0.988078
vn 0.066869 -0.214478 -0.974437
vn 0.066869 -0.214478 -0.974437
vn 0.066869 -0.214478 -0.974437
vn 0.066869 -0.214478 -0.974437
vn -0.221933 0.092611 -0.970654
vn -0.221933 0.092611 -0.970654
vn -0.221933 0.092611 -0.970654
vn -0.221933 0.092611 -0.970654
vn -0.125372 0.116211 -0.985280
vn -0.125372 0.116211 -0.985280
vn -0.125372 0.116211 -0.985280
vn -0.125372 0.116211 -0.985280
vn 0.135882 -0.092888 -0.986361
vn 0.135882 -0.092888 -0.986361
vn 0.135882 -0.092888 -0.986361
vn 0.135882 -0.092888 -0.986361
vn 0.011085 -0.967470 -0.252744
vn 0.011085 -0.967470 -0.252744
vn 0.011085 -0.967470 -0.252744
vn 0.011085 -0.967470 -0.252744
vn -0.339505 -0.901709 -0.267690
vn -0.339505 -0.901709 -0.267690
vn -0.339505 -0.901709 -0.267690
vn -0.339505 -0.901709 -0.267690
vn -0.341879 -0.907830 0.242823
vn -0.341879 -0.907830 0.242823
vn -0.341879 -0.907830 0.242823
vn -0.341879 -0.907830 0.242823
vn 0.011339 -0.973333 0.229118
vn 0.011339 -0.973333 0.229118
vn 0.011339 -0.973333 0.229118
vn 0.011339 -0.973333 0.229118
vn -0.649071 0.509508 -0.564897
vn -0.649071 0.509508 -0.564897
vn -0.649071 0.509508 -0.564897
vn -0.649071 0.509508 -0.564897
vn -0.630152 0.441281 -0.638889
vn -0.630152 0.441281 -0.638889
vn -0.630152 0.441281 -0.638889
vn -0.630152 0.441281 -0.638889
vn -0.653632 0.525031 0.545076
vn -0.653632 0.525031 0.545076
vn -0.653632 0.525031 0.545076
vn -0.653632 0.525031 0.545076
vn -0.657157 0.542709 0.523080
vn -0.657157 0.542709 0.523080
vn -0.657157 0.542709 0.523080
vn -0.657157 0.542709 0.523080
vn -0.980981 -0.156366 0.115006
vn -0.980981 -0.156366 0.115006
vn -0.980981 -0.156366 0.115006
vn -0.980981 -0.156366 0.115006
vn -0.979285 -0.157029 -0.127838
vn -0.979285 -0.157029 -0.127838
vn -0.979285 -0.157029 -0.127838
vn -0.979285 -0.157029 -0.127838
vn -0.658501 0.740504 0.134275
vn -0.658501 0.740504 0.134275
vn -0.658501 0.740504 0.134275
vn -0.658501 0.740504 0.134275
vn -0.659663 0.741809 -0.120682
vn -0.659663 0.741809 -0.120682
vn -0.659663 0.741809 -0.120682
vn -0.659663 0.741809 -0.120682
vn -0.740785 0.305757 0.598123
vn -0.740785 0.305757 0.598123
vn -0.740785 0.305757 0.598123
vn -0.740785 0.305757 0.598123
vn -0.876638 0.076735 0.474993
vn -0.876638 0.076735 0.474993
vn -0.876638 0.076735 0.474993
vn -0.876638 0.076735 0.474993
vn -0.709401 0.479696 -0.516374
vn -0.709401 0.479696 -0.516374
vn -0.709401 0.479696 -0.516374
vn -0.709401 0.479696 -0.516374
vn -0.740616 0.300915 -0.600782
vn -0.740616 0.300915 -0.600782
vn -0.740616 0.300915 -0.600782
vn -0.740616 0.300915 -0.600782
vn 0.357390 -0.708807 0.608165
vn 0.357390 -0.708807 0.608165
vn 0.357390 -0.708807 0.608165
vn 0.357390 -0.708807 0.608165
vn 0.354533 -0.709351 -0.609203
vn 0.354533 -0.709351 -0.609203
vn 0.354533 -0.709351 -0.609203
vn 0.354533 -0.709351 -0.609203
vn 0.664386 -0.544842 -0.511604
vn 0.664386 -0.544842 -0.511604
vn 0.664386 -0.544842 -0.511604
vn 0.664386 -0.544842 -0.511604
vn 0.632411 -0.520736 0.573490
vn 0.632411 -0.520736 0.573490
vn 0.632411 -0.520736 0.573490
vn 0.632411 -0.520736 0.573490
vn 0.961437 0.228497 0.153065
vn 0.961437 0.228497 0.153065
vn 0.961437 0.228497 0.153065
vn 0.961437 0.228497 0.153065
vn 0.678563 -0.724424 -0.121501
vn 0.678563 -0.724424 -0.121501
vn 0.678563 -0.724424 -0.121501
vn 0.678563 -0.724424 -0.121501
vn 0.680037 -0.724980 0.109332
vn 0.680037 -0.724980 0.109332
vn 0.680037 -0.724980 0.109332
vn 0.680037 -0.724980 0.109332
vn 0.963595 0.229191 -0.137683
vn 0.963595 0.229191 -0.137683
vn 0.963595 0.229191 -0.137683
vn 0.963595 0.229191 -0.137683
vn 0.843414 -0.072827 -0.532305
vn 0.843414 -0.072827 -0.532305
vn 0.843414 -0.072827 -0.532305
vn 0.843414 -0.072827 -0.532305
vn 0.734481 -0.496207 0.462943
vn 0.734481 -0.496207 0.462943
vn 0.734481 -0.496207 0.462943
vn 0.734481 -0.496207 0.462943
vn 0.753390 -0.364163 0.547529
vn 0.753390 -0.364163 0.547529
vn 0.753390 -0.364163 0.547529
vn 0.753390 -0.364163 0.547529
vn 0.697826 -0.340260 -0.630287
vn 0.697826 -0.340260 -0.630287
vn 0.697826 -0.340260 -0.630287
vn 0.697826 -0.340260 -0.630287
vn -0.624985 -0.492009 -0.606070
vn -0.624985 -0.492009 -0.606070
vn -0.624985 -0.492009 -0.606070
vn -0.624985 -0.492009 -0.606070
vn -0.685528 -0.538854 0.489580
vn -0.685528 -0.538854 0.489580
vn -0.685528 -0.538854 0.489580
vn -0.685528 -0.538854 0.489580
vn -0.431177 -0.691610 0.579450
vn -0.431177 -0.691610 0.579450
vn -0.431177 -0.691610 0.579450
vn -0.431177 -0.691610 0.579450
vn -0.405890 -0.643674 -0.648797
vn -0.405890 -0.643674 -0.648797
vn -0.405890 -0.643674 -0.648797
vn -0.405890 -0.643674 -0.648797
vn 0.650347 0.400597 0.645423
vn 0.650347 0.400597 0.645423
vn 0.650347 0.400597 0.645423
vn 0.650347 0.400597 0.645423
vn 0.650726 0.477900 0.590057
vn 0.650726 0.477900 0.590057
vn 0.650726 0.477900 0.590057
vn 0.650726 0.477900 0.590057
vn 0.683486 0.521285 -0.510988
vn 0.683486 0.521285 -0.510988
vn 0.683486 0.521285 -0.510988
vn 0.683486 0.521285 -0.510988
vn 0.709430 0.478329 -0.517600
vn 0.709430 0.478329 -0.517600
vn 0.709430 0.478329 -0.517600
vn 0.709430 0.478329 -0.517600
vn -0.132183 -0.074316 -0.988436
vn -0.132183 -0.074316 -0.988436
vn -0.132183 -0.074316 -0.988436
vn -0.132183 -0.074316 -0.988436
vn 0.140661 0.047704 -0.988908
vn 0.140661 0.047704 -0.988908
vn 0.140661 0.047704 -0.988908
vn 0.140661 0.047704 -0.988908
vn 0.088328 0.437681 -0.894781
vn 0.088328 0.437681 -0.894781
vn 0.088328 0.437681 -0.894781
vn 0.088328 0.437681 -0.894781
vn -0.235500 0.330547 -0.913936
vn -0.235500 0.330547 -0.913936
vn -0.235500 0.330547 -0.913936
vn -0.235500 0.330547 -0.913936
vn -0.135127 -0.095872 0.986179
vn -0.135127 -0.095872 0.986179
vn -0.135127 -0.095872 0.986179
vn -0.135127 -0.095872 0.986179
vn 0.125489 0.103831 0.986647
vn 0.125489 0.103831 0.986647
vn 0.125489 0.103831 0.986647
vn 0.125489 0.103831 0.986647
vn 0.229019 0.061065 0.971505
vn 0.229019 0.061065 0.971505
vn 0.229019 0.061065 0.971505
vn 0.229019 0.061065 0.971505
vn -0.054462 -0.222370 0.973440
vn -0.054462 -0.222370 0.973440
vn -0.054462 -0.222370 0.973440
vn -0.054462 -0.222370 0.973440
vn -0.710550 -0.343330 0.614202
vn -0.710550 -0.343330 0.614202
vn -0.710550 -0.343330 0.614202
vn -0.710550 -0.343330 0.614202
vn -0.751485 -0.359469 -0.553220
vn -0.751485 -0.359469 -0.553220
vn -0.751485 -0.359469 -0.553220
vn -0.751485 -0.359469 -0.553220
vn -0.730895 -0.483607 -0.481577
vn -0.730895 -0.483607 -0.481577
vn -0.730895 -0.483607 -0.481577
vn -0.730895 -0.483607 -0.481577
vn -0.833320 -0.085429 0.546150
vn -0.833320 -0.085429 0.546150
vn -0.833320 -0.085429 0.546150
vn -0.833320 -0.085429 0.546150
vn 0.865933 0.084911 -0.492900
vn 0.865933 0.084911 -0.492900
vn 0.865933 0.084911 -0.492900
vn 0.865933 0.084911 -0.492900
vn 0.745359 0.305922 -0.592327
vn 0.745359 0.305922 -0.592327
vn 0.745359 0.305922 -0.592327
vn 0.745359 0.305922 -0.592327
vn 0.746498 0.300726 0.593552
vn 0.746498 0.300726 0.593552
vn 0.746498 0.300726 0.593552
vn 0.746498 0.300726 0.593552
vn 0.707501 0.464332 0.532765
vn 0.707501 0.464332 0.532765
vn 0.707501 0.464332 0.532765
vn 0.707501 0.464332 0.532765
vn -0.136930 -0.097585 0.985762
vn -0.136930 -0.097585 0.985762
vn -0.136930 -0.097585 0.985762
vn -0.136930 -0.097585 0.985762
vn 0.121982 0.123641 0.984801
vn 0.121982 0.123641 0.984801
vn 0.121982 0.123641 0.984801
vn 0.121982 0.123641 0.984801
vn 0.217565 0.097972 0.971116
vn 0.217565 0.097972 0.971116
vn 0.217565 0.097972 0.971116
vn 0.217565 0.097972 0.971116
vn -0.040840 -0.242113 0.969388
vn -0.040840 -0.242113 0.969388
vn -0.040840 -0.242113 0.969388
vn -0.040840 -0.242113 0.969388
vn -0.133222 -0.062779 -0.989096
vn -0.133222 -0.062779 -0.989096
vn -0.133222 -0.062779 -0.989096
vn -0.133222 -0.062779 -0.989096
vn 0.139611 0.060398 -0.988363
vn 0.139611 0.060398 -0.988363
vn 0.139611 0.060398 -0.988363
vn 0.139611 0.060398 -0.988363
vn 0.223548 -0.316240 -0.921965
vn 0.223548 -0.316240 -0.921965
vn 0.223548 -0.316240 -0.921965
vn 0.223548 -0.316240 -0.921965
vn -0.083548 -0.419192 -0.904045
vn -0.083548 -0.419192 -0.904045
vn -0.083548 -0.419192 -0.904045
vn -0.083548 -0.419192 -0.904045
vn 0.789897 0.410002 0.456027
vn 0.789897 0.410002 0.456027
vn 0.789897 0.410002 0.456027
vn 0.789897 0.410002 0.456027
vn 0.686868 0.617053 0.384003
vn 0.686868 0.617053 0.384003
vn 0.686868 0.617053 0.384003
vn 0.686868 0.617053 0.384003
vn 0.711920 0.638348 -0.292713
vn 0.711920 0.638348 -0.292713
vn 0.711920 0.638348 -0.292713
vn 0.711920 0.638348 -0.292713
vn 0.824611 0.428407 -0.369438
vn 0.824611 0.428407 -0.369438
vn 0.824611 0.428407 -0.369438
vn 0.824611 0.428407 -0.369438
vn -0.182440 -0.412108 0.892683
vn -0.182440 -0.412108 0.892683
vn -0.182440 -0.412108 0.892683
vn -0.182440 -0.412108 0.892683
vn -0.232427 -0.187667 0.954337
vn -0.232427 -0.187667 0.954337
vn -0.232427 -0.187667 0.954337
vn -0.232427 -0.187667 0.954337
vn 0.209689 0.201839 0.956709
vn 0.209689 0.201839 0.956709
vn 0.209689 0.201839 0.956709
vn 0.209689 0.201839 0.956709
vn 0.335405 0.040421 0.941207
vn 0.335405 0.040421 0.941207
vn 0.335405 0.040421 0.941207
vn 0.335405 0.040421 0.941207
vn 0.356489 0.049975 -0.932962
vn 0.356489 0.049975 -0.932962
vn 0.356489 0.049975 -0.932962
vn 0.356489 0.049975 -0.932962
vn 0.224814 0.214260 -0.950553
vn 0.224814 0.214260 -0.950553
vn 0.224814 0.214260 -0.950553
vn 0.224814 0.214260 -0.950553
vn -0.217456 -0.174216 -0.960397
vn -0.217456 -0.174216 -0.960397
vn -0.217456 -0.174216 -0.960397
vn -0.217456 -0.174216 -0.960397
vn -0.168390 -0.391772 -0.904522
vn -0.168390 -0.391772 -0.904522
vn -0.168390 -0.391772 -0.904522
vn -0.168390 -0.391772 -0.904522
vn -0.547478 -0.734015 -0.401858
vn -0.547478 -0.734015 -0.401858
vn -0.547478 -0.734015 -0.401858
vn -0.547478 -0.734015 -0.401858
vn -0.699278 -0.603509 -0.383129
vn -0.699278 -0.603509 -0.383129
vn -0.699278 -0.603509 -0.383129
vn -0.699278 -0.603509 -0.383129
vn -0.723309 -0.625349 0.292854
vn -0.723309 -0.625349 0.292854
vn -0.723309 -0.625349 0.292854
vn -0.723309 -0.625349 0.292854
vn -0.566078 -0.758502 0.322847
vn -0.566078 -0.758502 0.322847
vn -0.566078 -0.758502 0.322847
vn -0.566078 -0.758502 0.322847
vn -0.675399 -0.631377 -0.381050
vn -0.675399 -0.631377 -0.381050
vn -0.675399 -0.631377 -0.381050
vn -0.675399 -0.631377 -0.381050
vn -0.788101 -0.426219 -0.444110
vn -0.788101 -0.426219 -0.444110
vn -0.788101 -0.426219 -0.444110
vn -0.788101 -0.426219 -0.444110
vn -0.820577 -0.444106 0.359754
vn -0.820577 -0.444106 0.359754
vn -0.820577 -0.444106 0.359754
vn -0.820577 -0.444106 0.359754
vn -0.699372 -0.652764 0.291165
vn -0.699372 -0.652764 0.291165
vn -0.699372 -0.652764 0.291165
vn -0.699372 -0.652764 0.291165
vn 0.233820 0.194474 -0.952632
vn 0.233820 0.194474 -0.952632
vn 0.233820 0.194474 -0.952632
vn 0.233820 0.194474 -0.952632
vn 0.155226 0.413405 -0.897218
vn 0.155226 0.413405 -0.897218
vn 0.155226 0.413405 -0.897218
vn 0.155226 0.413405 -0.897218
vn -0.350219 -0.050845 -0.935287
vn -0.350219 -0.050845 -0.935287
vn -0.350219 -0.050845 -0.935287
vn -0.350219 -0.050845 -0.935287
vn -0.202232 -0.202203 -0.958236
vn -0.202232 -0.202203 -0.958236
vn -0.202232 -0.202203 -0.958236
vn -0.202232 -0.202203 -0.958236
vn -0.217158 -0.215051 0.952153
vn -0.217158 -0.215051 0.952153
vn -0.217158 -0.215051 0.952153
vn -0.217158 -0.215051 0.952153
vn -0.371673 -0.060367 0.926399
vn -0.371673 -0.060367 0.926399
vn -0.371673 -0.060367 0.926399
vn -0.371673 -0.060367 0.926399
vn 0.141770 0.393468 0.908342
vn 0.141770 0.393468 0.908342
vn 0.141770 0.393468 0.908342
vn 0.141770 0.393468 0.908342
vn 0.219243 0.181239 0.958689
vn 0.219243 0.181239 0.958689
vn 0.219243 0.181239 0.958689
vn 0.219243 0.181239 0.958689
vn 0.690810 0.611754 0.385406
vn 0.690810 0.611754 0.385406
vn 0.690810 0.611754 0.385406
vn 0.690810 0.611754 0.385406
vn 0.518398 0.749153 0.412352
vn 0.518398 0.749153 0.412352
vn 0.518398 0.749153 0.412352
vn 0.518398 0.749153 0.412352
vn 0.537244 0.775367 -0.331926
vn 0.537244 0.775367 -0.331926
vn 0.537244 0.775367 -0.331926
vn 0.537244 0.775367 -0.331926
vn 0.715161 0.634175 -0.293883
vn 0.715161 0.634175 -0.293883
vn 0.715161 0.634175 -0.293883
vn 0.715161 0.634175 -0.293883
vn -0.044934 0.896452 -0.440857
vn -0.044934 0.896452 -0.440857
vn -0.044934 0.896452 -0.440857
vn -0.044934 0.896452 -0.440857
vn -0.049789 0.876980 0.477941
vn -0.049789 0.876980 0.477941
vn -0.049789 0.876980 0.477941
vn -0.049789 0.876980 0.477941
vn -0.788695 0.356900 0.500582
vn -0.788695 0.356900 0.500582
vn -0.788695 0.356900 0.500582
vn -0.788695 0.356900 0.500582
vn -0.764295 0.353604 -0.539274
vn -0.764295 0.353604 -0.539274
vn -0.764295 0.353604 -0.539274
vn -0.764295 0.353604 -0.539274
vn -0.068181 -0.905658 0.418492
vn -0.068181 -0.905658 0.418492
vn -0.068181 -0.905658 0.418492
vn -0.068181 -0.905658 0.418492
vn 0.688735 -0.434481 0.580405
vn 0.688735 -0.434481 0.580405
vn 0.688735 -0.434481 0.580405
vn 0.688735 -0.434481 0.580405
vn 0.715778 -0.440947 -0.541506
vn 0.715778 -0.440947 -0.541506
vn 0.715778 -0.440947 -0.541506
vn 0.715778 -0.440947 -0.541506
vn -0.062423 -0.888100 -0.455392
vn -0.062423 -0.888100 -0.455392
vn -0.062423 -0.888100 -0.455392
vn -0.062423 -0.888100 -0.455392
vn 0.268217 -0.518050 0.812209
vn 0.268217 -0.518050 0.812209
vn 0.268217 -0.518050 0.812209
vn 0.268217 -0.518050 0.812209
vn 0.697768 -0.021826 0.715991
vn 0.697768 -0.021826 0.715991
vn 0.697768 -0.021826 0.715991
vn 0.697768 -0.021826 0.715991
vn 0.868935 -0.008135 -0.494859
vn 0.868935 -0.008135 -0.494859
vn 0.868935 -0.008135 -0.494859
vn 0.868935 -0.008135 -0.494859
vn 0.292037 -0.595495 -0.748398
vn 0.292037 -0.595495 -0.748398
vn 0.292037 -0.595495 -0.748398
vn 0.292037 -0.595495 -0.748398
vn -0.369957 0.897685 -0.239360
vn -0.369957 0.897685 -0.239360
vn -0.369957 0.897685 -0.239360
vn -0.369957 0.897685 -0.239360
vn -0.002123 0.973912 -0.226918
vn -0.002123 0.973912 -0.226918
vn -0.002123 0.973912 -0.226918
vn -0.002123 0.973912 -0.226918
vn -0.002233 0.967799 0.251715
vn -0.002233 0.967799 0.251715
vn -0.002233 0.967799 0.251715
vn -0.002233 0.967799 0.251715
vn -0.367185 0.891491 0.265366
vn -0.367185 0.891491 0.265366
vn -0.367185 0.891491 0.265366
vn -0.367185 0.891491 0.265366
vn -0.025932 -0.241839 -0.969970
vn -0.025932 -0.241839 -0.969970
vn -0.025932 -0.241839 -0.969970
vn -0.025932 -0.241839 -0.969970
vn 0.237380 0.056418 -0.969777
vn 0.237380 0.056418 -0.969777
vn 0.237380 0.056418 -0.969777
vn 0.237380 0.056418 -0.969777
vn 0.128165 0.108047 -0.985850
vn 0.128165 0.108047 -0.985850
vn 0.128165 0.108047 -0.985850
vn 0.128165 0.108047 -0.985850
vn -0.134173 -0.102386 -0.985654
vn -0.134173 -0.102386 -0.985654
vn -0.134173 -0.102386 -0.985654
vn -0.134173 -0.102386 -0.985654
vn -0.082273 -0.450460 0.888998
vn -0.082273 -0.450460 0.888998
vn -0.082273 -0.450460 0.888998
vn -0.082273 -0.450460 0.888998
vn 0.232890 -0.346262 0.908771
vn 0.232890 -0.346262 0.908771
vn 0.232890 -0.346262 0.908771
vn 0.232890 -0.346262 0.908771
vn 0.137260 0.057369 0.988872
vn 0.137260 0.057369 0.988872
vn 0.137260 0.057369 0.988872
vn 0.137260 0.057369 0.988872
vn -0.130320 -0.064426 0.989377
vn -0.130320 -0.064426 0.989377
vn -0.130320 -0.064426 0.989377
vn -0.130320 -0.064426 0.989377
vn 0.390896 -0.626693 0.674134
vn 0.390896 -0.626693 0.674134
vn 0.390896 -0.626693 0.674134
vn 0.390896 -0.626693 0.674134
vn 0.894366 -0.033617 0.446071
vn 0.894366 -0.033617 0.446071
vn 0.894366 -0.033617 0.446071
vn 0.894366 -0.033617 0.446071
vn 0.712122 -0.041649 -0.700819
vn 0.712122 -0.041649 -0.700819
vn 0.712122 -0.041649 -0.700819
vn 0.712122 -0.041649 -0.700819
vn 0.333022 -0.516621 -0.788796
vn 0.333022 -0.516621 -0.788796
vn 0.333022 -0.516621 -0.788796
vn 0.333022 -0.516621 -0.788796
vn -0.225173 0.301768 0.926409
vn -0.225173 0.301768 0.926409
vn -0.225173 0.301768 0.926409
vn -0.225173 0.301768 0.926409
vn 0.089630 0.407224 0.908920
vn 0.089630 0.407224 0.908920
vn 0.089630 0.407224 0.908920
vn 0.089630 0.407224 0.908920
vn 0.142611 0.048301 0.988600
vn 0.142611 0.048301 0.988600
vn 0.142611 0.048301 0.988600
vn 0.142611 0.048301 0.988600
vn -0.134665 -0.074609 0.988078
vn -0.134665 -0.074609 0.988078
vn -0.134665 -0.074609 0.988078
vn -0.134665 -0.074609 0.988078
vn -0.066869 -0.214478 -0.974437
vn -0.066869 -0.214478 -0.974437
vn -0.066869 -0.214478 -0.974437
vn -0.066869 -0.214478 -0.974437
vn 0.221933 0.092611 -0.970654
vn 0.221933 0.092611 -0.970654
vn 0.221933 0.092611 -0.970654
vn 0.221933 0.092611 -0.970654
vn 0.125371 0.116210 -0.985280
vn 0.125371 0.116210 -0.985280
vn 0.125371 0.116210 -0.985280
vn 0.125371 0.116210 -0.985280
vn -0.135883 -0.092888 -0.986361
vn -0.135883 -0.092888 -0.986361
vn -0.135883 -0.092888 -0.986361
vn -0.135883 -0.092888 -0.986361
vn -0.011086 -0.967470 -0.252744
vn -0.011086 -0.967470 -0.252744
vn -0.011086 -0.967470 -0.252744
vn -0.011086 -0.967470 -0.252744
vn 0.339504 -0.901709 -0.267690
vn 0.339504 -0.901709 -0.267690
vn 0.339504 -0.901709 -0.267690
vn 0.339504 -0.901709 -0.267690
vn 0.341880 -0.907830 0.242823
vn 0.341880 -0.907830 0.242823
vn 0.341880 -0.907830 0.242823
vn 0.341880 -0.907830 0.242823
vn -0.011340 -0.973333 0.229118
vn -0.011340 -0.973333 0.229118
vn -0.011340 -0.973333 0.229118
vn -0.011340 -0.973333 0.229118
vn 0.649069 0.509506 -0.564901
vn 0.649069 0.509506 -0.564901
vn 0.649069 0.509506 -0.564901
vn 0.649069 0.509506 -0.564901
vn 0.630151 0.441281 -0.638890
vn 0.630151 0.441281 -0.638890
vn 0.630151 0.441281 -0.638890
vn 0.630151 0.441281 -0.638890
vn 0.653633 0.525032 0.545073
vn 0.653633 0.525032 0.545073
vn 0.653633 0.525032 0.545073
vn 0.653633 0.525032 0.545073
vn 0.657158 0.542710 0.523077
vn 0.657158 0.542710 0.523077
vn 0.657158 0.542710 0.523077
vn 0.657158 0.542710 0.523077
vn 0.980981 -0.156367 0.115006
vn 0.980981 -0.156367 0.115006
vn 0.980981 -0.156367 0.115006
vn 0.980981 -0.156367 0.115006
vn 0.979285 -0.157029 -0.127838
vn 0.979285 -0.157029 -0.127838
vn 0.979285 -0.157029 -0.127838
vn 0.979285 -0.157029 -0.127838
vn 0.658501 0.740504 0.134275
vn 0.658501 0.740504 0.134275
vn 0.658501 0.740504 0.134275
vn 0.658501 0.740504 0.134275
vn 0.659662 0.741809 -0.120682
vn 0.659662 0.741809 -0.120682
vn 0.659662 0.741809 -0.120682
vn 0.659662 0.741809 -0.120682
vn 0.740787 0.305758 0.598119
vn 0.740787 0.305758 0.598119
vn 0.740787 0.305758 0.598119
vn 0.740787 0.305758 0.598119
vn 0.876639 0.076736 0.474990
vn 0.876639 0.076736 0.474990
vn 0.876639 0.076736 0.474990
vn 0.876639 0.076736 0.474990
vn 0.709400 0.479696 -0.516376
vn 0.709400 0.479696 -0.516376
vn 0.709400 0.479696 -0.516376
vn 0.709400 0.479696 -0.516376
vn 0.740618 0.300915 -0.600779
vn 0.740618 0.300915 -0.600779
vn 0.740618 0.300915 -0.600779
vn 0.740618 0.300915 -0.600779
vn -0.357390 -0.708807 0.608165
vn -0.357390 -0.708807 0.608165
vn -0.357390 -0.708807 0.608165
vn -0.357390 -0.708807 0.608165
vn -0.354532 -0.709351 -0.609203
vn -0.354532 -0.709351 -0.609203
vn -0.354532 -0.709351 -0.609203
vn -0.354532 -0.709351 -0.609203
vn -0.664385 -0.544842 -0.511605
vn -0.664385 -0.544842 -0.511605
vn -0.664385 -0.544842 -0.511605
vn -0.664385 -0.544842 -0.511605
vn -0.632412 -0.520736 0.573488
vn -0.632412 -0.520736 0.573488
vn -0.632412 -0.520736 0.573488
vn -0.632412 -0.520736 0.573488
vn -0.961437 0.228497 0.153065
vn -0.961437 0.228497 0.153065
vn -0.961437 0.228497 0.153065
vn -0.961437 0.228497 0.153065
vn -0.678562 -0.724425 -0.121501
vn -0.678562 -0.724425 -0.121501
vn -0.678562 -0.724425 -0.121501
vn -0.678562 -0.724425 -0.121501
vn -0.680037 -0.724980 0.109332
vn -0.680037 -0.724980 0.109332
vn -0.680037 -0.724980 0.109332
vn -0.680037 -0.724980 0.109332
vn -0.963595 0.229191 -0.137682
vn -0.963595 0.229191 -0.137682
vn -0.963595 0.229191 -0.137682
vn -0.963595 0.229191 -0.137682
vn -0.843413 -0.072827 -0.532307
vn -0.843413 -0.072827 -0.532307
vn -0.843413 -0.072827 -0.532307
vn -0.843413 -0.072827 -0.532307
vn -0.734481 -0.496208 0.462942
vn -0.734481 -0.496208 0.462942
vn -0.734481 -0.496208 0.462942
vn -0.734481 -0.496208 0.462942
vn -0.753391 -0.364164 0.547528
vn -0.753391 -0.364164 0.547528
vn -0.753391 -0.364164 0.547528
vn -0.753391 -0.364164 0.547528
vn -0.697826 -0.340260 -0.630287
vn -0.697826 -0.340260 -0.630287
vn -0.697826 -0.340260 -0.630287
vn -0.697826 -0.340260 -0.630287
usemtl backpack_Gold
f 6233//6233 6234//6234 6235//6235
f 6234//6234 6233//6233 6236//6236
f 6237//6237 6238//6238 6239//6239
f 6239//6239 6238//6238 6240//6240
f 6241//6241 6242//6242 6243//6243
f 6242//6242 6241//6241 6244//6244
f 6245//6245 6246//6246 6247//6247
f 6246//6246 6245//6245 6248//6248
f 6249//6249 6250//6250 6251//6251
f 6251//6251 6252//6252 6249//6249
f 6253//6253 6254//6254 6255//6255
f 6256//6256 6253//6253 6255//6255
f 6257//6257 6258//6258 6259//6259
f 6257//6257 6260//6260 6258//6258
f 6261//6261 6262//6262 6263//6263
f 6262//6262 6261//6261 6264//6264
f 6265//6265 6266//6266 6267//6267
f 6267//6267 6268//6268 6265//6265
f 6269//6269 6270//6270 6271//6271
f 6272//6272 6269//6269 6271//6271
f 6273//6273 6274//6274 6275//6275
f 6273//6273 6276//6276 6274//6274
f 6277//6277 6278//6278 6279//6279
f 6278//6278 6277//6277 6280//6280
f 6281//6281 6282//6282 6283//6283
f 6283//6283 6284//6284 6281//6281
f 6285//6285 6286//6286 6287//6287
f 6286//6286 6285//6285 6288//6288
f 6289//6289 6290//6290 6291//6291
f 6290//6290 6289//6289 6292//6292
f 6293//6293 6294//6294 6295//6295
f 6294//6294 6293//6293 6296//6296
f 6297//6297 6298//6298 6299//6299
f 6299//6299 6300//6300 6297//6297
f 6301//6301 6302//6302 6303//6303
f 6302//6302 6301//6301 6304//6304
f 6305//6305 6306//6306 6307//6307
f 6305//6305 6307//6307 6308//6308
f 6309//6309 6310//6310 6311//6311
f 6309//6309 6312//6312 6310//6310
f 6313//6313 6314//6314 6315//6315
f 6314//6314 6313//6313 6316//6316
f 6317//6317 6318//6318 6319//6319
f 6318//6318 6317//6317 6320//6320
f 6321//6321 6322//6322 6323//6323
f 6322//6322 6321//6321 6324//6324
f 6325//6325 6326//6326 6327//6327
f 6328//6328 6327//6327 6326//6326
f 6329//6329 6330//6330 6331//6331
f 6330//6330 6329//6329 6332//6332
f 6333//6333 6334//6334 6335//6335
f 6334//6334 6333//6333 6336//6336
f 6337//6337 6338//6338 6339//6339
f 6338//6338 6337//6337 6340//6340
f 6341//6341 6342//6342 6343//6343
f 6342//6342 6341//6341 6344//6344
f 6345//6345 6346//6346 6347//6347
f 6346//6346 6345//6345 6348//6348
f 6349//6349 6350//6350 6351//6351
f 6350//6350 6349//6349 6352//6352
f 6353//6353 6354//6354 6355//6355
f 6354//6354 6353//6353 6356//6356
f 6357//6357 6358//6358 6359//6359
f 6358//6358 6357//6357 6360//6360
f 6361//6361 6362//6362 6363//6363
f 6363//6363 6364//6364 6361//6361
f 6365//6365 6366//6366 6367//6367
f 6366//6366 6365//6365 6368//6368
f 6369//6369 6370//6370 6371//6371
f 6371//6371 6372//6372 6369//6369
f 6373//6373 6374//6374 6375//6375
f 6374//6374 6373//6373 6376//6376
f 6377//6377 6378//6378 6379//6379
f 6378//6378 6377//6377 6380//6380
f 6381//6381 6382//6382 6383//6383
f 6382//6382 6381//6381 6384//6384
f 6385//6385 6386//6386 6387//6387
f 6388//6388 6386//6386 6385//6385
f 6389//6389 6390//6390 6391//6391
f 6390//6390 6389//6389 6392//6392
f 6393//6393 6394//6394 6395//6395
f 6394//6394 6393//6393 6396//6396
f 6397//6397 6398//6398 6399//6399
f 6398//6398 6397//6397 6400//6400
f 6401//6401 6402//6402 6403//6403
f 6402//6402 6401//6401 6404//6404
f 6405//6405 6406//6406 6407//6407
f 6406//6406 6405//6405 6408//6408
f 6409//6409 6410//6410 6411//6411
f 6411//6411 6412//6412 6409//6409
f 6413//6413 6414//6414 6415//6415
f 6416//6416 6414//6414 6413//6413
f 6417//6417 6418//6418 6419//6419
f 6418//6418 6417//6417 6420//6420
f 6421//6421 6422//6422 6423//6423
f 6422//6422 6421//6421 6424//6424
f 6425//6425 6426//6426 6427//6427
f 6426//6426 6425//6425 6428//6428
f 6429//6429 6430//6430 6431//6431
f 6430//6430 6429//6429 6432//6432
f 6433//6433 6434//6434 6435//6435
f 6436//6436 6433//6433 6435//6435
f 6437//6437 6438//6438 6439//6439
f 6438//6438 6437//6437 6440//6440
f 6441//6441 6442//6442 6443//6443
f 6444//6444 6442//6442 6441//6441
f 6445//6445 6446//6446 6447//6447
f 6446//6446 6445//6445 6448//6448
f 6449//6449 6450//6450 6451//6451
f 6452//6452 6450//6450 6449//6449
f 6453//6453 6454//6454 6455//6455
f 6454//6454 6453//6453 6456//6456
f 6457//6457 6458//6458 6459//6459
f 6458//6458 6457//6457 6460//6460
f 6461//6461 6462//6462 6463//6463
f 6462//6462 6461//6461 6464//6464
f 6465//6465 6466//6466 6467//6467
f 6466//6466 6465//6465 6468//6468
f 6469//6469 6470//6470 6471//6471
f 6470//6470 6469//6469 6472//6472
f 6473//6473 6474//6474 6475//6475
f 6474//6474 6473//6473 6476//6476
f 6477//6477 6478//6478 6479//6479
f 6480//6480 6477//6477 6479//6479
f 6481//6481 6482//6482 6483//6483
f 6482//6482 6481//6481 6484//6484
f 6485//6485 6486//6486 6487//6487
f 6486//6486 6485//6485 6488//6488
f 6489//6489 6490//6490 6491//6491
f 6491//6491 6490//6490 6492//6492
f 6493//6493 6494//6494 6495//6495
f 6494//6494 6493//6493 6496//6496
f 6497//6497 6498//6498 6499//6499
f 6500//6500 6498//6498 6497//6497
f 6501//6501 6502//6502 6503//6503
f 6503//6503 6504//6504 6501//6501
f 6505//6505 6506//6506 6507//6507
f 6506//6506 6505//6505 6508//6508
f 6509//6509 6510//6510 6511//6511
f 6510//6510 6509//6509 6512//6512
f 6513//6513 6514//6514 6515//6515
f 6516//6516 6515//6515 6514//6514
f 6517//6517 6518//6518 6519//6519
f 6518//6518 6517//6517 6520//6520
f 6521//6521 6522//6522 6523//6523
f 6524//6524 6521//6521 6523//6523
f 6525//6525 6526//6526 6527//6527
f 6525//6525 6528//6528 6526//6526
f 6529//6529 6530//6530 6531//6531
f 6530//6530 6529//6529 6532//6532
f 6533//6533 6534//6534 6535//6535
f 6535//6535 6536//6536 6533//6533
f 6537//6537 6538//6538 6539//6539
f 6538//6538 6537//6537 6540//6540
f 6541//6541 6542//6542 6543//6543
f 6542//6542 6541//6541 6544//6544
f 6545//6545 6546//6546 6547//6547
f 6546//6546 6545//6545 6548//6548
f 6549//6549 6550//6550 6551//6551
f 6550//6550 6549//6549 6552//6552
f 6553//6553 6554//6554 6555//6555
f 6556//6556 6554//6554 6553//6553
f 6557//6557 6558//6558 6559//6559
f 6558//6558 6557//6557 6560//6560
f 6561//6561 6562//6562 6563//6563
f 6564//6564 6561//6561 6563//6563
f 6565//6565 6566//6566 6567//6567
f 6567//6567 6568//6568 6565//6565
f 6569//6569 6570//6570 6571//6571
f 6570//6570 6569//6569 6572//6572
f 6573//6573 6574//6574 6575//6575
f 6573//6573 6576//6576 6574//6574
f 6577//6577 6578//6578 6579//6579
f 6578//6578 6577//6577 6580//6580
f 6581//6581 6582//6582 6583//6583
f 6581//6581 6583//6583 6584//6584
f 6585//6585 6586//6586 6587//6587
f 6586//6586 6585//6585 6588//6588
f 6589//6589 6590//6590 6591//6591
f 6591//6591 6592//6592 6589//6589
f 6593//6593 6594//6594 6595//6595
f 6596//6596 6595//6595 6594//6594
f 6597//6597 6598//6598 6599//6599
f 6598//6598 6597//6597 6600//6600
f 6601//6601 6602//6602 6603//6603
f 6602//6602 6601//6601 6604//6604
f 6605//6605 6606//6606 6607//6607
f 6606//6606 6605//6605 6608//6608
f 6609//6609 6610//6610 6611//6611
f 6610//6610 6609//6609 6612//6612
f 6613//6613 6614//6614 6615//6615
f 6614//6614 6613//6613 6616//6616
f 6617//6617 6618//6618 6619//6619
f 6618//6618 6617//6617 6620//6620
f 6621//6621 6622//6622 6623//6623
f 6622//6622 6621//6621 6624//6624
f 6625//6625 6626//6626 6627//6627
f 6626//6626 6625//6625 6628//6628
f 6629//6629 6630//6630 6631//6631
f 6630//6630 6629//6629 6632//6632
f 6633//6633 6634//6634 6635//6635
f 6634//6634 6633//6633 6636//6636
f 6637//6637 6638//6638 6639//6639
f 6638//6638 6637//6637 6640//6640
f 6641//6641 6642//6642 6643//6643
f 6642//6642 6641//6641 6644//6644
f 6645//6645 6646//6646 6647//6647
f 6646//6646 6645//6645 6648//6648
f 6649//6649 6650//6650 6651//6651
f 6650//6650 6649//6649 6652//6652
f 6653//6653 6654//6654 6655//6655
f 6654//6654 6653//6653 6656//6656
f 6657//6657 6658//6658 6659//6659
f 6658//6658 6657//6657 6660//6660
f 6661//6661 6662//6662 6663//6663
f 6664//6664 6663//6663 6662//6662
f 6665//6665 6666//6666 6667//6667
f 6665//6665 6667//6667 6668//6668
f 6669//6669 6670//6670 6671//6671
f 6670//6670 6669//6669 6672//6672
f 6673//6673 6674//6674 6675//6675
f 6673//6673 6676//6676 6674//6674
f 6677//6677 6678//6678 6679//6679
f 6680//6680 6679//6679 6678//6678
f 6681//6681 6682//6682 6683//6683
f 6683//6683 6684//6684 6681//6681
f 6685//6685 6686//6686 6687//6687
f 6686//6686 6685//6685 6688//6688
f 6689//6689 6690//6690 6691//6691
f 6690//6690 6689//6689 6692//6692
f 6693//6693 6694//6694 6695//6695
f 6694//6694 6693//6693 6696//6696
f 6697//6697 6698//6698 6699//6699
f 6698//6698 6697//6697 6700//6700
f 6701//6701 6702//6702 6703//6703
f 6702//6702 6701//6701 6704//6704
f 6705//6705 6706//6706 6707//6707
f 6705//6705 6708//6708 6706//6706
f 6709//6709 6710//6710 6711//6711
f 6710//6710 6709//6709 6712//6712
f 6713//6713 6714//6714 6715//6715
f 6714//6714 6713//6713 6716//6716
f 6717//6717 6718//6718 6719//6719
f 6718//6718 6717//6717 6720//6720
f 6721//6721 6722//6722 6723//6723
f 6722//6722 6721//6721 6724//6724
f 6725//6725 6726//6726 6727//6727
f 6725//6725 6727//6727 6728//6728
f 6729//6729 6730//6730 6731//6731
f 6729//6729 6732//6732 6730//6730
f 6733//6733 6734//6734 6735//6735
f 6736//6736 6733//6733 6735//6735
f 6737//6737 6738//6738 6739//6739
f 6738//6738 6737//6737 6740//6740
f 6741//6741 6742//6742 6743//6743
f 6742//6742 6741//6741 6744//6744
f 6745//6745 6746//6746 6747//6747
f 6747//6747 6748//6748 6745//6745
f 6749//6749 6750//6750 6751//6751
f 6750//6750 6749//6749 6752//6752
f 6753//6753 6754//6754 6755//6755
f 6754//6754 6753//6753 6756//6756
f 6757//6757 6758//6758 6759//6759
f 6758//6758 6757//6757 6760//6760
f 6761//6761 6762//6762 6763//6763
f 6762//6762 6761//6761 6764//6764
f 6765//6765 6766//6766 6767//6767
f 6766//6766 6765//6765 6768//6768
f 6769//6769 6770//6770 6771//6771
f 6770//6770 6769//6769 6772//6772
f 6773//6773 6774//6774 6775//6775
f 6774//6774 6773//6773 6776//6776
f 6777//6777 6778//6778 6779//6779
f 6780//6780 6778//6778 6777//6777
f 6781//6781 6782//6782 6783//6783
f 6784//6784 6781//6781 6783//6783
f 6785//6785 6786//6786 6787//6787
f 6786//6786 6785//6785 6788//6788
f 6789//6789 6790//6790 6791//6791
f 6790//6790 6789//6789 6792//6792
f 6793//6793 6794//6794 6795//6795
f 6796//6796 6795//6795 6794//6794
f 6797//6797 6798//6798 6799//6799
f 6798//6798 6797//6797 6800//6800
f 6801//6801 6802//6802 6803//6803
f 6802//6802 6801//6801 6804//6804
f 6805//6805 6806//6806 6807//6807
f 6806//6806 6805//6805 6808//6808
f 6809//6809 6810//6810 6811//6811
f 6810//6810 6809//6809 6812//6812
f 6813//6813 6814//6814 6815//6815
f 6815//6815 6816//6816 6813//6813
f 6817//6817 6818//6818 6819//6819
f 6818//6818 6817//6817 6820//6820
f 6821//6821 6822//6822 6823//6823
f 6823//6823 6824//6824 6821//6821
f 6825//6825 6826//6826 6827//6827
f 6826//6826 6825//6825 6828//6828
f 6829//6829 6830//6830 6831//6831
f 6832//6832 6830//6830 6829//6829
f 6833//6833 6834//6834 6835//6835
f 6834//6834 6833//6833 6836//6836
f 6837//6837 6838//6838 6839//6839
f 6838//6838 6837//6837 6840//6840
f 6841//6841 6842//6842 6843//6843
f 6842//6842 6841//6841 6844//6844
f 6845//6845 6846//6846 6847//6847
f 6848//6848 6847//6847 6846//6846
f 6849//6849 6850//6850 6851//6851
f 6850//6850 6849//6849 6852//6852
f 6853//6853 6854//6854 6855//6855
f 6854//6854 6853//6853 6856//6856
f 6857//6857 6858//6858 6859//6859
f 6858//6858 6857//6857 6860//6860
f 6861//6861 6862//6862 6863//6863
f 6862//6862 6861//6861 6864//6864
f 6865//6865 6866//6866 6867//6867
f 6866//6866 6865//6865 6868//6868
f 6869//6869 6870//6870 6871//6871
f 6872//6872 6870//6870 6869//6869
f 6873//6873 6874//6874 6875//6875
f 6874//6874 6873//6873 6876//6876
f 6877//6877 6878//6878 6879//6879
f 6878//6878 6877//6877 6880//6880
f 6881//6881 6882//6882 6883//6883
f 6882//6882 6881//6881 6884//6884
f 6885//6885 6886//6886 6887//6887
f 6885//6885 6888//6888 6886//6886
f 6889//6889 6890//6890 6891//6891
f 6890//6890 6889//6889 6892//6892
f 6893//6893 6894//6894 6895//6895
f 6896//6896 6894//6894 6893//6893
f 6897//6897 6898//6898 6899//6899
f 6897//6897 6899//6899 6900//6900
f 6901//6901 6902//6902 6903//6903
f 6902//6902 6901//6901 6904//6904
f 6905//6905 6906//6906 6907//6907
f 6906//6906 6905//6905 6908//6908
f 6909//6909 6910//6910 6911//6911
f 6910//6910 6909//6909 6912//6912
f 6913//6913 6914//6914 6915//6915
f 6916//6916 6913//6913 6915//6915
f 6917//6917 6918//6918 6919//6919
f 6918//6918 6917//6917 6920//6920
f 6921//6921 6922//6922 6923//6923
f 6922//6922 6921//6921 6924//6924
f 6925//6925 6926//6926 6927//6927
f 6925//6925 6928//6928 6926//6926
f 6929//6929 6930//6930 6931//6931
f 6932//6932 6929//6929 6931//6931
f 6933//6933 6934//6934 6935//6935
f 6934//6934 6933//6933 6936//6936
f 6937//6937 6938//6938 6939//6939
f 6940//6940 6938//6938 6937//6937
f 6941//6941 6942//6942 6943//6943
f 6942//6942 6941//6941 6944//6944
f 6945//6945 6946//6946 6947//6947
f 6946//6946 6945//6945 6948//6948
f 6949//6949 6950//6950 6951//6951
f 6950//6950 6949//6949 6952//6952
f 6953//6953 6954//6954 6955//6955
f 6955//6955 6956//6956 6953//6953
f 6957//6957 6958//6958 6959//6959
f 6958//6958 6957//6957 6960//6960
f 6961//6961 6962//6962 6963//6963
f 6963//6963 6964//6964 6961//6961
f 6965//6965 6966//6966 6967//6967
f 6966//6966 6965//6965 6968//6968
f 6969//6969 6970//6970 6971//6971
f 6970//6970 6969//6969 6972//6972
f 6973//6973 6974//6974 6975//6975
f 6973//6973 6976//6976 6974//6974
f 6977//6977 6978//6978 6979//6979
f 6979//6979 6980//6980 6977//6977
f 6981//6981 6982//6982 6983//6983
f 6982//6982 6981//6981 6984//6984
f 6985//6985 6986//6986 6987//6987
f 6988//6988 6986//6986 6985//6985
f 6989//6989 6990//6990 6991//6991
f 6990//6990 6989//6989 6992//6992
f 6993//6993 6994//6994 6995//6995
f 6996//6996 6993//6993 6995//6995
f 6997//6997 6998//6998 6999//6999
f 6998//6998 6997//6997 7000//7000
f 7001//7001 7002//7002 7003//7003
f 7004//7004 7001//7001 7003//7003
f 7005//7005 7006//7006 7007//7007
f 7005//7005 7008//7008 7006//7006
f 7009//7009 7010//7010 7011//7011
f 7010//7010 7009//7009 7012//7012
f 7013//7013 7014//7014 7015//7015
f 7014//7014 7013//7013 7016//7016
f 7017//7017 7018//7018 7019//7019
f 7019//7019 7020//7020 7017//7017
f 7021//7021 7022//7022 7023//7023
f 7022//7022 7021//7021 7024//7024
f 7025//7025 7026//7026 7027//7027
f 7025//7025 7027//7027 7028//7028
f 7029//7029 7030//7030 7031//7031
f 7032//7032 7029//7029 7031//7031
f 7033//7033 7034//7034 7035//7035
f 7034//7034 7033//7033 7036//7036
f 7037//7037 7038//7038 7039//7039
f 7040//7040 7039//7039 7038//7038
f 7041//7041 7042//7042 7043//7043
f 7042//7042 7041//7041 7044//7044
f 7045//7045 7046//7046 7047//7047
f 7046//7046 7045//7045 7048//7048
f 7049//7049 7050//7050 7051//7051
f 7050//7050 7049//7049 7052//7052
f 7053//7053 7054//7054 7055//7055
f 7054//7054 7053//7053 7056//7056
f 7057//7057 7058//7058 7059//7059
f 7058//7058 7057//7057 7060//7060
f 7061//7061 7062//7062 7063//7063
f 7062//7062 7061//7061 7064//7064
f 7065//7065 7066//7066 7067//7067
f 7068//7068 7065//7065 7067//7067
f 7069//7069 7070//7070 7071//7071
f 7072//7072 7069//7069 7071//7071
f 7073//7073 7074//7074 7075//7075
f 7074//7074 7073//7073 7076//7076
f 7077//7077 7078//7078 7079//7079
f 7080//7080 7078//7078 7077//7077
f 7081//7081 7082//7082 7083//7083
f 7082//7082 7081//7081 7084//7084
f 7085//7085 7086//7086 7087//7087
f 7088//7088 7087//7087 7086//7086
f 7089//7089 7090//7090 7091//7091
f 7091//7091 7092//7092 7089//7089
f 7093//7093 7094//7094 7095//7095
f 7094//7094 7093//7093 7096//7096
f 7097//7097 7098//7098 7099//7099
f 7097//7097 7100//7100 7098//7098
f 7101//7101 7102//7102 7103//7103
f 7102//7102 7101//7101 7104//7104
f 7105//7105 7106//7106 7107//7107
f 7105//7105 7107//7107 7108//7108
f 7109//7109 7110//7110 7111//7111
f 7110//7110 7109//7109 7112//7112
f 7113//7113 7114//7114 7115//7115
f 7114//7114 7113//7113 7116//7116
f 7117//7117 7118//7118 7119//7119
f 7118//7118 7117//7117 7120//7120
f 7121//7121 7122//7122 7123//7123
f 7122//7122 7121//7121 7124//7124
f 7125//7125 7126//7126 7127//7127
f 7126//7126 7125//7125 7128//7128
f 7129//7129 7130//7130 7131//7131
f 7130//7130 7129//7129 7132//7132
f 7133//7133 7134//7134 7135//7135
f 7134//7134 7133//7133 7136//7136
f 7137//7137 7138//7138 7139//7139
f 7138//7138 7137//7137 7140//7140
f 7141//7141 7142//7142 7143//7143
f 7142//7142 7141//7141 7144//7144
f 7145//7145 7146//7146 7147//7147
f 7146//7146 7145//7145 7148//7148
f 7149//7149 7150//7150 7151//7151
f 7150//7150 7149//7149 7152//7152
f 7153//7153 7154//7154 7155//7155
f 7154//7154 7153//7153 7156//7156
f 7157//7157 7158//7158 7159//7159
f 7158//7158 7157//7157 7160//7160
f 7161//7161 7162//7162 7163//7163
f 7162//7162 7161//7161 7164//7164
f 7165//7165 7166//7166 7167//7167
f 7166//7166 7165//7165 7168//7168
f 7169//7169 7170//7170 7171//7171
f 7170//7170 7169//7169 7172//7172
f 7173//7173 7174//7174 7175//7175
f 7176//7176 7174//7174 7173//7173
f 7177//7177 7178//7178 7179//7179
f 7180//7180 7177//7177 7179//7179
f 7181//7181 7182//7182 7183//7183
f 7182//7182 7181//7181 7184//7184
f 7185//7185 7186//7186 7187//7187
f 7186//7186 7185//7185 7188//7188
f 7189//7189 7190//7190 7191//7191
f 7191//7191 7192//7192 7189//7189
f 7193//7193 7194//7194 7195//7195
f 7194//7194 7193//7193 7196//7196
f 7197//7197 7198//7198 7199//7199
f 7198//7198 7197//7197 7200//7200
f 7201//7201 7202//7202 7203//7203
f 7204//7204 7203//7203 7202//7202
f 7205//7205 7206//7206 7207//7207
f 7206//7206 7205//7205 7208//7208
f 7209//7209 7210//7210 7211//7211
f 7210//7210 7209//7209 7212//7212
f 7213//7213 7214//7214 7215//7215
f 7214//7214 7213//7213 7216//7216
f 7217//7217 7218//7218 7219//7219
f 7218//7218 7217//7217 7220//7220
f 7221//7221 7222//7222 7223//7223
f 7223//7223 7224//7224 7221//7221
f 7225//7225 7226//7226 7227//7227
f 7226//7226 7225//7225 7228//7228
f 7229//7229 7230//7230 7231//7231
f 7232//7232 7229//7229 7231//7231
f 7233//7233 7234//7234 7235//7235
f 7234//7234 7233//7233 7236//7236
f 7237//7237 7238//7238 7239//7239
f 7238//7238 7237//7237 7240//7240
f 7241//7241 7242//7242 7243//7243
f 7242//7242 7241//7241 7244//7244
f 7245//7245 7246//7246 7247//7247
f 7246//7246 7245//7245 7248//7248
f 7249//7249 7250//7250 7251//7251
f 7250//7250 7249//7249 7252//7252
f 7253//7253 7254//7254 7255//7255
f 7255//7255 7256//7256 7253//7253
f 7257//7257 7258//7258 7259//7259
f 7258//7258 7257//7257 7260//7260
f 7261//7261 7262//7262 7263//7263
f 7262//7262 7261//7261 7264//7264
f 7265//7265 7266//7266 7267//7267
f 7268//7268 7267//7267 7266//7266
f 7269//7269 7270//7270 7271//7271
f 7270//7270 7269//7269 7272//7272
f 7273//7273 7274//7274 7275//7275
f 7276//7276 7273//7273 7275//7275
f 7277//7277 7278//7278 7279//7279
f 7278//7278 7277//7277 7280//7280
f 7281//7281 7282//7282 7283//7283
f 7282//7282 7281//7281 7284//7284
f 7285//7285 7286//7286 7287//7287
f 7287//7287 7288//7288 7285//7285
f 7289//7289 7290//7290 7291//7291
f 7290//7290 7289//7289 7292//7292
f 7293//7293 7294//7294 7295//7295
f 7294//7294 7293//7293 7296//7296
f 7297//7297 7298//7298 7299//7299
f 7298//7298 7297//7297 7300//7300
f 7301//7301 7302//7302 7303//7303
f 7304//7304 7302//7302 7301//7301
f 7305//7305 7306//7306 7307//7307
f 7306//7306 7305//7305 7308//7308
f 7309//7309 7310//7310 7311//7311
f 7312//7312 7311//7311 7310//7310
f 7313//7313 7314//7314 7315//7315
f 7314//7314 7313//7313 7316//7316
f 7317//7317 7318//7318 7319//7319
f 7318//7318 7317//7317 7320//7320
f 7321//7321 7322//7322 7323//7323
f 7322//7322 7321//7321 7324//7324
f 7325//7325 7326//7326 7327//7327
f 7326//7326 7325//7325 7328//7328
f 7329//7329 7330//7330 7331//7331
f 7330//7330 7329//7329 7332//7332
f 7333//7333 7334//7334 7335//7335
f 7336//7336 7334//7334 7333//7333
f 7337//7337 7338//7338 7339//7339
f 7338//7338 7337//7337 7340//7340
f 7341//7341 7342//7342 7343//7343
f 7341//7341 7343//7343 7344//7344
f 7345//7345 7346//7346 7347//7347
f 7346//7346 7345//7345 7348//7348
f 7349//7349 7350//7350 7351//7351
f 7350//7350 7349//7349 7352//7352
f 7353//7353 7354//7354 7355//7355
f 7354//7354 7353//7353 7356//7356
f 7357//7357 7358//7358 7359//7359
f 7358//7358 7357//7357 7360//7360
f 7361//7361 7362//7362 7363//7363
f 7363//7363 7362//7362 7364//7364
f 7365//7365 7366//7366 7367//7367
f 7366//7366 7365//7365 7368//7368
f 7369//7369 7370//7370 7371//7371
f 7370//7370 7369//7369 7372//7372
f 7373//7373 7374//7374 7375//7375
f 7375//7375 7376//7376 7373//7373
f 7377//7377 7378//7378 7379//7379
f 7378//7378 7377//7377 7380//7380
f 7381//7381 7382//7382 7383//7383
f 7383//7383 7384//7384 7381//7381
f 7385//7385 7386//7386 7387//7387
f 7386//7386 7385//7385 7388//7388
f 7389//7389 7390//7390 7391//7391
f 7390//7390 7389//7389 7392//7392
f 7393//7393 7394//7394 7395//7395
f 7393//7393 7396//7396 7394//7394
f 7397//7397 7398//7398 7399//7399
f 7400//7400 7398//7398 7397//7397
f 7401//7401 7402//7402 7403//7403
f 7402//7402 7401//7401 7404//7404
f 7405//7405 7406//7406 7407//7407
f 7405//7405 7407//7407 7408//7408
f 7409//7409 7410//7410 7411//7411
f 7412//7412 7410//7410 7409//7409
f 7413//7413 7414//7414 7415//7415
f 7414//7414 7413//7413 7416//7416
f 7417//7417 7418//7418 7419//7419
f 7419//7419 7420//7420 7417//7417
f 7421//7421 7422//7422 7423//7423
f 7422//7422 7421//7421 7424//7424
f 7425//7425 7426//7426 7427//7427
f 7426//7426 7425//7425 7428//7428
f 7429//7429 7430//7430 7431//7431
f 7430//7430 7429//7429 7432//7432
f 7433//7433 7434//7434 7435//7435
f 7434//7434 7433//7433 7436//7436
f 7437//7437 7438//7438 7439//7439
f 7440//7440 7439//7439 7438//7438
f 7441//7441 7442//7442 7443//7443
f 7442//7442 7441//7441 7444//7444
f 7445//7445 7446//7446 7447//7447
f 7446//7446 7445//7445 7448//7448
f 7449//7449 7450//7450 7451//7451
f 7451//7451 7452//7452 7449//7449
f 7453//7453 7454//7454 7455//7455
f 7454//7454 7453//7453 7456//7456
f 7457//7457 7458//7458 7459//7459
f 7459//7459 7460//7460 7457//7457
f 7461//7461 7462//7462 7463//7463
f 7462//7462 7461//7461 7464//7464
f 7465//7465 7466//7466 7467//7467
f 7466//7466 7465//7465 7468//7468
f 7469//7469 7470//7470 7471//7471
f 7470//7470 7469//7469 7472//7472
f 7473//7473 7474//7474 7475//7475
f 7476//7476 7474//7474 7473//7473
f 7477//7477 7478//7478 7479//7479
f 7478//7478 7477//7477 7480//7480
f 7481//7481 7482//7482 7483//7483
f 7482//7482 7481//7481 7484//7484
f 7485//7485 7486//7486 7487//7487
f 7488//7488 7487//7487 7486//7486
f 7489//7489 7490//7490 7491//7491
f 7490//7490 7489//7489 7492//7492
f 7493//7493 7494//7494 7495//7495
f 7493//7493 7496//7496 7494//7494
f 7497//7497 7498//7498 7499//7499
f 7499//7499 7500//7500 7497//7497
f 7501//7501 7502//7502 7503//7503
f 7502//7502 7501//7501 7504//7504
f 7505//7505 7506//7506 7507//7507
f 7506//7506 7505//7505 7508//7508
f 7509//7509 7510//7510 7511//7511
f 7510//7510 7509//7509 7512//7512
f 7513//7513 7514//7514 7515//7515
f 7514//7514 7513//7513 7516//7516
f 7517//7517 7518//7518 7519//7519
f 7518//7518 7517//7517 7520//7520
f 7521//7521 7522//7522 7523//7523
f 7524//7524 7522//7522 7521//7521
f 7525//7525 7526//7526 7527//7527
f 7528//7528 7525//7525 7527//7527
f 7529//7529 7530//7530 7531//7531
f 7530//7530 7529//7529 7532//7532
f 7533//7533 7534//7534 7535//7535
f 7534//7534 7533//7533 7536//7536
f 7537//7537 7538//7538 7539//7539
f 7540//7540 7539//7539 7538//7538
f 7541//7541 7542//7542 7543//7543
f 7542//7542 7541//7541 7544//7544
f 7545//7545 7546//7546 7547//7547
f 7548//7548 7545//7545 7547//7547
f 7549//7549 7550//7550 7551//7551
f 7549//7549 7552//7552 7550//7550
f 7553//7553 7554//7554 7555//7555
f 7554//7554 7553//7553 7556//7556
f 7557//7557 7558//7558 7559//7559
f 7559//7559 7560//7560 7557//7557
f 7561//7561 7562//7562 7563//7563
f 7562//7562 7561//7561 7564//7564
f 7565//7565 7566//7566 7567//7567
f 7566//7566 7565//7565 7568//7568
f 7569//7569 7570//7570 7571//7571
f 7570//7570 7569//7569 7572//7572
f 7573//7573 7574//7574 7575//7575
f 7574//7574 7573//7573 7576//7576
f 7577//7577 7578//7578 7579//7579
f 7580//7580 7578//7578 7577//7577
f 7581//7581 7582//7582 7583//7583
f 7582//7582 7581//7581 7584//7584
f 7585//7585 7586//7586 7587//7587
f 7588//7588 7585//7585 7587//7587
f 7589//7589 7590//7590 7591//7591
f 7592//7592 7589//7589 7591//7591
f 7593//7593 7594//7594 7595//7595
f 7594//7594 7593//7593 7596//7596
f 7597//7597 7598//7598 7599//7599
f 7600//7600 7597//7597 7599//7599
f 7601//7601 7602//7602 7603//7603
f 7602//7602 7601//7601 7604//7604
f 7605//7605 7606//7606 7607//7607
f 7605//7605 7607//7607 7608//7608
f 7609//7609 7610//7610 7611//7611
f 7610//7610 7609//7609 7612//7612
f 7613//7613 7614//7614 7615//7615
f 7615//7615 7616//7616 7613//7613
f 7617//7617 7618//7618 7619//7619
f 7620//7620 7619//7619 7618//7618
f 7621//7621 7622//7622 7623//7623
f 7622//7622 7621//7621 7624//7624
f 7625//7625 7626//7626 7627//7627
f 7626//7626 7625//7625 7628//7628
f 7629//7629 7630//7630 7631//7631
f 7630//7630 7629//7629 7632//7632
f 7633//7633 7634//7634 7635//7635
f 7634//7634 7633//7633 7636//7636
f 7637//7637 7638//7638 7639//7639
f 7638//7638 7637//7637 7640//7640
f 7641//7641 7642//7642 7643//7643
f 7642//7642 7641//7641 7644//7644
f 7645//7645 7646//7646 7647//7647
f 7646//7646 7645//7645 7648//7648
f 7649//7649 7650//7650 7651//7651
f 7650//7650 7649//7649 7652//7652
f 7653//7653 7654//7654 7655//7655
f 7654//7654 7653//7653 7656//7656
f 7657//7657 7658//7658 7659//7659
f 7658//7658 7657//7657 7660//7660
f 7661//7661 7662//7662 7663//7663
f 7662//7662 7661//7661 7664//7664
f 7665//7665 7666//7666 7667//7667
f 7666//7666 7665//7665 7668//7668
f 7669//7669 7670//7670 7671//7671
f 7670//7670 7669//7669 7672//7672
f 7673//7673 7674//7674 7675//7675
f 7674//7674 7673//7673 7676//7676
f 7677//7677 7678//7678 7679//7679
f 7678//7678 7677//7677 7680//7680
f 7681//7681 7682//7682 7683//7683
f 7682//7682 7681//7681 7684//7684
f 7685//7685 7686//7686 7687//7687
f 7686//7686 7685//7685 7688//7688
f 7689//7689 7690//7690 7691//7691
f 7690//7690 7689//7689 7692//7692
f 7693//7693 7694//7694 7695//7695
f 7694//7694 7693//7693 7696//7696
f 7697//7697 7698//7698 7699//7699
f 7698//7698 7697//7697 7700//7700
f 7701//7701 7702//7702 7703//7703
f 7704//7704 7702//7702 7701//7701
f 7705//7705 7706//7706 7707//7707
f 7706//7706 7705//7705 7708//7708
f 7709//7709 7710//7710 7711//7711
f 7712//7712 7709//7709 7711//7711
f 7713//7713 7714//7714 7715//7715
f 7713//7713 7716//7716 7714//7714
f 7717//7717 7718//7718 7719//7719
f 7718//7718 7717//7717 7720//7720
f 7721//7721 7722//7722 7723//7723
f 7722//7722 7721//7721 7724//7724
f 7725//7725 7726//7726 7727//7727
f 7728//7728 7725//7725 7727//7727
f 7729//7729 7730//7730 7731//7731
f 7730//7730 7729//7729 7732//7732
f 7733//7733 7734//7734 7735//7735
f 7736//7736 7734//7734 7733//7733
f 7737//7737 7738//7738 7739//7739
f 7740//7740 7738//7738 7737//7737
f 7741//7741 7742//7742 7743//7743
f 7742//7742 7741//7741 7744//7744
f 7745//7745 7746//7746 7747//7747
f 7746//7746 7745//7745 7748//7748
f 7749//7749 7750//7750 7751//7751
f 7750//7750 7749//7749 7752//7752
f 7753//7753 7754//7754 7755//7755
f 7754//7754 7753//7753 7756//7756
f 7757//7757 7758//7758 7759//7759
f 7760//7760 7757//7757 7759//7759
f 7761//7761 7762//7762 7763//7763
f 7762//7762 7761//7761 7764//7764
f 7765//7765 7766//7766 7767//7767
f 7766//7766 7765//7765 7768//7768
f 7769//7769 7770//7770 7771//7771
f 7770//7770 7769//7769 7772//7772
f 7773//7773 7774//7774 7775//7775
f 7776//7776 7773//7773 7775//7775
f 7777//7777 7778//7778 7779//7779
f 7777//7777 7780//7780 7778//7778
f 7781//7781 7782//7782 7783//7783
f 7782//7782 7781//7781 7784//7784
f 7785//7785 7786//7786 7787//7787
f 7786//7786 7785//7785 7788//7788
f 7789//7789 7790//7790 7791//7791
f 7790//7790 7789//7789 7792//7792
f 7793//7793 7794//7794 7795//7795
f 7794//7794 7793//7793 7796//7796
f 7797//7797 7798//7798 7799//7799
f 7800//7800 7798//7798 7797//7797
f 7801//7801 7802//7802 7803//7803
f 7804//7804 7802//7802 7801//7801
f 7805//7805 7806//7806 7807//7807
f 7807//7807 7808//7808 7805//7805
f 7809//7809 7810//7810 7811//7811
f 7810//7810 7809//7809 7812//7812
f 7813//7813 7814//7814 7815//7815
f 7813//7813 7815//7815 7816//7816
f 7817//7817 7818//7818 7819//7819
f 7820//7820 7819//7819 7818//7818
f 7821//7821 7822//7822 7823//7823
f 7822//7822 7821//7821 7824//7824
f 7825//7825 7826//7826 7827//7827
f 7826//7826 7825//7825 7828//7828
f 7829//7829 7830//7830 7831//7831
f 7830//7830 7829//7829 7832//7832
f 7833//7833 7834//7834 7835//7835
f 7834//7834 7833//7833 7836//7836
f 7837//7837 7838//7838 7839//7839
f 7839//7839 7840//7840 7837//7837
f 7841//7841 7842//7842 7843//7843
f 7842//7842 7841//7841 7844//7844
f 7845//7845 7846//7846 7847//7847
f 7847//7847 7848//7848 7845//7845
f 7849//7849 7850//7850 7851//7851
f 7850//7850 7849//7849 7852//7852
f 7853//7853 7854//7854 7855//7855
f 7856//7856 7855//7855 7854//7854
f 7857//7857 7858//7858 7859//7859
f 7858//7858 7857//7857 7860//7860
f 7861//7861 7862//7862 7863//7863
f 7862//7862 7861//7861 7864//7864
f 7865//7865 7866//7866 7867//7867
f 7866//7866 7865//7865 7868//7868
f 7869//7869 7870//7870 7871//7871
f 7872//7872 7870//7870 7869//7869
f 7873//7873 7874//7874 7875//7875
f 7875//7875 7876//7876 7873//7873
f 7877//7877 7878//7878 7879//7879
f 7878//7878 7877//7877 7880//7880
f 7881//7881 7882//7882 7883//7883
f 7882//7882 7881//7881 7884//7884
f 7885//7885 7886//7886 7887//7887
f 7886//7886 7885//7885 7888//7888
f 7889//7889 7890//7890 7891//7891
f 7890//7890 7889//7889 7892//7892
f 7893//7893 7894//7894 7895//7895
f 7896//7896 7895//7895 7894//7894
