mtllib key.mtl
o key
v -0.116137 -0.425384 0.003924
v -0.102038 -0.381388 -0.011620
v -0.102038 -0.381388 0.003924
v -0.116137 -0.425384 -0.011620
v -0.105732 -0.457089 0.003924
v -0.116137 -0.425384 -0.011620
v -0.116137 -0.425384 0.003924
v -0.105732 -0.457089 -0.011620
v -0.123335 -0.512021 0.003924
v -0.105732 -0.457089 -0.011620
v -0.105732 -0.457089 0.003924
v -0.123335 -0.512021 -0.011620
v -0.253377 -0.590853 0.003924
v -0.255029 -0.570244 0.011695
v -0.255029 -0.570244 -0.011620
v -0.253377 -0.590853 0.011695
v -0.248499 -0.651747 0.003924
v -0.246498 -0.676720 -0.011620
v -0.118704 -0.537762 0.003924
v -0.118704 -0.537762 -0.011620
v -0.123335 -0.512021 -0.011620
v -0.123335 -0.512021 0.003924
v -0.131840 -0.578757 0.003924
v -0.131840 -0.578757 -0.011620
v -0.118704 -0.537762 -0.011620
v -0.118704 -0.537762 0.003924
v -0.161319 -0.588793 0.003924
v -0.161319 -0.588793 -0.011620
v -0.131840 -0.578757 -0.011620
v -0.131840 -0.578757 0.003924
v -0.089021 -0.052190 0.011695
v -0.089021 -0.052190 -0.011620
v -0.171305 -0.619956 0.003924
v -0.171305 -0.619956 -0.011620
v -0.161319 -0.588793 -0.011620
v -0.161319 -0.588793 0.003924
v 0.040902 -0.138822 0.003924
v 0.013559 -0.224151 -0.011620
v 0.040902 -0.138822 -0.011620
v 0.013559 -0.224151 0.003924
v -0.165233 -0.636035 0.003924
v -0.171305 -0.619956 -0.011620
v -0.171305 -0.619956 0.003924
v -0.165233 -0.636035 -0.011620
v -0.050342 -0.064585 -0.011620
v -0.255029 -0.570244 -0.011620
v -0.089021 -0.052190 -0.011620
v -0.246498 -0.676720 -0.011620
v -0.168722 -0.646922 0.003924
v -0.165233 -0.636035 -0.011620
v -0.165233 -0.636035 0.003924
v -0.168722 -0.646922 -0.011620
v -0.015777 -0.238220 0.003924
v -0.015777 -0.238220 -0.011620
v 0.013559 -0.224151 -0.011620
v 0.013559 -0.224151 0.003924
v -0.216385 -0.686370 0.003924
v -0.216385 -0.686370 -0.011620
v -0.168722 -0.646922 -0.011620
v -0.168722 -0.646922 0.003924
v -0.034962 -0.298090 0.003924
v -0.034962 -0.298090 -0.011620
v -0.015777 -0.238220 -0.011620
v -0.015777 -0.238220 0.003924
v -0.072800 -0.326718 0.003924
v -0.072800 -0.326718 -0.011620
v -0.034962 -0.298090 -0.011620
v -0.034962 -0.298090 0.003924
v -0.224378 -0.683808 -0.003848
v -0.056656 -0.084286 -0.003848
v -0.034536 -0.091375 -0.003848
v -0.246498 -0.676720 -0.003848
v -0.086334 -0.368955 0.003924
v -0.072800 -0.326718 -0.011620
v -0.072800 -0.326718 0.003924
v -0.086334 -0.368955 -0.011620
v 0.040902 -0.138822 0.011695
v 0.040902 -0.138822 -0.011620
v 0.053979 -0.098014 -0.011615
v 0.053979 -0.098014 0.011700
v -0.102038 -0.381388 0.003924
v -0.102038 -0.381388 -0.011620
v -0.086334 -0.368955 -0.011620
v -0.086334 -0.368955 0.003924
v -0.190230 -0.604752 0.003924
v -0.216385 -0.686370 0.003924
v -0.168722 -0.646922 0.003924
v -0.246498 -0.676720 -0.011620
v -0.056656 -0.084286 -0.003848
v -0.246498 -0.676720 -0.003848
v -0.050342 -0.064585 -0.011620
v -0.034536 -0.091375 -0.003848
v -0.224378 -0.683808 -0.011620
v -0.224378 -0.683808 -0.003848
v -0.028223 -0.071673 -0.011620
v -0.050342 -0.064585 -0.011620
v -0.028223 -0.071673 -0.011620
v -0.034536 -0.091375 -0.003848
v -0.056656 -0.084286 -0.003848
v -0.246498 -0.676720 0.011695
v -0.246498 -0.676720 -0.003848
v -0.224378 -0.683808 -0.003848
v -0.216385 -0.686370 0.011695
v -0.081534 -0.054589 0.011695
v -0.089021 -0.052190 0.011695
v -0.255029 -0.570244 0.011695
v -0.253377 -0.590853 0.011695
v -0.246498 -0.676720 -0.003848
v -0.246498 -0.676720 0.011695
v -0.248499 -0.651747 0.011695
v -0.028223 -0.071673 -0.011620
v -0.020229 -0.074234 -0.011620
v -0.033306 -0.115043 -0.011620
v -0.098691 -0.319088 -0.011620
v -0.114427 -0.368194 -0.011620
v -0.059460 -0.196661 -0.011620
v -0.072800 -0.326718 -0.011620
v -0.086334 -0.368955 -0.011620
v -0.130458 -0.418222 -0.011620
v -0.224378 -0.683808 -0.011620
v -0.161319 -0.588793 -0.011620
v -0.190230 -0.604752 -0.011620
v -0.177153 -0.563942 -0.011620
v -0.171305 -0.619956 -0.011620
v -0.168722 -0.646922 -0.011620
v -0.216385 -0.686370 -0.011620
v -0.131840 -0.578757 -0.011620
v -0.102038 -0.381388 -0.011620
v -0.116137 -0.425384 -0.011620
v -0.105732 -0.457089 -0.011620
v -0.150999 -0.482324 -0.011620
v -0.123335 -0.512021 -0.011620
v -0.085614 -0.278279 -0.011620
v -0.034962 -0.298090 -0.011620
v -0.015777 -0.238220 -0.011620
v 0.013559 -0.224151 -0.011620
v 0.053979 -0.098014 -0.011615
v 0.040902 -0.138822 -0.011620
v -0.015777 -0.238220 0.003924
v -0.059460 -0.196661 0.003924
v -0.085614 -0.278279 0.003924
v -0.034962 -0.298090 0.003924
v -0.086334 -0.368955 0.003924
v -0.072800 -0.326718 0.003924
v -0.098691 -0.319088 0.003924
v -0.114427 -0.368194 0.003924
v -0.102038 -0.381388 0.003924
v -0.130458 -0.418222 0.003924
v -0.116137 -0.425384 0.003924
v -0.137922 -0.441515 0.003924
v -0.105732 -0.457089 0.003924
v -0.150999 -0.482324 0.003924
v -0.123335 -0.512021 0.003924
v -0.177153 -0.563942 0.003924
v -0.118704 -0.537762 0.003924
v -0.131840 -0.578757 0.003924
v -0.161319 -0.588793 0.003924
v -0.171305 -0.619956 0.003924
v 0.013559 -0.224151 0.003924
v -0.087848 -0.074291 0.003924
v -0.059415 -0.061677 0.011695
v -0.081534 -0.054589 0.011695
v -0.065728 -0.081379 0.003924
v -0.248499 -0.651747 0.011695
v -0.065728 -0.081379 0.003924
v -0.248499 -0.651747 0.003924
v -0.059415 -0.061677 0.011695
v -0.087848 -0.074291 0.003924
v -0.253377 -0.590853 0.011695
v -0.253377 -0.590853 0.003924
v -0.081534 -0.054589 0.011695
v -0.253377 -0.590853 0.003924
v -0.248499 -0.651747 0.003924
v -0.216385 -0.686370 0.003924
v -0.248499 -0.651747 0.011695
v -0.033306 -0.115043 0.011695
v -0.059415 -0.061677 0.011695
v -0.246498 -0.676720 0.011695
v -0.216385 -0.686370 0.011695
v -0.020229 -0.074234 0.011695
v 0.053979 -0.098014 0.011700
v 0.040902 -0.138822 0.011695
v -0.177153 -0.563942 0.003924
v -0.150999 -0.482324 0.003924
v -0.216385 -0.686370 0.011695
v -0.190230 -0.604752 0.003924
v -0.137922 -0.441515 0.003924
v -0.216385 -0.686370 0.003924
v 0.040902 -0.138822 -0.011620
v 0.040902 -0.138822 0.011695
v 0.040902 -0.138822 0.003924
v 0.040902 -0.138822 0.003924
v -0.033306 -0.115043 0.003924
v -0.033306 -0.115043 0.011695
v -0.033306 -0.115043 0.003924
v 0.073640 -0.109916 0.025317
v -0.113907 -0.049817 -0.024602
v 0.073640 -0.109916 -0.024602
v 0.076249 -0.109046 0.027188
v 0.073983 -0.108843 0.027609
v -0.113907 -0.049817 0.025317
v 0.076572 -0.109673 0.025317
v -0.115525 -0.047593 -0.026473
v -0.113563 -0.048745 -0.026894
v -0.116152 -0.047915 -0.024602
v 0.073983 -0.108843 -0.026894
v 0.076249 -0.109046 -0.026473
v 0.076572 -0.109673 -0.024602
v 0.166539 0.167393 0.025317
v 0.078474 -0.107428 0.025317
v 0.078474 -0.107428 -0.024602
v 0.166296 0.170325 0.025317
v 0.165669 0.170003 0.027188
v 0.166539 0.167393 -0.024602
v 0.165467 0.167737 0.027609
v 0.076249 -0.109046 -0.026473
v 0.077402 -0.107084 -0.026894
v 0.076572 -0.109673 -0.024602
v 0.165669 0.170003 -0.026473
v 0.166296 0.170325 -0.024602
v 0.165467 0.167737 -0.026894
v -0.024669 0.228665 0.028558
v -0.112734 -0.046156 0.028558
v 0.074813 -0.106255 0.028558
v -0.027258 0.229494 0.027609
v -0.115323 -0.045327 0.027609
v -0.023839 0.231253 0.027609
v -0.026105 0.231456 0.027188
v 0.162878 0.168566 0.028558
v 0.073983 -0.108843 0.027609
v 0.076249 -0.109046 0.027188
v 0.077402 -0.107084 0.027609
v 0.165467 0.167737 0.027609
v 0.163707 0.171155 0.027609
v 0.165669 0.170003 0.027188
v -0.116395 -0.044983 0.025317
v -0.116152 -0.047915 0.025317
v -0.115525 -0.047593 0.027188
v -0.115323 -0.045327 0.027609
v -0.028330 0.229838 -0.024602
v -0.116395 -0.044983 -0.024602
v -0.028330 0.229838 0.025317
v -0.026105 0.231456 -0.026473
v -0.027258 0.229494 -0.026894
v -0.026428 0.232083 -0.024602
v -0.115525 -0.047593 -0.026473
v -0.116152 -0.047915 -0.024602
v -0.115323 -0.045327 -0.026894
v -0.023496 0.232326 0.025317
v 0.164051 0.172227 0.025317
v 0.164051 0.172227 -0.024602
v -0.026428 0.232083 0.025317
v -0.026105 0.231456 0.027188
v -0.023839 0.231253 0.027609
v -0.023496 0.232326 -0.024602
v 0.165669 0.170003 -0.026473
v 0.163707 0.171155 -0.026894
v 0.166296 0.170325 -0.024602
v -0.026428 0.232083 -0.024602
v -0.023839 0.231253 -0.026894
v -0.026105 0.231456 -0.026473
v -0.112734 -0.046156 -0.027843
v -0.113563 -0.048745 -0.026894
v -0.115525 -0.047593 -0.026473
v -0.115323 -0.045327 -0.026894
v -0.027258 0.229494 -0.026894
v -0.024669 0.228665 -0.027843
v -0.115525 -0.047593 0.027188
v -0.116152 -0.047915 0.025317
v -0.113563 -0.048745 0.027609
v -0.115525 -0.047593 0.027188
v -0.113563 -0.048745 0.027609
v 0.163707 0.171155 -0.026894
v 0.162878 0.168566 -0.027843
v -0.026105 0.231456 -0.026473
v -0.023839 0.231253 -0.026894
v -0.026105 0.231456 0.027188
v -0.026428 0.232083 0.025317
v -0.027258 0.229494 0.027609
v 0.074813 -0.106255 -0.027843
v 0.073983 -0.108843 -0.026894
v 0.077402 -0.107084 -0.026894
v 0.076249 -0.109046 -0.026473
v 0.077402 -0.107084 0.027609
v 0.076249 -0.109046 0.027188
v 0.076572 -0.109673 0.025317
v 0.165669 0.170003 -0.026473
v 0.165467 0.167737 -0.026894
v 0.165669 0.170003 0.027188
v 0.166296 0.170325 0.025317
v 0.163707 0.171155 0.027609
v 0.221829 -0.046152 0.014212
v -0.199354 0.088814 -0.013223
v 0.221829 -0.046152 -0.013223
v 0.224673 -0.045917 -0.013223
v 0.224673 -0.045917 0.014212
v 0.224360 -0.045309 0.016027
v 0.222162 -0.045112 0.016435
v -0.199354 0.088814 0.014212
v -0.201532 0.090658 -0.013223
v -0.200923 0.090971 -0.015038
v -0.199021 0.089854 -0.015446
v 0.224360 -0.045309 -0.015038
v 0.222162 -0.045112 -0.015446
v 0.326159 0.267208 0.014213
v 0.325924 0.270052 0.014213
v 0.325315 0.269739 0.016028
v 0.325119 0.267542 0.016435
v 0.226518 -0.043739 0.014212
v 0.226518 -0.043739 -0.013223
v 0.326159 0.267208 -0.013223
v 0.224673 -0.045917 -0.013223
v 0.224360 -0.045309 -0.015038
v 0.225478 -0.043406 -0.015446
v 0.325315 0.269739 -0.015038
v 0.325924 0.270052 -0.013223
v 0.325119 0.267542 -0.015446
v 0.150776 0.259285 0.017356
v 0.040925 0.294486 0.017356
v 0.222967 -0.042602 0.017356
v 0.039610 0.295600 0.017356
v -0.198216 0.092364 0.017356
v 0.222162 -0.045112 0.016435
v 0.224360 -0.045309 0.016027
v 0.322608 0.268346 0.017356
v 0.152494 0.259427 0.017356
v 0.225478 -0.043406 0.016435
v 0.325119 0.267542 0.016435
v -0.201767 0.093502 0.014212
v -0.102126 0.404450 -0.013223
v -0.201767 0.093502 -0.013223
v -0.102126 0.404450 0.014213
v -0.200923 0.090971 0.016027
v -0.200727 0.093169 0.016435
v -0.201532 0.090658 0.014212
v -0.099968 0.406019 -0.015038
v -0.101086 0.404116 -0.015446
v -0.100281 0.406627 -0.013223
v -0.200923 0.090971 -0.015038
v -0.201532 0.090658 -0.013223
v -0.200727 0.093169 -0.015446
v -0.097437 0.406863 0.014213
v -0.100281 0.406627 0.014213
v -0.099968 0.406019 0.016028
v 0.323746 0.271897 0.014213
v 0.323746 0.271897 -0.013223
v -0.097770 0.405823 0.016435
v -0.097437 0.406863 -0.013223
v 0.325315 0.269739 -0.015038
v 0.323413 0.270857 -0.015446
v 0.325924 0.270052 -0.013223
v -0.100281 0.406627 -0.013223
v -0.097770 0.405823 -0.015446
v -0.099968 0.406019 -0.015038
v -0.198216 0.092364 -0.016367
v -0.200923 0.090971 -0.015038
v -0.200727 0.093169 -0.015446
v -0.101086 0.404116 -0.015446
v -0.098575 0.403312 -0.016367
v 0.039610 0.295600 -0.016367
v 0.040925 0.294486 -0.016367
v -0.199021 0.089854 -0.015446
v -0.200923 0.090971 0.016027
v -0.201532 0.090658 0.014212
v -0.199021 0.089854 0.016435
v -0.098575 0.403312 0.017356
v -0.101086 0.404117 0.016435
v -0.200727 0.093169 0.016435
v -0.200923 0.090971 0.016027
v -0.199021 0.089854 0.016435
v -0.099968 0.406019 -0.015038
v 0.039468 0.297318 -0.016367
v 0.050051 0.330343 -0.016367
v -0.097770 0.405823 -0.015446
v 0.039468 0.297317 0.017356
v 0.050051 0.330343 0.017356
v 0.052882 0.331800 0.017356
v -0.097770 0.405823 0.016435
v -0.099968 0.406019 0.016028
v 0.051165 0.331658 0.017356
v -0.099968 0.406019 0.016028
v -0.100281 0.406627 0.014213
v -0.101086 0.404117 0.016435
v 0.225478 -0.043406 -0.015446
v 0.222162 -0.045112 -0.015446
v 0.215910 -0.040340 -0.016367
v 0.224360 -0.045309 -0.015038
v 0.325119 0.267542 -0.015446
v 0.315552 0.270607 -0.016367
v 0.224360 -0.045309 0.016027
v 0.224673 -0.045917 0.014212
v 0.225478 -0.043406 0.016435
v 0.323413 0.270857 -0.015446
v 0.325315 0.269739 -0.015038
v 0.164048 0.295485 -0.016367
v 0.162733 0.296599 -0.016367
v 0.164190 0.293767 -0.016367
v 0.153608 0.260742 -0.016367
v 0.152494 0.259427 -0.016367
v 0.325315 0.269739 0.016028
v 0.323413 0.270857 0.016435
v 0.153608 0.260742 0.017356
v 0.164190 0.293767 0.017356
v 0.323413 0.270857 0.016435
v 0.325315 0.269739 0.016028
v 0.325924 0.270052 0.014213
v 0.052882 0.331800 -0.016367
v 0.051165 0.331658 -0.016367
v 0.150776 0.259285 -0.016367
v 0.040925 0.294486 -0.016367
v 0.040925 0.294486 0.017356
v 0.150776 0.259285 0.017356
v 0.050051 0.330343 -0.016367
v 0.051165 0.331658 -0.016367
v 0.051165 0.331658 0.017356
v 0.050051 0.330343 0.017356
v 0.039468 0.297317 0.017356
v 0.039468 0.297318 -0.016367
v 0.039610 0.295600 0.017356
v 0.039610 0.295600 -0.016367
v 0.162733 0.296599 0.017356
v 0.150776 0.259285 -0.016367
v 0.052882 0.331800 -0.016367
v 0.162733 0.296599 0.017356
v 0.052882 0.331800 0.017356
v 0.162733 0.296599 -0.016367
v 0.051165 0.331658 -0.016367
v 0.051165 0.331658 0.017356
v 0.152494 0.259427 -0.016367
v 0.152494 0.259427 0.017356
v 0.039610 0.295600 0.017356
v 0.039610 0.295600 -0.016367
v 0.164048 0.295485 0.017356
v 0.164048 0.295485 -0.016367
v 0.153608 0.260742 -0.016367
v 0.152494 0.259427 -0.016367
v 0.152494 0.259427 0.017356
v 0.153608 0.260742 0.017356
v 0.164190 0.293767 0.017356
v 0.164048 0.295485 0.017356
v 0.164048 0.295485 -0.016367
v 0.164190 0.293767 -0.016367
v -0.165233 -0.636035 0.003924
v -0.165233 -0.636035 -0.011620
v -0.118704 -0.537762 -0.011620
v -0.224378 -0.683808 -0.011620
v -0.216385 -0.686370 -0.011620
v -0.130458 -0.418222 0.003924
v -0.033306 -0.115043 0.011695
v -0.114427 -0.368194 0.003924
v -0.098691 -0.319088 0.003924
v -0.085614 -0.278279 0.003924
v -0.059460 -0.196661 0.003924
v -0.033306 -0.115043 0.003924
v 0.164048 0.295485 0.017356
v 0.132419 0.439616 0.115451
v 0.132035 0.438591 0.098198
v 0.136257 0.454425 0.113461
v 0.128550 0.424740 0.115578
v 0.128592 0.425349 0.098311
v 0.135451 0.451772 0.096427
v 0.140030 0.469012 0.110329
v 0.152252 0.493465 0.081303
v 0.167680 0.500453 0.075852
v 0.164768 0.489070 0.083023
v 0.155164 0.504848 0.074131
v 0.149216 0.481632 0.087550
v 0.170339 0.510899 0.067342
v 0.147419 0.474170 0.108722
v 0.163551 0.483817 0.105114
v 0.151035 0.488212 0.103393
v 0.159935 0.469776 0.110442
v 0.166961 0.497110 0.098096
v 0.154445 0.501505 0.096375
v 0.141813 0.452474 0.114225
v 0.154329 0.448080 0.115945
v 0.170233 0.509899 0.090039
v 0.157716 0.514293 0.088318
v 0.173220 0.521634 0.080478
v 0.160704 0.526028 0.078758
v 0.138810 0.464757 0.093639
v 0.143682 0.483182 0.105387
v 0.177154 0.542454 -0.138234
v 0.166988 0.555559 -0.127536
v 0.179504 0.551165 -0.125815
v 0.164638 0.546848 -0.139954
v 0.177154 0.542454 -0.138234
v 0.168897 0.510932 -0.146841
v 0.171600 0.521671 -0.160146
v 0.173841 0.529431 -0.127336
v 0.166091 0.500356 -0.155097
v 0.168447 0.509790 -0.169421
v 0.179504 0.551165 -0.125815
v 0.175933 0.537185 -0.116283
v 0.159084 0.526065 -0.161867
v 0.171600 0.521671 -0.160146
v 0.155931 0.514184 -0.171142
v 0.107672 0.322291 0.072657
v 0.116850 0.305434 0.060097
v 0.120188 0.317896 0.074378
v 0.123184 0.329154 0.084371
v 0.110667 0.333548 0.082651
v 0.104333 0.309828 0.058377
v 0.114500 0.296723 0.047679
v 0.137591 0.436640 0.098962
v 0.153524 0.445427 0.098911
v 0.150108 0.432246 0.100682
v 0.141008 0.449822 0.097191
v 0.134148 0.423399 0.099075
v 0.158514 0.464739 0.094013
v 0.111708 0.360430 0.098504
v 0.116763 0.380118 0.088893
v 0.115262 0.373924 0.104998
v 0.113600 0.368107 0.083113
v 0.120062 0.392688 0.093114
v 0.118967 0.388046 0.109739
v 0.184922 0.570809 -0.080279
v 0.178576 0.546880 -0.098347
v 0.182474 0.562057 -0.105665
v 0.180755 0.554670 -0.075750
v 0.185783 0.573727 -0.065186
v 0.181522 0.557268 -0.062316
v 0.130230 0.407911 0.115302
v 0.124523 0.386095 0.110503
v 0.142746 0.403517 0.117023
v 0.146623 0.418395 0.118062
v 0.134106 0.422789 0.116342
v 0.137039 0.381701 0.112223
v 0.120818 0.371973 0.105761
v 0.133334 0.367579 0.107482
v 0.121553 0.382506 -0.190299
v 0.137770 0.392453 -0.192784
v 0.134069 0.378112 -0.188578
v 0.125254 0.396847 -0.194505
v 0.142552 0.410911 -0.195673
v 0.130035 0.415305 -0.197393
v 0.117936 0.368465 -0.184971
v 0.108563 0.330903 -0.160318
v 0.123877 0.338384 -0.168537
v 0.120865 0.326584 -0.158627
v 0.111361 0.342779 -0.170257
v 0.108815 0.329558 -0.158202
v 0.127043 0.350777 -0.176232
v 0.133895 0.430162 -0.198073
v 0.146411 0.425767 -0.196352
v 0.150292 0.440667 -0.195517
v 0.105555 0.315097 0.036426
v 0.102912 0.305402 0.018490
v 0.099014 0.290225 0.025808
v 0.101984 0.301117 0.045958
v 0.097537 0.284919 0.011422
v 0.107647 0.322851 0.047480
v 0.110618 0.333944 0.060191
v 0.125801 0.339570 0.070807
v 0.123135 0.329550 0.061911
v 0.120163 0.318457 0.049200
v 0.118072 0.310703 0.038147
v 0.107647 0.322851 0.047480
v 0.105555 0.315097 0.036426
v 0.105062 0.335895 0.059427
v 0.099429 0.314210 0.060526
v 0.102671 0.326966 0.049308
v 0.102115 0.324241 0.071894
v 0.096969 0.305066 0.048435
v 0.107728 0.345915 0.068322
v 0.114526 0.355172 -0.177953
v 0.130453 0.364071 -0.183251
v 0.130698 0.410156 0.098150
v 0.146665 0.419004 0.100796
v 0.143214 0.405761 0.099871
v 0.125618 0.390737 0.093878
v 0.150491 0.433271 0.117935
v 0.137975 0.437665 0.116215
v 0.169614 0.563292 -0.036671
v 0.182034 0.558883 -0.048671
v 0.182131 0.558897 -0.034951
v 0.169518 0.563277 -0.050391
v 0.169223 0.561254 -0.016166
v 0.181522 0.557268 -0.062316
v 0.169997 0.563013 0.030595
v 0.184074 0.564983 0.018287
v 0.171558 0.569377 0.016566
v 0.182514 0.558619 0.032315
v 0.185191 0.569660 0.003620
v 0.172675 0.574054 0.001899
v 0.186028 0.573269 -0.011406
v 0.186467 0.575558 -0.034443
v 0.173512 0.577663 -0.013127
v 0.173951 0.579952 -0.036163
v 0.186359 0.575542 -0.049856
v 0.173842 0.579936 -0.051577
v 0.118072 0.310703 0.038147
v 0.120163 0.318457 0.049200
v 0.114500 0.296723 0.047679
v 0.111530 0.285831 0.027529
v 0.115429 0.301008 0.020210
v 0.110053 0.280525 0.013143
v 0.114113 0.296285 0.007406
v 0.180695 0.551277 0.045775
v 0.168179 0.555671 0.044055
v 0.176022 0.532677 0.070003
v 0.163505 0.537071 0.068282
v 0.165955 0.546797 0.056546
v 0.157823 0.515293 0.065621
v 0.172833 0.520728 0.058017
v 0.160316 0.525123 0.056297
v 0.162497 0.533779 0.045850
v 0.175014 0.529385 0.047571
v 0.139644 0.520638 0.085834
v 0.133438 0.496918 0.080530
v 0.135540 0.504601 0.095814
v 0.129544 0.481764 0.087520
v 0.137091 0.511193 0.071647
v 0.131165 0.487576 0.103666
v 0.142631 0.532373 0.076273
v 0.139750 0.521638 0.063137
v 0.108812 0.276138 -0.001577
v 0.113009 0.292380 -0.005697
v 0.099370 0.294487 -0.058502
v 0.095020 0.276724 -0.045414
v 0.099357 0.293385 -0.044906
v 0.094267 0.281938 -0.074557
v 0.095054 0.277948 -0.060705
v 0.098512 0.298160 -0.070690
v 0.092768 0.290418 -0.094824
v 0.099370 0.294487 -0.058502
v 0.110999 0.293776 -0.068973
v 0.098512 0.298160 -0.070690
v 0.111887 0.290093 -0.056781
v 0.108479 0.301834 -0.086918
v 0.096861 0.305913 -0.088515
v 0.146623 0.418395 0.118062
v 0.142746 0.403517 0.117023
v 0.143214 0.405761 0.099871
v 0.146665 0.419004 0.100796
v 0.150108 0.432246 0.100682
v 0.150491 0.433271 0.117935
v 0.154329 0.448080 0.115945
v 0.168447 0.509790 -0.169421
v 0.152585 0.501526 -0.179126
v 0.165101 0.497132 -0.177406
v 0.149050 0.488111 -0.185808
v 0.108062 0.273650 -0.016779
v 0.111970 0.289005 -0.029466
v 0.112341 0.290165 -0.019228
v 0.145998 0.469134 0.092292
v 0.161733 0.477238 0.089270
v 0.141609 0.459740 -0.194902
v 0.157906 0.469780 -0.189349
v 0.154126 0.455345 -0.193181
v 0.145390 0.474174 -0.191069
v 0.161566 0.483716 -0.184088
v 0.125141 0.412106 0.097386
v 0.124673 0.409862 0.114539
v 0.101984 0.301117 0.045958
v 0.111530 0.285831 0.027529
v 0.185783 0.573727 -0.065186
v 0.173267 0.578121 -0.066907
v 0.119157 0.366156 0.083877
v 0.134836 0.373773 0.091378
v 0.131673 0.361762 0.085598
v 0.122320 0.378167 0.089657
v 0.116116 0.354639 0.077191
v 0.138134 0.386343 0.095598
v 0.117264 0.358479 0.099268
v 0.129781 0.354085 0.100989
v 0.113848 0.345541 0.091756
v 0.126365 0.341147 0.093477
v 0.100481 0.318827 0.038546
v 0.094881 0.297382 0.035242
v 0.098622 0.311987 0.026803
v 0.184922 0.570809 -0.080279
v 0.172405 0.575203 -0.081999
v 0.182474 0.562057 -0.105665
v 0.169957 0.566452 -0.107385
v 0.126408 0.347743 -0.154269
v 0.111165 0.340548 -0.146569
v 0.123467 0.336229 -0.144878
v 0.113891 0.352137 -0.155990
v 0.111197 0.338390 -0.145611
v 0.122462 0.334435 -0.144063
v 0.129236 0.358818 -0.161160
v 0.116720 0.363212 -0.162880
v 0.115429 0.301008 0.020210
v 0.144191 0.469137 -0.174555
v 0.159966 0.477148 -0.168152
v 0.147450 0.481542 -0.169872
v 0.156708 0.464743 -0.172835
v 0.163112 0.489089 -0.162204
v 0.150596 0.493483 -0.163925
v 0.140826 0.456289 -0.177967
v 0.153343 0.451895 -0.176246
v 0.178472 0.542403 0.058267
v 0.145432 0.543416 0.065798
v 0.142244 0.531468 0.053812
v 0.107645 0.272346 -0.028280
v 0.107537 0.272330 -0.043694
v 0.111887 0.290093 -0.056781
v 0.111873 0.288990 -0.043185
v 0.130524 0.416737 -0.180184
v 0.126268 0.400308 -0.177614
v 0.143041 0.412343 -0.178464
v 0.146476 0.425567 -0.179069
v 0.133960 0.429961 -0.180789
v 0.149930 0.438829 -0.178325
v 0.137414 0.443223 -0.180046
v 0.138785 0.395913 -0.175893
v 0.159935 0.469776 0.110442
v 0.153524 0.445427 0.098911
v 0.158514 0.464739 0.094013
v 0.163551 0.483817 0.105114
v 0.161733 0.477238 0.089270
v 0.166961 0.497110 0.098096
v 0.151035 0.488212 0.103393
v 0.145998 0.469134 0.092292
v 0.147419 0.474170 0.108722
v 0.149216 0.481632 0.087550
v 0.141008 0.449822 0.097191
v 0.141813 0.452474 0.114225
v 0.154445 0.501505 0.096375
v 0.152252 0.493465 0.081303
v 0.173841 0.529431 -0.127336
v 0.156381 0.515326 -0.148562
v 0.168897 0.510932 -0.146841
v 0.163416 0.541579 -0.118003
v 0.161325 0.533826 -0.129057
v 0.153574 0.504751 -0.156817
v 0.166091 0.500356 -0.155097
v 0.122974 0.387543 -0.173870
v 0.135490 0.383148 -0.172149
v 0.175933 0.537185 -0.116283
v 0.166059 0.551275 -0.100067
v 0.117264 0.358479 0.099268
v 0.122320 0.378167 0.089657
v 0.119157 0.366156 0.083877
v 0.120818 0.371973 0.105761
v 0.113848 0.345541 0.091756
v 0.125618 0.390737 0.093878
v 0.128632 0.350245 0.078912
v 0.113284 0.343964 0.069086
v 0.126408 0.347743 -0.154269
v 0.120865 0.326584 -0.158627
v 0.123877 0.338384 -0.168537
v 0.123467 0.336229 -0.144878
v 0.129236 0.358818 -0.161160
v 0.120080 0.325603 -0.156653
v 0.132271 0.370650 -0.167407
v 0.119755 0.375044 -0.169127
v 0.104333 0.309828 0.058377
v 0.110618 0.333944 0.060191
v 0.107672 0.322291 0.072657
v 0.113284 0.343964 0.069086
v 0.181740 0.556860 -0.014446
v 0.178612 0.543820 0.024471
v 0.166095 0.548214 0.022750
v 0.180000 0.549484 0.011984
v 0.164476 0.541678 0.034731
v 0.167484 0.553878 0.010263
v 0.180995 0.553647 -0.001071
v 0.168478 0.558042 -0.002792
v 0.176993 0.537284 0.036452
v 0.155164 0.504848 0.074131
v 0.160704 0.526028 0.078758
v 0.157823 0.515293 0.065621
v 0.157716 0.514293 0.088318
v 0.163505 0.537071 0.068282
v 0.160316 0.525123 0.056297
v 0.161325 0.533826 -0.129057
v 0.166988 0.555559 -0.127536
v 0.164638 0.546848 -0.139954
v 0.163416 0.541579 -0.118003
v 0.156381 0.515326 -0.148562
v 0.169957 0.566452 -0.107385
v 0.099014 0.290225 0.025808
v 0.110053 0.280525 0.013143
v 0.097537 0.284919 0.011422
v 0.108812 0.276138 -0.001577
v 0.096296 0.280532 -0.003298
v 0.108062 0.273650 -0.016779
v 0.095546 0.278044 -0.018500
v 0.095054 0.277948 -0.060705
v 0.106754 0.277554 -0.072840
v 0.107570 0.273554 -0.058985
v 0.094267 0.281938 -0.074557
v 0.095020 0.276724 -0.045414
v 0.104386 0.286339 -0.093227
v 0.150596 0.493483 -0.163925
v 0.155931 0.514184 -0.171142
v 0.152585 0.501526 -0.179126
v 0.153574 0.504751 -0.156817
v 0.147450 0.481542 -0.169872
v 0.159084 0.526065 -0.161867
v 0.137775 0.445061 -0.197237
v 0.107645 0.272346 -0.028280
v 0.095129 0.276740 -0.030001
v 0.107537 0.272330 -0.043694
v 0.166095 0.548214 0.022750
v 0.171558 0.569377 0.016566
v 0.167484 0.553878 0.010263
v 0.169997 0.563013 0.030595
v 0.172675 0.574054 0.001899
v 0.168478 0.558042 -0.002792
v 0.164476 0.541678 0.034731
v 0.168179 0.555671 0.044055
v 0.110667 0.333548 0.082651
v 0.116116 0.354639 0.077191
v 0.169223 0.561254 -0.016166
v 0.173512 0.577663 -0.013127
v 0.173951 0.579952 -0.036163
v 0.169614 0.563292 -0.036671
v 0.169005 0.561662 -0.064037
v 0.180755 0.554670 -0.075750
v 0.168239 0.559065 -0.077471
v 0.178576 0.546880 -0.098347
v 0.133960 0.429961 -0.180789
v 0.130035 0.415305 -0.197393
v 0.130524 0.416737 -0.180184
v 0.133895 0.430162 -0.198073
v 0.125254 0.396847 -0.194505
v 0.126268 0.400308 -0.177614
v 0.137414 0.443223 -0.180046
v 0.137775 0.445061 -0.197237
v 0.145390 0.474174 -0.191069
v 0.140826 0.456289 -0.177967
v 0.144191 0.469137 -0.174555
v 0.141609 0.459740 -0.194902
v 0.149050 0.488111 -0.185808
v 0.148057 0.500207 0.097534
v 0.131165 0.487576 0.103666
v 0.143682 0.483182 0.105387
v 0.135540 0.504601 0.095814
v 0.127513 0.473406 0.108609
v 0.140030 0.469012 0.110329
v 0.152160 0.516244 0.087555
v 0.139644 0.520638 0.085834
v 0.099825 0.294560 -0.020949
v 0.111970 0.289005 -0.029466
v 0.099454 0.293399 -0.031186
v 0.112341 0.290165 -0.019228
v 0.111873 0.288990 -0.043185
v 0.099357 0.293385 -0.044906
v 0.100493 0.296774 -0.007417
v 0.113009 0.292380 -0.005697
v 0.132419 0.439616 0.115451
v 0.116034 0.429134 0.113857
v 0.128550 0.424740 0.115578
v 0.119902 0.444010 0.113730
v 0.112157 0.414256 0.112818
v 0.124673 0.409862 0.114539
v 0.136257 0.454425 0.113461
v 0.123740 0.458819 0.111740
v 0.165955 0.546797 0.056546
v 0.162497 0.533779 0.045850
v 0.184074 0.564983 0.018287
v 0.178612 0.543820 0.024471
v 0.180000 0.549484 0.011984
v 0.182514 0.558619 0.032315
v 0.185191 0.569660 0.003620
v 0.169518 0.563277 -0.050391
v 0.173842 0.579936 -0.051577
v 0.169005 0.561662 -0.064037
v 0.173267 0.578121 -0.066907
v 0.168239 0.559065 -0.077471
v 0.172405 0.575203 -0.081999
v 0.166059 0.551275 -0.100067
v 0.121553 0.382506 -0.190299
v 0.117936 0.368465 -0.184971
v 0.122974 0.387543 -0.173870
v 0.119755 0.375044 -0.169127
v 0.114526 0.355172 -0.177953
v 0.116720 0.363212 -0.162880
v 0.106261 0.345844 -0.150209
v 0.100634 0.324237 -0.153272
v 0.103432 0.335427 -0.163638
v 0.103823 0.335869 -0.140953
v 0.108967 0.356576 -0.158336
v 0.098960 0.313925 -0.141087
v 0.111361 0.342779 -0.170257
v 0.113891 0.352137 -0.155990
v 0.180995 0.553647 -0.001071
v 0.181740 0.556860 -0.014446
v 0.182131 0.558897 -0.034951
v 0.186467 0.575558 -0.034443
v 0.186028 0.573269 -0.011406
v 0.162483 0.558133 0.003056
v 0.167342 0.576963 -0.002611
v 0.166625 0.573916 0.008563
v 0.163121 0.560846 -0.006890
v 0.163894 0.564255 -0.023707
v 0.161255 0.553079 0.015775
v 0.182034 0.558883 -0.048671
v 0.186359 0.575542 -0.049856
v 0.127043 0.350777 -0.176232
v 0.132271 0.370650 -0.167407
v 0.108563 0.330903 -0.160318
v 0.111165 0.340548 -0.146569
v 0.130453 0.364071 -0.183251
v 0.135490 0.383148 -0.172149
v 0.138785 0.395913 -0.175893
v 0.134069 0.378112 -0.188578
v 0.137770 0.392453 -0.192784
v 0.143041 0.412343 -0.178464
v 0.142552 0.410911 -0.195673
v 0.146476 0.425567 -0.179069
v 0.164768 0.489070 0.083023
v 0.170233 0.509899 0.090039
v 0.166217 0.574916 -0.090112
v 0.160865 0.554536 -0.097692
v 0.164807 0.569874 -0.104623
v 0.162120 0.559023 -0.084776
v 0.159236 0.548591 -0.109908
v 0.162978 0.563196 -0.118347
v 0.167347 0.578873 -0.075283
v 0.163125 0.562545 -0.071576
v 0.167680 0.500453 0.075852
v 0.173220 0.521634 0.080478
v 0.138134 0.386343 0.095598
v 0.133334 0.367579 0.107482
v 0.134836 0.373773 0.091378
v 0.137039 0.381701 0.112223
v 0.129781 0.354085 0.100989
v 0.131673 0.361762 0.085598
v 0.135270 0.458240 -0.178730
v 0.139833 0.476125 -0.191833
v 0.138635 0.471088 -0.175319
v 0.136053 0.461690 -0.195665
v 0.130995 0.441863 -0.181044
v 0.131250 0.443292 -0.198265
v 0.144383 0.493436 -0.184952
v 0.142684 0.486497 -0.169194
v 0.157768 0.543900 -0.146516
v 0.151504 0.519835 -0.147161
v 0.154292 0.530889 -0.160199
v 0.154599 0.531415 -0.134981
v 0.148726 0.509372 -0.155558
v 0.151170 0.519136 -0.169632
v 0.160890 0.555512 -0.131540
v 0.157378 0.541751 -0.121651
v 0.148373 0.559906 -0.133261
v 0.142082 0.535810 -0.136702
v 0.144861 0.546145 -0.123372
v 0.145252 0.548294 -0.148236
v 0.138988 0.524229 -0.148882
v 0.101724 0.293642 -0.108408
v 0.108479 0.301834 -0.086918
v 0.104386 0.286339 -0.093227
v 0.103316 0.315855 -0.114037
v 0.105700 0.308427 -0.100540
v 0.099502 0.301887 -0.123399
v 0.102459 0.326662 -0.130008
v 0.101724 0.293642 -0.108408
v 0.091134 0.297360 -0.109864
v 0.099502 0.301887 -0.123399
v 0.089021 0.305566 -0.124840
v 0.098960 0.313925 -0.141087
v 0.176993 0.537284 0.036452
v 0.180695 0.551277 0.045775
v 0.175014 0.529385 0.047571
v 0.106450 0.392440 0.108018
v 0.118967 0.388046 0.109739
v 0.102745 0.378318 0.103277
v 0.115262 0.373924 0.104998
v 0.123184 0.329154 0.084371
v 0.128632 0.350245 0.078912
v 0.126365 0.341147 0.093477
v 0.125801 0.339570 0.070807
v 0.120188 0.317896 0.074378
v 0.168167 0.581528 -0.056178
v 0.163855 0.564909 -0.054571
v 0.093985 0.351870 -0.174475
v 0.112380 0.370416 -0.185735
v 0.106502 0.347476 -0.172754
v 0.090916 0.339822 -0.165358
v 0.103432 0.335427 -0.163638
v 0.088160 0.328617 -0.154986
v 0.151559 0.569793 -0.042593
v 0.163855 0.564909 -0.054571
v 0.164075 0.565398 -0.040873
v 0.151339 0.569303 -0.056291
v 0.151378 0.568649 -0.025427
v 0.163125 0.562545 -0.071576
v 0.105111 0.335499 0.081887
v 0.110560 0.356590 0.076427
v 0.108292 0.347491 0.090993
v 0.092545 0.340289 0.057706
v 0.107728 0.345915 0.068322
v 0.105062 0.335895 0.059427
v 0.102671 0.326966 0.049308
v 0.090154 0.331360 0.047588
v 0.100481 0.318827 0.038546
v 0.087965 0.323221 0.036826
v 0.127541 0.428599 -0.181606
v 0.123519 0.413553 -0.197663
v 0.127370 0.428390 -0.198896
v 0.154830 0.583267 -0.077003
v 0.167347 0.578873 -0.075283
v 0.166217 0.574916 -0.090112
v 0.153701 0.579310 -0.091832
v 0.164807 0.569874 -0.104623
v 0.152291 0.574269 -0.106344
v 0.144424 0.540124 0.043366
v 0.150106 0.562016 0.041570
v 0.146404 0.548023 0.032247
v 0.147883 0.553142 0.054062
v 0.151510 0.567675 0.031571
v 0.147654 0.553061 0.023347
v 0.123135 0.329550 0.061911
v 0.116850 0.305434 0.060097
v 0.101682 0.381389 -0.171612
v 0.096451 0.360970 -0.160057
v 0.114199 0.376995 -0.169891
v 0.108967 0.356576 -0.158336
v 0.093744 0.350238 -0.151929
v 0.106261 0.345844 -0.150209
v 0.162623 0.557622 0.043291
v 0.156941 0.535730 0.045087
v 0.158920 0.543629 0.033967
v 0.160399 0.548748 0.055783
v 0.164027 0.563281 0.033292
v 0.154760 0.527073 0.055533
v 0.164027 0.563281 0.033292
v 0.165245 0.568238 0.022852
v 0.151510 0.567675 0.031571
v 0.162623 0.557622 0.043291
v 0.152729 0.572633 0.021132
v 0.166625 0.573916 0.008563
v 0.154109 0.578311 0.006843
v 0.124114 0.415392 -0.180509
v 0.119698 0.398798 -0.195269
v 0.100493 0.296774 -0.007417
v 0.095546 0.278044 -0.018500
v 0.096296 0.280532 -0.003298
v 0.099825 0.294560 -0.020949
v 0.101597 0.300679 0.005685
v 0.081266 0.299311 -0.033606
v 0.093746 0.295163 -0.042169
v 0.081109 0.299103 -0.044176
v 0.093883 0.295300 -0.031644
v 0.093340 0.295388 -0.050324
v 0.081387 0.299114 -0.052224
v 0.081844 0.301171 -0.020144
v 0.094405 0.296948 -0.018316
v 0.099454 0.293399 -0.031186
v 0.178472 0.542403 0.058267
v 0.172833 0.520728 0.058017
v 0.176022 0.532677 0.070003
v 0.170339 0.510899 0.067342
v 0.106754 0.277554 -0.072840
v 0.110999 0.293776 -0.068973
v 0.107570 0.273554 -0.058985
v 0.120712 0.402258 -0.178377
v 0.115996 0.384457 -0.191063
v 0.117417 0.389493 -0.174634
v 0.112380 0.370416 -0.185735
v 0.086913 0.318604 0.058805
v 0.096969 0.305066 0.048435
v 0.099429 0.314210 0.060526
v 0.084452 0.309461 0.046714
v 0.089599 0.328636 0.070173
v 0.094881 0.297382 0.035242
v 0.155147 0.527979 0.077994
v 0.142631 0.532373 0.076273
v 0.157949 0.539022 0.067518
v 0.145432 0.543416 0.065798
v 0.129544 0.481764 0.087520
v 0.145955 0.492524 0.082250
v 0.142061 0.477370 0.089240
v 0.133438 0.496918 0.080530
v 0.126293 0.469151 0.091919
v 0.137091 0.511193 0.071647
v 0.149607 0.506798 0.073367
v 0.135377 0.511152 -0.179811
v 0.151170 0.519136 -0.169632
v 0.147893 0.506757 -0.178090
v 0.138654 0.523530 -0.171353
v 0.131866 0.497831 -0.186673
v 0.154292 0.530889 -0.160199
v 0.116075 0.429744 0.096590
v 0.132035 0.438591 0.098198
v 0.128592 0.425349 0.098311
v 0.119519 0.442985 0.096477
v 0.112625 0.416501 0.095666
v 0.135451 0.451772 0.096427
v 0.155898 0.586472 -0.042509
v 0.168167 0.581528 -0.056178
v 0.155650 0.585923 -0.057898
v 0.168414 0.582078 -0.040789
v 0.155694 0.585188 -0.023224
v 0.168211 0.580793 -0.021504
v 0.164075 0.565398 -0.040873
v 0.168414 0.582078 -0.040789
v 0.168211 0.580793 -0.021504
v 0.165245 0.568238 0.022852
v 0.153701 0.579310 -0.091832
v 0.152291 0.574269 -0.106344
v 0.148349 0.558930 -0.099413
v 0.149603 0.563418 -0.086496
v 0.154830 0.583267 -0.077003
v 0.150609 0.566940 -0.073297
v 0.155650 0.585923 -0.057898
v 0.111708 0.360430 0.098504
v 0.095775 0.351886 0.089272
v 0.108292 0.347491 0.090993
v 0.099192 0.364824 0.096784
v 0.092594 0.339893 0.080166
v 0.105111 0.335499 0.081887
v 0.087464 0.317961 -0.142668
v 0.100634 0.324237 -0.153272
v 0.091349 0.340248 -0.142668
v 0.103823 0.335869 -0.140953
v 0.101084 0.372501 0.081393
v 0.116763 0.380118 0.088893
v 0.113600 0.368107 0.083113
v 0.104247 0.384512 0.087173
v 0.098043 0.360984 0.074706
v 0.120062 0.392688 0.093114
v 0.134106 0.422789 0.116342
v 0.137591 0.436640 0.098962
v 0.134148 0.423399 0.099075
v 0.130698 0.410156 0.098150
v 0.130230 0.407911 0.115302
v 0.137975 0.437665 0.116215
v 0.124523 0.386095 0.110503
v 0.102459 0.326662 -0.130008
v 0.092836 0.319535 -0.115478
v 0.103316 0.315855 -0.114037
v 0.090963 0.330698 -0.131588
v 0.151378 0.568649 -0.025427
v 0.154826 0.581358 -0.004331
v 0.155694 0.585188 -0.023224
v 0.155898 0.586472 -0.042509
v 0.151559 0.569793 -0.042593
v 0.151339 0.569303 -0.056291
v 0.102115 0.324241 0.071894
v 0.079125 0.290055 0.005286
v 0.090144 0.280489 -0.015445
v 0.091641 0.285662 0.007007
v 0.077582 0.284711 -0.017274
v 0.080534 0.295098 0.019797
v 0.089557 0.278634 -0.030339
v 0.157949 0.539022 0.067518
v 0.152266 0.517244 0.064857
v 0.155147 0.527979 0.077994
v 0.149607 0.506798 0.073367
v 0.147883 0.553142 0.054062
v 0.160399 0.548748 0.055783
v 0.150106 0.562016 0.041570
v 0.093051 0.290703 0.021518
v 0.082365 0.301776 0.033521
v 0.114853 0.432784 -0.200616
v 0.131250 0.443292 -0.198265
v 0.127370 0.428390 -0.198896
v 0.118734 0.447687 -0.199986
v 0.111003 0.417947 -0.199384
v 0.136053 0.461690 -0.195665
v 0.141775 0.535284 -0.161920
v 0.157768 0.543900 -0.146516
v 0.145252 0.548294 -0.148236
v 0.148373 0.559906 -0.133261
v 0.160890 0.555512 -0.131540
v 0.148349 0.558930 -0.099413
v 0.159236 0.548591 -0.109908
v 0.160865 0.554536 -0.097692
v 0.146720 0.552985 -0.111629
v 0.149603 0.563418 -0.086496
v 0.157378 0.541751 -0.121651
v 0.138810 0.464757 0.093639
v 0.122935 0.456167 0.094706
v 0.105700 0.308427 -0.100540
v 0.095110 0.312145 -0.101996
v 0.099192 0.364824 0.096784
v 0.104247 0.384512 0.087173
v 0.101084 0.372501 0.081393
v 0.102745 0.378318 0.103277
v 0.095775 0.351886 0.089272
v 0.107545 0.397082 0.091393
v 0.091349 0.340248 -0.142668
v 0.088160 0.328617 -0.154986
v 0.087464 0.317961 -0.142668
v 0.093744 0.350238 -0.151929
v 0.090916 0.339822 -0.165358
v 0.090963 0.330698 -0.131588
v 0.089021 0.305566 -0.124840
v 0.092836 0.319535 -0.115478
v 0.125141 0.412106 0.097386
v 0.107545 0.397082 0.091393
v 0.086106 0.316381 0.025082
v 0.084477 0.310437 0.012867
v 0.080534 0.295098 0.019797
v 0.082365 0.301776 0.033521
v 0.087965 0.323221 0.036826
v 0.084452 0.309461 0.046714
v 0.090154 0.331360 0.047588
v 0.099864 0.374810 -0.187456
v 0.115996 0.384457 -0.191063
v 0.148738 0.557474 0.014054
v 0.162483 0.558133 0.003056
v 0.161255 0.553079 0.015775
v 0.149967 0.562528 0.001335
v 0.147654 0.553061 0.023347
v 0.163121 0.560846 -0.006890
v 0.123536 0.466084 -0.197386
v 0.139833 0.476125 -0.191833
v 0.127317 0.480519 -0.193554
v 0.144383 0.493436 -0.184952
v 0.160170 0.548667 0.025067
v 0.158920 0.543629 0.033967
v 0.146404 0.548023 0.032247
v 0.156941 0.535730 0.045087
v 0.144424 0.540124 0.043366
v 0.167342 0.576963 -0.002611
v 0.154826 0.581358 -0.004331
v 0.107181 0.403192 -0.196989
v 0.123519 0.413553 -0.197663
v 0.119698 0.398798 -0.195269
v 0.103480 0.388852 -0.192783
v 0.081266 0.299311 -0.033606
v 0.076762 0.282367 -0.043406
v 0.076940 0.282646 -0.032301
v 0.077582 0.284711 -0.017274
v 0.081844 0.301171 -0.020144
v 0.081109 0.299103 -0.044176
v 0.077274 0.283283 -0.051499
v 0.152160 0.516244 0.087555
v 0.145955 0.492524 0.082250
v 0.148057 0.500207 0.097534
v 0.098622 0.311987 0.026803
v 0.152266 0.517244 0.064857
v 0.139750 0.521638 0.063137
v 0.154760 0.527073 0.055533
v 0.126293 0.469151 0.091919
v 0.127513 0.473406 0.108609
v 0.118479 0.446258 -0.182765
v 0.135270 0.458240 -0.178730
v 0.122754 0.462634 -0.180451
v 0.130995 0.441863 -0.181044
v 0.138635 0.471088 -0.175319
v 0.126119 0.475482 -0.177040
v 0.115025 0.432993 -0.183326
v 0.127541 0.428599 -0.181606
v 0.133293 0.502748 -0.164807
v 0.148726 0.509372 -0.155558
v 0.136210 0.513766 -0.157278
v 0.145810 0.498354 -0.163086
v 0.151504 0.519835 -0.147161
v 0.138988 0.524229 -0.148882
v 0.130168 0.490891 -0.170915
v 0.142684 0.486497 -0.169194
v 0.147893 0.506757 -0.178090
v 0.145810 0.498354 -0.163086
v 0.123740 0.458819 0.111740
v 0.119519 0.442985 0.096477
v 0.119902 0.444010 0.113730
v 0.122935 0.456167 0.094706
v 0.162978 0.563196 -0.118347
v 0.150461 0.567590 -0.120067
v 0.076940 0.282646 -0.032301
v 0.089398 0.278427 -0.041399
v 0.096451 0.360970 -0.160057
v 0.093985 0.351870 -0.174475
v 0.101682 0.381389 -0.171612
v 0.099864 0.374810 -0.187456
v 0.110560 0.356590 0.076427
v 0.095212 0.350309 0.066602
v 0.092594 0.339893 0.080166
v 0.098043 0.360984 0.074706
v 0.095212 0.350309 0.066602
v 0.095739 0.301554 0.001671
v 0.083222 0.305948 -0.000050
v 0.142244 0.531468 0.053812
v 0.084477 0.310437 0.012867
v 0.096994 0.306042 0.014587
v 0.086106 0.316381 0.025082
v 0.111597 0.419786 -0.182230
v 0.124114 0.415392 -0.180509
v 0.142061 0.477370 0.089240
v 0.091641 0.285662 0.007007
v 0.096994 0.306042 0.014587
v 0.093051 0.290703 0.021518
v 0.090144 0.280489 -0.015445
v 0.095739 0.301554 0.001671
v 0.094405 0.296948 -0.018316
v 0.089557 0.278634 -0.030339
v 0.093883 0.295300 -0.031644
v 0.108815 0.329558 -0.158202
v 0.111197 0.338390 -0.145611
v 0.120080 0.325603 -0.156653
v 0.081387 0.299114 -0.052224
v 0.077670 0.283644 -0.052429
v 0.093746 0.295163 -0.042169
v 0.089227 0.279557 -0.049600
v 0.093340 0.295388 -0.050324
v 0.089398 0.278427 -0.041399
v 0.089043 0.280099 -0.050622
v 0.092957 0.295162 -0.051311
v 0.077670 0.283644 -0.052429
v 0.089043 0.280099 -0.050622
v 0.077274 0.283283 -0.051499
v 0.089227 0.279557 -0.049600
v 0.076762 0.282367 -0.043406
v 0.092768 0.290418 -0.094824
v 0.091134 0.297360 -0.109864
v 0.095110 0.312145 -0.101996
v 0.096861 0.305913 -0.088515
v 0.092957 0.295162 -0.051311
v 0.095129 0.276740 -0.030001
v 0.081583 0.298707 -0.053118
v 0.081583 0.298707 -0.053118
v 0.083222 0.305948 -0.000050
v 0.079125 0.290055 0.005286
v 0.122462 0.334435 -0.144063
v 0.160170 0.548667 0.025067
v 0.106450 0.392440 0.108018
v 0.112625 0.416501 0.095666
v 0.112157 0.414256 0.112818
v 0.116034 0.429134 0.113857
v 0.116075 0.429744 0.096590
v 0.086913 0.318604 0.058805
v 0.092545 0.340289 0.057706
v 0.089599 0.328636 0.070173
v 0.114199 0.376995 -0.169891
v 0.106502 0.347476 -0.172754
v 0.108196 0.406653 -0.180098
v 0.103480 0.388852 -0.192783
v 0.104901 0.393888 -0.176354
v 0.107181 0.403192 -0.196989
v 0.111597 0.419786 -0.182230
v 0.111003 0.417947 -0.199384
v 0.115025 0.432993 -0.183326
v 0.114853 0.432784 -0.200616
v 0.118734 0.447687 -0.199986
v 0.127317 0.480519 -0.193554
v 0.122754 0.462634 -0.180451
v 0.126119 0.475482 -0.177040
v 0.123536 0.466084 -0.197386
v 0.118479 0.446258 -0.182765
v 0.131866 0.497831 -0.186673
v 0.130168 0.490891 -0.170915
v 0.135377 0.511152 -0.179811
v 0.117417 0.389493 -0.174634
v 0.104901 0.393888 -0.176354
v 0.120712 0.402258 -0.178377
v 0.108196 0.406653 -0.180098
v 0.136210 0.513766 -0.157278
v 0.141775 0.535284 -0.161920
v 0.138654 0.523530 -0.171353
v 0.133293 0.502748 -0.164807
v 0.154599 0.531415 -0.134981
v 0.142082 0.535810 -0.136702
v 0.150461 0.567590 -0.120067
v 0.146720 0.552985 -0.111629
v 0.144861 0.546145 -0.123372
v 0.163894 0.564255 -0.023707
v 0.150605 0.565240 -0.008611
v 0.149967 0.562528 0.001335
v 0.150605 0.565240 -0.008611
v 0.154109 0.578311 0.006843
v 0.148738 0.557474 0.014054
v 0.152729 0.572633 0.021132
v 0.150609 0.566940 -0.073297
v 0.162120 0.559023 -0.084776
v 0.102912 0.305402 0.018490
v 0.114113 0.296285 0.007406
v 0.101597 0.300679 0.005685
v 0.153343 0.451895 -0.176246
v 0.157906 0.469780 -0.189349
v 0.156708 0.464743 -0.172835
v 0.154126 0.455345 -0.193181
v 0.161566 0.483716 -0.184088
v 0.159966 0.477148 -0.168152
v 0.149930 0.438829 -0.178325
v 0.150292 0.440667 -0.195517
v 0.146411 0.425767 -0.196352
v 0.165101 0.497132 -0.177406
v 0.163112 0.489089 -0.162204
v 0.092957 0.295162 -0.051311
v 0.077670 0.283644 -0.052429
v 0.081583 0.298707 -0.053118
v 0.089043 0.280099 -0.050622
v 0.111197 0.338390 -0.145611
v 0.120080 0.325603 -0.156653
v 0.122462 0.334435 -0.144063
v 0.108815 0.329558 -0.158202
v 0.187744 0.281479 -0.133754
v 0.197953 0.272528 -0.141506
v 0.197953 0.272528 -0.133754
v 0.174427 0.284127 -0.141506
v 0.187744 0.281479 -0.141506
v 0.202318 0.259672 -0.133754
v 0.087657 0.340108 -0.124780
v 0.090887 0.342266 -0.141506
v 0.090887 0.342266 -0.124780
v 0.087657 0.340108 -0.141506
v 0.098975 0.345012 -0.124780
v 0.082026 0.333686 -0.124780
v 0.082026 0.333686 -0.141506
v 0.018913 -0.238772 -0.141506
v 0.005596 -0.236125 -0.141506
v 0.010033 -0.220768 -0.141506
v 0.204964 -0.181209 -0.141506
v 0.264795 -0.222637 -0.141506
v 0.029352 -0.211320 -0.141506
v -0.008978 -0.214317 -0.141506
v 0.072817 -0.189881 -0.141506
v 0.044927 -0.165425 -0.133754
v 0.017825 0.247565 -0.141506
v 0.017825 0.247565 -0.133754
v 0.049292 -0.178282 -0.141506
v 0.044927 -0.165425 -0.141506
v 0.239282 0.366426 -0.124780
v 0.249491 0.357475 -0.124780
v 0.239282 0.366426 -0.141506
v 0.225966 0.369074 -0.141506
v 0.249491 0.357475 -0.141506
v 0.229419 -0.153318 -0.133754
v 0.204964 -0.181209 -0.133754
v 0.044927 -0.165425 -0.133754
v 0.226772 -0.166635 -0.133754
v 0.017825 0.247565 -0.133754
v 0.202318 0.259672 -0.133754
v 0.072817 -0.189881 -0.133754
v 0.098975 0.345012 -0.141506
v 0.102851 0.345267 -0.124780
v 0.102851 0.345267 -0.141506
v 0.111229 0.343601 -0.124780
v -0.019916 0.352939 -0.141506
v 0.225966 0.369074 -0.124780
v -0.019916 0.352939 -0.124780
v -0.032773 0.348574 -0.141506
v -0.032773 0.348574 -0.124780
v 0.078897 0.317948 -0.124780
v 0.081643 0.309860 -0.141506
v 0.078897 0.317948 -0.141506
v 0.078642 0.321824 -0.124780
v 0.078642 0.321824 -0.141506
v 0.080308 0.330201 -0.124780
v 0.090223 0.300999 -0.124780
v 0.093708 0.299281 -0.141506
v 0.090224 0.300999 -0.141506
v 0.083801 0.306630 -0.141506
v 0.083801 0.306630 -0.124780
v 0.081643 0.309860 -0.124780
v 0.126294 0.321058 -0.141506
v 0.126040 0.324935 -0.141506
v 0.214650 0.307994 -0.141506
v 0.238090 0.348642 -0.141506
v 0.253856 0.344619 -0.141506
v 0.123294 0.333022 -0.141506
v 0.225966 0.369074 -0.141506
v 0.174427 0.284127 -0.141506
v -0.044372 0.325048 -0.141506
v 0.017825 0.247565 -0.141506
v -0.041724 0.338365 -0.141506
v -0.029266 0.331097 -0.141506
v 0.044927 -0.165425 -0.141506
v 0.202318 0.259672 -0.141506
v 0.197953 0.272528 -0.141506
v 0.187744 0.281479 -0.141506
v 0.042281 0.275455 -0.141506
v 0.105962 0.297870 -0.141506
v 0.114049 0.300616 -0.141506
v 0.117279 0.302774 -0.141506
v 0.124628 0.312681 -0.141506
v 0.122910 0.309196 -0.141506
v 0.102085 0.297615 -0.141506
v -0.000715 0.293862 -0.141506
v 0.081643 0.309860 -0.141506
v 0.029425 0.271090 -0.141506
v 0.020473 0.260881 -0.141506
v 0.078642 0.321824 -0.141506
v 0.217820 -0.176844 -0.141506
v 0.250858 -0.196784 -0.141506
v 0.226772 -0.166635 -0.141506
v 0.271246 -0.203627 -0.141506
v 0.229419 -0.153318 -0.141506
v 0.289250 -0.194746 -0.141506
v 0.049292 -0.178282 -0.141506
v 0.059501 -0.187233 -0.141506
v 0.239282 0.366426 -0.141506
v 0.249491 0.357475 -0.141506
v -0.032773 0.348574 -0.141506
v -0.019916 0.352939 -0.141506
v 0.102851 0.345267 -0.141506
v 0.098975 0.345012 -0.141506
v 0.090887 0.342266 -0.141506
v 0.087657 0.340108 -0.141506
v 0.082026 0.333686 -0.141506
v 0.080308 0.330201 -0.141506
v -0.004612 -0.227173 -0.141506
v 0.286603 -0.208063 -0.141506
v 0.277651 -0.218272 -0.141506
v 0.286603 -0.208063 -0.124780
v 0.286603 -0.208063 -0.141506
v 0.289250 -0.194746 -0.124780
v 0.277651 -0.218272 -0.124780
v 0.277651 -0.218272 -0.141506
v 0.289250 -0.194746 -0.141506
v 0.078897 0.317948 -0.141506
v -0.008978 -0.214317 -0.124780
v -0.004612 -0.227173 -0.141506
v -0.004612 -0.227173 -0.124780
v -0.008978 -0.214317 -0.141506
v -0.044372 0.325048 -0.124780
v -0.044372 0.325048 -0.141506
v -0.004612 -0.227173 -0.124780
v -0.004612 -0.227173 -0.141506
v 0.005596 -0.236125 -0.124780
v 0.005596 -0.236125 -0.141506
v 0.018913 -0.238772 -0.124780
v 0.018913 -0.238772 -0.141506
v 0.264795 -0.222637 -0.124780
v 0.264795 -0.222637 -0.141506
v 0.277651 -0.218272 -0.124780
v 0.249491 0.357475 -0.124780
v 0.253856 0.344619 -0.141506
v 0.249491 0.357475 -0.141506
v 0.253856 0.344619 -0.124780
v 0.124628 0.312681 -0.124780
v 0.122910 0.309196 -0.141506
v 0.122910 0.309196 -0.124780
v 0.124628 0.312681 -0.141506
v 0.117279 0.302774 -0.124780
v 0.126294 0.321058 -0.124780
v 0.277651 -0.218272 -0.141506
v 0.059501 -0.187233 -0.133754
v 0.072817 -0.189881 -0.141506
v 0.059501 -0.187233 -0.141506
v 0.049292 -0.178282 -0.133754
v -0.041724 0.338365 -0.124780
v -0.041724 0.338365 -0.141506
v -0.032773 0.348574 -0.141506
v 0.226772 -0.166635 -0.133754
v 0.229419 -0.153318 -0.133754
v 0.229419 -0.153318 -0.141506
v 0.226772 -0.166635 -0.141506
v 0.217820 -0.176844 -0.141506
v 0.217820 -0.176844 -0.133754
v 0.042281 0.275455 -0.133754
v 0.020473 0.260881 -0.133754
v 0.072817 -0.189881 -0.133754
v 0.204964 -0.181209 -0.141506
v 0.117279 0.302774 -0.141506
v 0.114049 0.300616 -0.124780
v 0.114049 0.300616 -0.141506
v 0.105962 0.297870 -0.124780
v 0.029425 0.271090 -0.133754
v 0.042281 0.275455 -0.141506
v 0.042281 0.275455 -0.133754
v 0.020473 0.260881 -0.133754
v 0.020473 0.260881 -0.141506
v 0.029425 0.271090 -0.141506
v 0.204964 -0.181209 -0.133754
v 0.102085 0.297615 -0.141506
v 0.102085 0.297615 -0.124780
v 0.105962 0.297870 -0.141506
v 0.093708 0.299281 -0.124780
v 0.126040 0.324935 -0.141506
v 0.126040 0.324935 -0.124780
v 0.126294 0.321058 -0.141506
v 0.123294 0.333022 -0.141506
v 0.174427 0.284127 -0.133754
v -0.008978 -0.214317 -0.124780
v 0.102085 0.297615 -0.124780
v 0.093708 0.299281 -0.124780
v -0.004612 -0.227173 -0.124780
v 0.005596 -0.236125 -0.124780
v 0.105962 0.297870 -0.124780
v 0.018913 -0.238772 -0.124780
v 0.289250 -0.194746 -0.124780
v 0.264795 -0.222637 -0.124780
v 0.114713 0.341883 -0.124780
v 0.121135 0.336252 -0.141506
v 0.121135 0.336252 -0.124780
v 0.114713 0.341883 -0.141506
v 0.123294 0.333022 -0.124780
v 0.111229 0.343601 -0.141506
v 0.080308 0.330201 -0.141506
v 0.202318 0.259672 -0.141506
v 0.081643 0.309860 -0.124780
v 0.078897 0.317948 -0.124780
v -0.044372 0.325048 -0.124780
v -0.019916 0.352939 -0.124780
v 0.083801 0.306630 -0.124780
v -0.032773 0.348574 -0.124780
v 0.059501 -0.187233 -0.133754
v 0.049292 -0.178282 -0.133754
v 0.029425 0.271090 -0.133754
v 0.174427 0.284127 -0.133754
v 0.187744 0.281479 -0.133754
v 0.197953 0.272528 -0.133754
v 0.217820 -0.176844 -0.133754
v -0.032773 0.348574 -0.124780
v -0.041724 0.338365 -0.124780
v 0.078642 0.321824 -0.124780
v 0.098975 0.345012 -0.124780
v 0.102851 0.345267 -0.124780
v 0.080308 0.330201 -0.124780
v 0.093708 0.299281 -0.141506
v 0.111229 0.343601 -0.141506
v 0.114713 0.341883 -0.141506
v 0.121135 0.336252 -0.141506
v 0.225966 0.369074 -0.124780
v 0.111229 0.343601 -0.124780
v 0.126294 0.321058 -0.124780
v 0.253856 0.344619 -0.124780
v 0.114713 0.341883 -0.124780
v 0.121135 0.336252 -0.124780
v 0.123294 0.333022 -0.124780
v 0.126040 0.324935 -0.124780
v 0.249491 0.357475 -0.124780
v 0.239282 0.366426 -0.124780
v 0.114049 0.300616 -0.124780
v 0.124628 0.312681 -0.124780
v 0.122910 0.309196 -0.124780
v 0.277651 -0.218272 -0.124780
v 0.286603 -0.208063 -0.124780
v 0.117279 0.302774 -0.124780
v 0.090224 0.300999 -0.141506
v 0.083801 0.306630 -0.141506
v 0.090223 0.300999 -0.124780
v 0.090887 0.342266 -0.124780
v 0.087657 0.340108 -0.124780
v 0.082026 0.333686 -0.124780
vt 0.322274 0.617530
vt 0.321665 0.615719
vt 0.322274 0.615719
vt 0.321665 0.617530
vt 0.322274 0.618589
vt 0.321665 0.617530
vt 0.322274 0.617530
vt 0.321665 0.618589
vt 0.322131 0.607576
vt 0.321972 0.606988
vt 0.322131 0.606988
vt 0.321972 0.607576
vt 0.898252 0.627964
vt 0.897789 0.626799
vt 0.899180 0.626799
vt 0.897789 0.627964
vt 0.898252 0.631406
vt 0.899180 0.632818
vt 0.322131 0.607812
vt 0.321972 0.607812
vt 0.321972 0.607576
vt 0.322131 0.607576
vt 0.322274 0.622465
vt 0.321665 0.622465
vt 0.321665 0.620777
vt 0.322274 0.620777
vt 0.322335 0.625639
vt 0.321726 0.625639
vt 0.321726 0.624640
vt 0.322335 0.624640
vt 0.897789 0.594356
vt 0.899180 0.594356
vt 0.322222 0.609807
vt 0.321613 0.609807
vt 0.321613 0.608524
vt 0.322222 0.608524
vt 0.321736 0.630419
vt 0.322345 0.626906
vt 0.322345 0.630419
vt 0.321736 0.626906
vt 0.322222 0.610335
vt 0.321613 0.609807
vt 0.322222 0.609807
vt 0.321613 0.610335
vt 0.891053 0.592270
vt 0.888630 0.624756
vt 0.888630 0.592269
vt 0.891053 0.630656
vt 0.322222 0.610783
vt 0.321613 0.610335
vt 0.322222 0.610335
vt 0.321613 0.610783
vt 0.321596 0.619189
vt 0.322204 0.619189
vt 0.322204 0.620137
vt 0.321596 0.620137
vt 0.322222 0.612826
vt 0.321613 0.612826
vt 0.321613 0.610783
vt 0.322222 0.610783
vt 0.322274 0.611807
vt 0.321665 0.611807
vt 0.321665 0.609343
vt 0.322274 0.609343
vt 0.322274 0.613328
vt 0.321665 0.613328
vt 0.321665 0.611807
vt 0.322274 0.611807
vt 0.322631 0.630369
vt 0.323540 0.605983
vt 0.322631 0.605983
vt 0.323540 0.630369
vt 0.322274 0.615067
vt 0.321665 0.613328
vt 0.322274 0.613328
vt 0.321665 0.615067
vt 0.896646 0.618974
vt 0.895255 0.618974
vt 0.895255 0.616415
vt 0.896646 0.616415
vt 0.322274 0.615719
vt 0.321665 0.615719
vt 0.321665 0.615067
vt 0.322274 0.615067
vt 0.325078 0.610142
vt 0.325078 0.606783
vt 0.326384 0.608825
vt 0.887327 0.629993
vt 0.887790 0.592841
vt 0.887790 0.629993
vt 0.887327 0.591606
vt 0.901556 0.631743
vt 0.901093 0.594642
vt 0.901556 0.594642
vt 0.901093 0.632977
vt 0.321521 0.624025
vt 0.321521 0.623115
vt 0.322334 0.623118
vt 0.322334 0.624028
vt 0.896007 0.610924
vt 0.895079 0.610924
vt 0.895079 0.609538
vt 0.896007 0.609037
vt 0.903950 0.628200
vt 0.903481 0.628200
vt 0.903481 0.595713
vt 0.903950 0.594571
vt 0.898716 0.632818
vt 0.897789 0.632818
vt 0.897789 0.631406
vt 0.895988 0.629189
vt 0.895487 0.629189
vt 0.895487 0.626630
vt 0.895487 0.613835
vt 0.895487 0.610755
vt 0.895487 0.621512
vt 0.893877 0.613873
vt 0.893877 0.611224
vt 0.895487 0.607618
vt 0.895988 0.590803
vt 0.894135 0.597355
vt 0.895487 0.595921
vt 0.895487 0.598480
vt 0.894135 0.595401
vt 0.893497 0.593915
vt 0.895487 0.590803
vt 0.892643 0.598463
vt 0.894543 0.610231
vt 0.894543 0.607472
vt 0.893375 0.605858
vt 0.895487 0.603598
vt 0.893375 0.602413
vt 0.895487 0.616394
vt 0.892249 0.616190
vt 0.892249 0.619944
vt 0.890838 0.621279
vt 0.890838 0.629189
vt 0.890838 0.626630
vt 0.327204 0.625911
vt 0.325078 0.626940
vt 0.325078 0.623581
vt 0.327204 0.623447
vt 0.326135 0.620187
vt 0.326135 0.621926
vt 0.325078 0.621901
vt 0.325078 0.619880
vt 0.325698 0.619535
vt 0.325078 0.617820
vt 0.325698 0.617724
vt 0.325078 0.616861
vt 0.326465 0.616665
vt 0.325078 0.615182
vt 0.326465 0.614404
vt 0.325078 0.611822
vt 0.326945 0.613499
vt 0.326945 0.611811
vt 0.325965 0.611084
vt 0.325965 0.609801
vt 0.328130 0.626788
vt 0.323821 0.629493
vt 0.324731 0.630307
vt 0.323821 0.630307
vt 0.324731 0.629493
vt 0.897789 0.631406
vt 0.898252 0.595687
vt 0.898252 0.631406
vt 0.897789 0.594453
vt 0.897557 0.626784
vt 0.897094 0.594390
vt 0.897557 0.594390
vt 0.897094 0.628020
vt 0.323821 0.608230
vt 0.324731 0.606015
vt 0.895543 0.609037
vt 0.898126 0.630346
vt 0.895670 0.595902
vt 0.898126 0.593343
vt 0.897557 0.631730
vt 0.895670 0.631730
vt 0.895670 0.593343
vt 0.891021 0.593343
vt 0.891021 0.595902
vt 0.902989 0.602282
vt 0.902989 0.607400
vt 0.902526 0.594604
vt 0.902989 0.599723
vt 0.902989 0.609959
vt 0.902989 0.594604
vt 0.896262 0.602670
vt 0.897653 0.602670
vt 0.897190 0.602670
vt 0.328130 0.630300
vt 0.325078 0.630300
vt 0.897653 0.607322
vt 0.897190 0.607322
vt 0.473295 0.441404
vt 0.484736 0.396241
vt 0.484736 0.441404
vt 0.472866 0.441922
vt 0.472770 0.441410
vt 0.473295 0.396241
vt 0.473295 0.442033
vt 0.485165 0.395741
vt 0.485262 0.396248
vt 0.484736 0.395624
vt 0.485262 0.441410
vt 0.485165 0.441922
vt 0.484736 0.442033
vt 0.465717 0.478443
vt 0.465717 0.412244
vt 0.477158 0.412244
vt 0.465717 0.479067
vt 0.465288 0.478952
vt 0.477158 0.478443
vt 0.465192 0.478443
vt 0.477587 0.411735
vt 0.477683 0.412244
vt 0.477158 0.411621
vt 0.477587 0.478952
vt 0.477158 0.479067
vt 0.477683 0.478443
vt 0.221509 0.265828
vt 0.221509 0.366971
vt 0.152541 0.366971
vt 0.222461 0.265830
vt 0.222461 0.366973
vt 0.221509 0.264877
vt 0.222286 0.265054
vt 0.152541 0.265828
vt 0.152541 0.367926
vt 0.151764 0.367752
vt 0.151589 0.366973
vt 0.151589 0.265830
vt 0.152541 0.264877
vt 0.151764 0.265054
vt 0.478654 0.408298
vt 0.478654 0.407661
vt 0.479083 0.407769
vt 0.479179 0.408284
vt 0.467213 0.474405
vt 0.467213 0.408298
vt 0.478654 0.474405
vt 0.466784 0.474894
vt 0.466687 0.474392
vt 0.467213 0.475014
vt 0.466784 0.407769
vt 0.467213 0.407661
vt 0.466687 0.408284
vt 0.467811 0.452498
vt 0.467811 0.407322
vt 0.479252 0.407322
vt 0.467811 0.453122
vt 0.467382 0.453007
vt 0.467286 0.452498
vt 0.479252 0.452498
vt 0.479681 0.406812
vt 0.479777 0.407322
vt 0.479252 0.406698
vt 0.479252 0.453122
vt 0.479777 0.452498
vt 0.479681 0.453007
vt 0.221366 0.155215
vt 0.221369 0.154260
vt 0.222148 0.154433
vt 0.222321 0.155213
vt 0.222321 0.256356
vt 0.221366 0.256359
vt 0.472866 0.395741
vt 0.473295 0.395624
vt 0.472770 0.396248
vt 0.222286 0.367752
vt 0.221509 0.367926
vt 0.152406 0.257303
vt 0.152402 0.256353
vt 0.222148 0.257133
vt 0.221369 0.257309
vt 0.479083 0.474894
vt 0.478654 0.475014
vt 0.479179 0.474392
vt 0.152402 0.155209
vt 0.152406 0.154254
vt 0.151454 0.155207
vt 0.151630 0.154428
vt 0.465192 0.412244
vt 0.465288 0.411735
vt 0.465717 0.411621
vt 0.151630 0.257127
vt 0.151454 0.256350
vt 0.467382 0.406812
vt 0.467811 0.406698
vt 0.467286 0.407322
vt 0.474797 0.490431
vt 0.481085 0.389008
vt 0.481085 0.490431
vt 0.481085 0.491042
vt 0.474797 0.491042
vt 0.474381 0.490934
vt 0.474288 0.490437
vt 0.474797 0.389008
vt 0.481085 0.388409
vt 0.481501 0.388523
vt 0.481595 0.389014
vt 0.481501 0.490934
vt 0.481595 0.490437
vt 0.479693 0.489893
vt 0.479693 0.490498
vt 0.479277 0.490387
vt 0.479184 0.489893
vt 0.479693 0.414992
vt 0.485981 0.414992
vt 0.485981 0.489893
vt 0.485981 0.414387
vt 0.486397 0.414498
vt 0.486491 0.414992
vt 0.486397 0.490387
vt 0.485981 0.490498
vt 0.486491 0.489893
vt 0.092894 0.234824
vt 0.055687 0.234824
vt 0.144784 0.149274
vt 0.055173 0.235037
vt 0.002125 0.149275
vt 0.144784 0.148422
vt 0.145478 0.148577
vt 0.144784 0.254504
vt 0.093408 0.235037
vt 0.145635 0.149272
vt 0.145635 0.254502
vt 0.489817 0.415003
vt 0.483528 0.489801
vt 0.483528 0.415003
vt 0.489817 0.489801
vt 0.490233 0.414491
vt 0.490326 0.414989
vt 0.489817 0.414385
vt 0.483112 0.490275
vt 0.483019 0.489787
vt 0.483528 0.490391
vt 0.483112 0.414491
vt 0.483528 0.414385
vt 0.483019 0.414989
vt 0.477114 0.490469
vt 0.477114 0.491074
vt 0.476698 0.490963
vt 0.477114 0.389015
vt 0.483402 0.389015
vt 0.476604 0.490469
vt 0.483402 0.490469
vt 0.483818 0.388521
vt 0.483912 0.389015
vt 0.483402 0.388410
vt 0.483402 0.491074
vt 0.483912 0.490469
vt 0.483818 0.490963
vt 0.144200 0.263724
vt 0.144899 0.263027
vt 0.145054 0.263722
vt 0.145063 0.368951
vt 0.144209 0.368954
vt 0.091162 0.349487
vt 0.090648 0.349274
vt 0.144203 0.262872
vt 0.474381 0.388523
vt 0.474797 0.388409
vt 0.474288 0.389014
vt 0.002125 0.254504
vt 0.001274 0.254502
vt 0.001274 0.149272
vt 0.001430 0.148577
vt 0.002124 0.148422
vt 0.144908 0.369644
vt 0.091375 0.350000
vt 0.091376 0.361176
vt 0.144212 0.369801
vt 0.054960 0.235550
vt 0.054960 0.246726
vt 0.055687 0.247452
vt 0.002125 0.255351
vt 0.001430 0.255194
vt 0.055173 0.247239
vt 0.490233 0.490275
vt 0.489817 0.490391
vt 0.490326 0.489787
vt 0.000702 0.263722
vt 0.001552 0.262872
vt 0.003939 0.263724
vt 0.000859 0.263027
vt 0.000711 0.368951
vt 0.003948 0.368954
vt 0.479277 0.414498
vt 0.479693 0.414387
vt 0.479184 0.414992
vt 0.001561 0.369801
vt 0.000868 0.369644
vt 0.052930 0.361689
vt 0.053444 0.361902
vt 0.052718 0.361176
vt 0.052717 0.350000
vt 0.052929 0.349487
vt 0.145479 0.255194
vt 0.144784 0.255351
vt 0.093621 0.235550
vt 0.093621 0.246726
vt 0.476604 0.389015
vt 0.476698 0.388521
vt 0.477114 0.388410
vt 0.090650 0.361902
vt 0.091163 0.361689
vt 0.475779 0.452973
vt 0.475779 0.479434
vt 0.468049 0.479434
vt 0.468049 0.452973
vt 0.490843 0.486899
vt 0.490843 0.487264
vt 0.483114 0.487264
vt 0.483114 0.486899
vt 0.483114 0.478944
vt 0.490843 0.478944
vt 0.483114 0.478578
vt 0.490843 0.478578
vt 0.092894 0.247452
vt 0.053443 0.349274
vt 0.471044 0.479422
vt 0.478774 0.452969
vt 0.478774 0.479422
vt 0.471044 0.452969
vt 0.471044 0.479791
vt 0.478774 0.479791
vt 0.475779 0.452608
vt 0.468049 0.452608
vt 0.468049 0.479799
vt 0.475779 0.479799
vt 0.478774 0.452608
vt 0.471044 0.452608
vt 0.485482 0.464828
vt 0.485482 0.465185
vt 0.477753 0.465185
vt 0.477753 0.464828
vt 0.477753 0.456884
vt 0.477753 0.456511
vt 0.485482 0.456511
vt 0.485482 0.456884
vt 0.326384 0.609273
vt 0.893497 0.594597
vt 0.892643 0.601034
vt 0.894616 0.609538
vt 0.894616 0.609037
vt 0.902989 0.611420
vt 0.902526 0.630433
vt 0.902989 0.614557
vt 0.902989 0.617637
vt 0.902989 0.620196
vt 0.902989 0.625314
vt 0.902989 0.630433
vt 0.093408 0.247239
vt 0.874172 0.020335
vt 0.907754 0.020335
vt 0.874172 0.020189
vt 0.874172 0.020481
vt 0.907753 0.020481
vt 0.907754 0.020189
vt 0.874172 0.020044
vt 0.933663 0.010309
vt 0.907754 0.010163
vt 0.907754 0.010309
vt 0.933663 0.010163
vt 0.933663 0.010455
vt 0.907753 0.010017
vt 0.967245 0.010601
vt 0.993154 0.010455
vt 0.967245 0.010455
vt 0.993154 0.010601
vt 0.993154 0.010309
vt 0.967245 0.010309
vt 0.967244 0.010819
vt 0.993154 0.010819
vt 0.993154 0.010163
vt 0.967245 0.010163
vt 0.993154 0.010017
vt 0.967245 0.010017
vt 0.907754 0.020044
vt 0.874172 0.019898
vt 0.993154 0.007719
vt 0.967245 0.007864
vt 0.993154 0.007864
vt 0.967245 0.007719
vt 0.874172 0.007719
vt 0.907753 0.007428
vt 0.874172 0.007428
vt 0.907753 0.007719
vt 0.907753 0.007283
vt 0.874172 0.007283
vt 0.874172 0.007864
vt 0.907753 0.007864
vt 0.967244 0.007428
vt 0.993154 0.007428
vt 0.967244 0.007283
vt 0.967245 0.012201
vt 0.993154 0.012383
vt 0.993154 0.012201
vt 0.993154 0.012056
vt 0.967245 0.012056
vt 0.967244 0.012383
vt 0.993154 0.012528
vt 0.933663 0.010965
vt 0.907753 0.010819
vt 0.907754 0.010965
vt 0.933663 0.010819
vt 0.933663 0.011110
vt 0.907753 0.010601
vt 0.874172 0.021135
vt 0.907754 0.020989
vt 0.874172 0.020989
vt 0.907754 0.021135
vt 0.907754 0.020844
vt 0.874172 0.020844
vt 0.874172 0.008337
vt 0.907753 0.008082
vt 0.874172 0.008082
vt 0.907754 0.008337
vt 0.874172 0.008483
vt 0.907754 0.008483
vt 0.967244 0.011256
vt 0.967244 0.011474
vt 0.993154 0.011256
vt 0.993154 0.011110
vt 0.967245 0.011110
vt 0.993154 0.011474
vt 0.967244 0.011619
vt 0.993154 0.011619
vt 0.967244 0.005937
vt 0.993154 0.006083
vt 0.993154 0.005937
vt 0.967244 0.006083
vt 0.993154 0.006265
vt 0.967244 0.006265
vt 0.967244 0.005791
vt 0.967245 0.005349
vt 0.993154 0.005504
vt 0.993154 0.005349
vt 0.967245 0.005504
vt 0.967245 0.005325
vt 0.993154 0.005645
vt 0.967244 0.006410
vt 0.993154 0.006410
vt 0.993154 0.006556
vt 0.933663 0.012528
vt 0.933663 0.012746
vt 0.967245 0.012746
vt 0.967245 0.012528
vt 0.967245 0.012892
vt 0.933663 0.012383
vt 0.933663 0.012201
vt 0.907754 0.012056
vt 0.907753 0.012201
vt 0.907753 0.012383
vt 0.907754 0.012528
vt 0.933663 0.012383
vt 0.933663 0.012528
vt 0.907754 0.021571
vt 0.874172 0.021716
vt 0.907754 0.021716
vt 0.874172 0.021571
vt 0.874172 0.021862
vt 0.907754 0.021426
vt 0.967244 0.005645
vt 0.993154 0.005791
vt 0.933663 0.011256
vt 0.907753 0.011110
vt 0.907753 0.011256
vt 0.933663 0.011474
vt 0.993154 0.010965
vt 0.967245 0.010965
vt 0.933663 0.008775
vt 0.907753 0.008629
vt 0.907753 0.008775
vt 0.933663 0.008629
vt 0.933663 0.008993
vt 0.907754 0.008483
vt 0.967244 0.009432
vt 0.993154 0.009286
vt 0.967244 0.009286
vt 0.993154 0.009432
vt 0.993154 0.009140
vt 0.967244 0.009140
vt 0.993154 0.008994
vt 0.993154 0.008775
vt 0.967245 0.008994
vt 0.967245 0.008775
vt 0.993154 0.008629
vt 0.967244 0.008629
vt 0.907754 0.012528
vt 0.907753 0.012383
vt 0.874172 0.012528
vt 0.874172 0.012746
vt 0.907753 0.012746
vt 0.874172 0.012892
vt 0.907753 0.012892
vt 0.993154 0.009578
vt 0.967245 0.009578
vt 0.993154 0.009871
vt 0.967244 0.009871
vt 0.967244 0.009725
vt 0.933663 0.010017
vt 0.907753 0.009871
vt 0.933663 0.009871
vt 0.933663 0.009725
vt 0.907754 0.009725
vt 0.967244 0.019533
vt 0.933663 0.019716
vt 0.967245 0.019716
vt 0.933663 0.019898
vt 0.933663 0.019533
vt 0.967245 0.019898
vt 0.967245 0.019387
vt 0.933663 0.019387
vt 0.874172 0.013038
vt 0.907753 0.013038
vt 0.933663 0.013584
vt 0.967244 0.013439
vt 0.933663 0.013439
vt 0.967244 0.013720
vt 0.967245 0.013584
vt 0.933663 0.013720
vt 0.967245 0.013929
vt 0.933663 0.013584
vt 0.907754 0.013720
vt 0.933663 0.013720
vt 0.907754 0.013584
vt 0.907753 0.013929
vt 0.933663 0.013929
vt 0.874172 0.011110
vt 0.874172 0.011256
vt 0.907753 0.011256
vt 0.907753 0.011110
vt 0.907754 0.010965
vt 0.874172 0.010965
vt 0.874172 0.010819
vt 0.993154 0.007283
vt 0.967244 0.007138
vt 0.993154 0.007137
vt 0.967244 0.006992
vt 0.874172 0.013183
vt 0.907753 0.013293
vt 0.907753 0.013184
vt 0.933663 0.010601
vt 0.907753 0.010455
vt 0.967244 0.006701
vt 0.993154 0.006847
vt 0.993154 0.006701
vt 0.967244 0.006847
vt 0.993154 0.006992
vt 0.907754 0.020626
vt 0.874172 0.020626
vt 0.967245 0.012528
vt 0.993154 0.012746
vt 0.993154 0.008483
vt 0.967245 0.008483
vt 0.933663 0.011765
vt 0.907754 0.011619
vt 0.907753 0.011765
vt 0.933663 0.011619
vt 0.933663 0.011910
vt 0.907754 0.011474
vt 0.967244 0.011765
vt 0.993154 0.011765
vt 0.967245 0.011910
vt 0.993154 0.011910
vt 0.907754 0.021862
vt 0.874172 0.022007
vt 0.907754 0.022007
vt 0.993154 0.008337
vt 0.967244 0.008337
vt 0.993154 0.008082
vt 0.967244 0.008082
vt 0.907753 0.005504
vt 0.933663 0.005349
vt 0.907753 0.005349
vt 0.933663 0.005504
vt 0.933663 0.005326
vt 0.907753 0.005325
vt 0.907753 0.005645
vt 0.933663 0.005645
vt 0.907753 0.012746
vt 0.933663 0.006847
vt 0.907754 0.006992
vt 0.933663 0.006992
vt 0.907753 0.006847
vt 0.907753 0.007137
vt 0.933663 0.007138
vt 0.933663 0.006701
vt 0.907753 0.006701
vt 0.993154 0.009725
vt 0.967245 0.019241
vt 0.933663 0.019241
vt 0.874172 0.013293
vt 0.874172 0.013439
vt 0.907754 0.013584
vt 0.907754 0.013439
vt 0.933663 0.006265
vt 0.933663 0.006083
vt 0.907753 0.006265
vt 0.907753 0.006410
vt 0.933663 0.006410
vt 0.907753 0.006556
vt 0.933663 0.006556
vt 0.907753 0.006083
vt 0.874172 0.010601
vt 0.907753 0.010819
vt 0.907753 0.010601
vt 0.874172 0.010455
vt 0.907753 0.010455
vt 0.874172 0.010309
vt 0.967245 0.010455
vt 0.933663 0.010601
vt 0.967245 0.010601
vt 0.933663 0.010455
vt 0.933663 0.010819
vt 0.967244 0.010819
vt 0.967245 0.010309
vt 0.933663 0.010309
vt 0.907753 0.007719
vt 0.933663 0.007428
vt 0.907753 0.007428
vt 0.933663 0.007864
vt 0.933663 0.007719
vt 0.933663 0.007283
vt 0.907753 0.007283
vt 0.933663 0.005937
vt 0.907753 0.005937
vt 0.907753 0.007864
vt 0.933663 0.008082
vt 0.967244 0.011765
vt 0.933663 0.011619
vt 0.933663 0.011765
vt 0.967244 0.011619
vt 0.967245 0.011910
vt 0.933663 0.011474
vt 0.907753 0.011910
vt 0.933663 0.012056
vt 0.907753 0.005504
vt 0.874172 0.005349
vt 0.874172 0.005504
vt 0.907753 0.005349
vt 0.907753 0.005645
vt 0.874172 0.005325
vt 0.907753 0.005791
vt 0.933663 0.005791
vt 0.967244 0.012383
vt 0.933663 0.012201
vt 0.967245 0.012201
vt 0.933663 0.012056
vt 0.907753 0.008994
vt 0.907753 0.009432
vt 0.933663 0.009432
vt 0.907753 0.009286
vt 0.933663 0.009578
vt 0.933663 0.009286
vt 0.907753 0.009140
vt 0.933663 0.009140
vt 0.907754 0.009578
vt 0.933663 0.010163
vt 0.967245 0.010017
vt 0.933663 0.010017
vt 0.967245 0.010163
vt 0.967244 0.009871
vt 0.933663 0.009871
vt 0.933663 0.007719
vt 0.967245 0.007864
vt 0.967245 0.007719
vt 0.933663 0.007864
vt 0.933663 0.007428
vt 0.967244 0.008082
vt 0.967245 0.012746
vt 0.993154 0.012892
vt 0.967245 0.012892
vt 0.993154 0.013038
vt 0.967245 0.013038
vt 0.993154 0.013184
vt 0.967245 0.013184
vt 0.967245 0.013584
vt 0.993154 0.013720
vt 0.993154 0.013584
vt 0.967244 0.013720
vt 0.967244 0.013439
vt 0.993154 0.013929
vt 0.933663 0.007138
vt 0.967244 0.007283
vt 0.967244 0.007138
vt 0.933663 0.007283
vt 0.933663 0.006992
vt 0.967244 0.007428
vt 0.967244 0.006556
vt 0.993154 0.013293
vt 0.967245 0.013293
vt 0.993154 0.013439
vt 0.933663 0.009432
vt 0.967244 0.009286
vt 0.933663 0.009286
vt 0.967244 0.009432
vt 0.967244 0.009140
vt 0.933663 0.009140
vt 0.933663 0.009578
vt 0.967245 0.009578
vt 0.967245 0.012056
vt 0.933663 0.011910
vt 0.933663 0.008993
vt 0.967245 0.008994
vt 0.967245 0.008775
vt 0.933663 0.008775
vt 0.933663 0.008483
vt 0.907754 0.008337
vt 0.933663 0.008337
vt 0.907753 0.008082
vt 0.933663 0.006410
vt 0.967244 0.006265
vt 0.933663 0.006265
vt 0.967244 0.006410
vt 0.967244 0.006083
vt 0.933663 0.006083
vt 0.933663 0.006556
vt 0.967244 0.006556
vt 0.967244 0.006847
vt 0.933663 0.006701
vt 0.933663 0.006847
vt 0.967244 0.006701
vt 0.967244 0.006992
vt 0.993154 0.019716
vt 0.967245 0.019898
vt 0.993154 0.019898
vt 0.967245 0.019716
vt 0.967245 0.020044
vt 0.993154 0.020044
vt 0.993154 0.019533
vt 0.967244 0.019533
vt 0.933663 0.013184
vt 0.907753 0.013293
vt 0.933663 0.013293
vt 0.907753 0.013184
vt 0.907754 0.013439
vt 0.933663 0.013439
vt 0.933663 0.013038
vt 0.907753 0.013038
vt 0.993154 0.020335
vt 0.967245 0.020481
vt 0.993154 0.020481
vt 0.967245 0.020335
vt 0.967245 0.020626
vt 0.993154 0.020626
vt 0.993154 0.020189
vt 0.967245 0.020189
vt 0.967244 0.009725
vt 0.933663 0.009725
vt 0.874172 0.009286
vt 0.907753 0.009432
vt 0.907753 0.009286
vt 0.874172 0.009432
vt 0.874172 0.009140
vt 0.933663 0.008629
vt 0.967244 0.008629
vt 0.933663 0.008483
vt 0.967245 0.008483
vt 0.933663 0.008337
vt 0.967244 0.008337
vt 0.933663 0.008082
vt 0.967244 0.005937
vt 0.967244 0.005791
vt 0.933663 0.005937
vt 0.933663 0.005791
vt 0.967244 0.005645
vt 0.933663 0.005645
vt 0.907754 0.014759
vt 0.874172 0.014612
vt 0.874172 0.014759
vt 0.907754 0.014612
vt 0.907753 0.014905
vt 0.874172 0.014459
vt 0.967245 0.005504
vt 0.933663 0.005504
vt 0.907753 0.009140
vt 0.907753 0.008994
vt 0.907753 0.008775
vt 0.874172 0.008775
vt 0.874172 0.008994
vt 0.907753 0.018583
vt 0.874172 0.018473
vt 0.874172 0.018583
vt 0.907753 0.018473
vt 0.907753 0.018291
vt 0.907754 0.018729
vt 0.907753 0.008629
vt 0.874172 0.008629
vt 0.874172 0.005645
vt 0.907753 0.005791
vt 0.967245 0.005349
vt 0.933663 0.005349
vt 0.874172 0.005791
vt 0.907753 0.005937
vt 0.907753 0.006083
vt 0.874172 0.005937
vt 0.874172 0.006083
vt 0.907753 0.006265
vt 0.874172 0.006265
vt 0.907753 0.006410
vt 0.907754 0.010309
vt 0.874172 0.010163
vt 0.874172 0.017634
vt 0.907753 0.017488
vt 0.874172 0.017488
vt 0.907753 0.017634
vt 0.907753 0.017343
vt 0.874172 0.017343
vt 0.874172 0.017780
vt 0.907754 0.017780
vt 0.907754 0.010163
vt 0.874172 0.010017
vt 0.907754 0.011474
vt 0.874172 0.011619
vt 0.907754 0.011619
vt 0.874172 0.011474
vt 0.874172 0.011765
vt 0.907753 0.011765
vt 0.907754 0.016071
vt 0.874172 0.016216
vt 0.907754 0.016216
vt 0.874172 0.016071
vt 0.907753 0.015889
vt 0.874172 0.015889
vt 0.874172 0.016398
vt 0.907754 0.016398
vt 0.874172 0.017016
vt 0.907754 0.016834
vt 0.874172 0.016834
vt 0.907753 0.017016
vt 0.907754 0.016688
vt 0.874172 0.016688
vt 0.874172 0.017197
vt 0.907753 0.017197
vt 0.967245 0.017197
vt 0.933663 0.017016
vt 0.933663 0.017197
vt 0.967245 0.017016
vt 0.933663 0.016834
vt 0.874172 0.014089
vt 0.907753 0.013929
vt 0.874172 0.013929
vt 0.907753 0.014253
vt 0.907754 0.014089
vt 0.874172 0.014253
vt 0.907754 0.014459
vt 0.993154 0.014089
vt 0.967245 0.014089
vt 0.993154 0.014253
vt 0.967245 0.014253
vt 0.993154 0.014459
vt 0.907754 0.009578
vt 0.874172 0.009578
vt 0.907754 0.009725
vt 0.967245 0.020844
vt 0.993154 0.020844
vt 0.967245 0.020989
vt 0.993154 0.020989
vt 0.874172 0.012056
vt 0.907753 0.011910
vt 0.874172 0.011910
vt 0.907754 0.012056
vt 0.874172 0.012201
vt 0.874172 0.017962
vt 0.907753 0.017962
vt 0.967244 0.014905
vt 0.993154 0.015161
vt 0.993154 0.014905
vt 0.967245 0.014759
vt 0.993154 0.014759
vt 0.967245 0.014612
vt 0.933663 0.018108
vt 0.907753 0.017962
vt 0.907754 0.018108
vt 0.933663 0.017962
vt 0.933663 0.018291
vt 0.907754 0.017780
vt 0.874172 0.021426
vt 0.907754 0.021280
vt 0.874172 0.021280
vt 0.933663 0.021571
vt 0.907754 0.021426
vt 0.907754 0.021571
vt 0.907754 0.021716
vt 0.933663 0.021716
vt 0.907754 0.021862
vt 0.933663 0.021862
vt 0.907754 0.015744
vt 0.874172 0.015598
vt 0.874172 0.015743
vt 0.967244 0.017780
vt 0.993154 0.017780
vt 0.993154 0.017634
vt 0.967245 0.017634
vt 0.993154 0.017488
vt 0.967244 0.017488
vt 0.933663 0.019095
vt 0.967244 0.018948
vt 0.933663 0.018948
vt 0.967245 0.019095
vt 0.967245 0.018839
vt 0.933663 0.018839
vt 0.907753 0.012201
vt 0.874172 0.012383
vt 0.933663 0.015161
vt 0.933663 0.014905
vt 0.907754 0.015161
vt 0.907753 0.014905
vt 0.933663 0.014759
vt 0.907754 0.014759
vt 0.874172 0.018948
vt 0.907753 0.019095
vt 0.907753 0.018948
vt 0.874172 0.019095
vt 0.874172 0.018839
vt 0.907753 0.019241
vt 0.993154 0.018839
vt 0.993154 0.018729
vt 0.967245 0.018839
vt 0.993154 0.018948
vt 0.967245 0.018729
vt 0.993154 0.018583
vt 0.967245 0.018583
vt 0.907753 0.015598
vt 0.874172 0.015452
vt 0.933663 0.013038
vt 0.967245 0.013184
vt 0.967245 0.013038
vt 0.933663 0.013184
vt 0.933663 0.012892
vt 0.933663 0.022661
vt 0.907754 0.022769
vt 0.933663 0.022769
vt 0.907754 0.022661
vt 0.907754 0.022851
vt 0.933663 0.022851
vt 0.933663 0.022518
vt 0.907754 0.022518
vt 0.933663 0.013293
vt 0.874172 0.009725
vt 0.907753 0.009871
vt 0.874172 0.009871
vt 0.907753 0.010017
vt 0.874172 0.013720
vt 0.907754 0.013720
vt 0.874172 0.013584
vt 0.907753 0.015452
vt 0.874172 0.015307
vt 0.907754 0.015307
vt 0.874172 0.015161
vt 0.967245 0.021716
vt 0.993154 0.021862
vt 0.993154 0.021716
vt 0.967245 0.021862
vt 0.967245 0.021571
vt 0.993154 0.022007
vt 0.993154 0.019387
vt 0.967245 0.019387
vt 0.993154 0.019241
vt 0.967245 0.019241
vt 0.933663 0.019898
vt 0.907754 0.019716
vt 0.907754 0.019898
vt 0.933663 0.019716
vt 0.933663 0.020044
vt 0.933663 0.019533
vt 0.907754 0.019533
vt 0.967245 0.016543
vt 0.993154 0.016688
vt 0.993154 0.016543
vt 0.967245 0.016688
vt 0.967245 0.016398
vt 0.993154 0.016834
vt 0.933663 0.020481
vt 0.907754 0.020335
vt 0.907753 0.020481
vt 0.933663 0.020335
vt 0.933663 0.020626
vt 0.907754 0.020189
vt 0.967244 0.018108
vt 0.993154 0.017962
vt 0.967245 0.017962
vt 0.993154 0.018108
vt 0.967245 0.018291
vt 0.993154 0.018291
vt 0.907754 0.018108
vt 0.874172 0.018108
vt 0.874172 0.018291
vt 0.874172 0.018729
vt 0.967245 0.017634
vt 0.967244 0.017488
vt 0.933663 0.017488
vt 0.933663 0.017634
vt 0.967244 0.017780
vt 0.933663 0.017780
vt 0.967245 0.017962
vt 0.993154 0.021135
vt 0.967245 0.021280
vt 0.993154 0.021280
vt 0.967245 0.021135
vt 0.967245 0.021426
vt 0.993154 0.021426
vt 0.967245 0.014459
vt 0.993154 0.014613
vt 0.933663 0.014613
vt 0.907754 0.014612
vt 0.933663 0.021135
vt 0.907754 0.020989
vt 0.907754 0.021135
vt 0.933663 0.020989
vt 0.933663 0.021280
vt 0.907754 0.020844
vt 0.967245 0.011110
vt 0.933663 0.010965
vt 0.933663 0.011110
vt 0.933663 0.011256
vt 0.967244 0.011256
vt 0.967245 0.010965
vt 0.967244 0.011474
vt 0.907754 0.014459
vt 0.933663 0.014253
vt 0.907753 0.014253
vt 0.933663 0.014459
vt 0.933663 0.018291
vt 0.967245 0.018473
vt 0.967245 0.018291
vt 0.967244 0.018108
vt 0.933663 0.018108
vt 0.933663 0.017962
vt 0.993154 0.021571
vt 0.967245 0.022299
vt 0.993154 0.022518
vt 0.993154 0.022299
vt 0.967245 0.022518
vt 0.967245 0.022153
vt 0.993154 0.022661
vt 0.874172 0.019241
vt 0.907754 0.019387
vt 0.874172 0.019387
vt 0.907754 0.019533
vt 0.967245 0.019095
vt 0.993154 0.019095
vt 0.967244 0.018948
vt 0.993154 0.022153
vt 0.967245 0.022007
vt 0.967245 0.015744
vt 0.993154 0.015889
vt 0.993154 0.015744
vt 0.967244 0.015889
vt 0.967245 0.015598
vt 0.993154 0.016071
vt 0.967245 0.016834
vt 0.993154 0.017016
vt 0.967245 0.017016
vt 0.967245 0.017197
vt 0.993154 0.017197
vt 0.933663 0.017488
vt 0.907753 0.017343
vt 0.907753 0.017488
vt 0.933663 0.017343
vt 0.933663 0.017634
vt 0.907753 0.017197
vt 0.907754 0.020044
vt 0.933663 0.020189
vt 0.907754 0.014089
vt 0.933663 0.014089
vt 0.967245 0.021135
vt 0.933663 0.020989
vt 0.933663 0.021135
vt 0.967245 0.020989
vt 0.967245 0.021280
vt 0.933663 0.020844
vt 0.933663 0.014613
vt 0.967245 0.014612
vt 0.967245 0.014459
vt 0.933663 0.014759
vt 0.967245 0.014759
vt 0.933663 0.014459
vt 0.967245 0.014253
vt 0.933663 0.014253
vt 0.907754 0.020626
vt 0.933663 0.020844
vt 0.933663 0.022007
vt 0.933663 0.022153
vt 0.967245 0.022153
vt 0.967245 0.022007
vt 0.933663 0.021862
vt 0.967245 0.021862
vt 0.933663 0.021716
vt 0.967244 0.015161
vt 0.993154 0.015307
vt 0.933663 0.018729
vt 0.907753 0.018583
vt 0.907754 0.018729
vt 0.933663 0.018583
vt 0.933663 0.018839
vt 0.907753 0.018473
vt 0.967245 0.016071
vt 0.993154 0.016216
vt 0.967245 0.016216
vt 0.993154 0.016398
vt 0.907753 0.018839
vt 0.907753 0.018948
vt 0.933663 0.018948
vt 0.907753 0.019095
vt 0.933663 0.019095
vt 0.993154 0.018473
vt 0.967245 0.018473
vt 0.967244 0.015452
vt 0.993154 0.015598
vt 0.993154 0.015452
vt 0.967245 0.015307
vt 0.933663 0.022661
vt 0.967245 0.022769
vt 0.967245 0.022661
vt 0.967245 0.022518
vt 0.933663 0.022518
vt 0.933663 0.022769
vt 0.967245 0.022851
vt 0.874172 0.019533
vt 0.907754 0.019716
vt 0.874172 0.019716
vt 0.907754 0.022007
vt 0.907754 0.019387
vt 0.933663 0.019387
vt 0.907753 0.019241
vt 0.933663 0.020044
vt 0.967245 0.020044
vt 0.933663 0.015889
vt 0.907754 0.016071
vt 0.933663 0.016071
vt 0.907753 0.015889
vt 0.907754 0.016216
vt 0.933663 0.016216
vt 0.933663 0.015744
vt 0.907754 0.015744
vt 0.933663 0.016543
vt 0.907754 0.016688
vt 0.933663 0.016688
vt 0.907754 0.016543
vt 0.907754 0.016834
vt 0.933663 0.016834
vt 0.933663 0.016398
vt 0.907754 0.016398
vt 0.874172 0.016543
vt 0.907754 0.016543
vt 0.967245 0.020189
vt 0.933663 0.020335
vt 0.967245 0.020335
vt 0.933663 0.020189
vt 0.993154 0.017343
vt 0.967245 0.017343
vt 0.967245 0.022661
vt 0.993154 0.022769
vt 0.933663 0.014905
vt 0.967244 0.014905
vt 0.933663 0.015161
vt 0.967244 0.015161
vt 0.907754 0.021280
vt 0.933663 0.021426
vt 0.967245 0.021426
vt 0.933663 0.021280
vt 0.933663 0.021426
vt 0.907754 0.022299
vt 0.933663 0.022299
vt 0.933663 0.019241
vt 0.933663 0.022153
vt 0.907754 0.022153
vt 0.933663 0.022007
vt 0.933663 0.015598
vt 0.907753 0.015598
vt 0.907754 0.019898
vt 0.874172 0.022299
vt 0.907754 0.022153
vt 0.874172 0.022153
vt 0.874172 0.022518
vt 0.907754 0.022299
vt 0.907754 0.022518
vt 0.874172 0.022661
vt 0.907754 0.022661
vt 0.967245 0.005325
vt 0.933663 0.005326
vt 0.993154 0.005325
vt 0.933663 0.022851
vt 0.967245 0.022862
vt 0.907754 0.022769
vt 0.874172 0.022851
vt 0.907754 0.022851
vt 0.874172 0.022769
vt 0.874172 0.022862
vt 0.907754 0.022862
vt 0.967245 0.022862
vt 0.993154 0.022862
vt 0.967245 0.022851
vt 0.993154 0.022851
vt 0.967245 0.022769
vt 0.967245 0.013929
vt 0.967245 0.014089
vt 0.933663 0.014089
vt 0.933663 0.013929
vt 0.907754 0.022862
vt 0.967245 0.013293
vt 0.933663 0.022862
vt 0.933663 0.022862
vt 0.933663 0.022299
vt 0.967245 0.022299
vt 0.907753 0.005325
vt 0.907753 0.018839
vt 0.967245 0.020844
vt 0.933663 0.020626
vt 0.967245 0.020626
vt 0.967245 0.020481
vt 0.933663 0.020481
vt 0.967245 0.021716
vt 0.933663 0.021571
vt 0.967245 0.021571
vt 0.907754 0.015161
vt 0.874172 0.014905
vt 0.933663 0.015452
vt 0.967245 0.015307
vt 0.933663 0.015307
vt 0.967244 0.015452
vt 0.933663 0.015598
vt 0.967245 0.015598
vt 0.933663 0.015744
vt 0.967245 0.015744
vt 0.967244 0.015889
vt 0.967245 0.016216
vt 0.933663 0.016071
vt 0.933663 0.016216
vt 0.967245 0.016071
vt 0.933663 0.015889
vt 0.967245 0.016398
vt 0.933663 0.016398
vt 0.967245 0.016543
vt 0.907754 0.015307
vt 0.933663 0.015307
vt 0.907753 0.015452
vt 0.933663 0.015452
vt 0.933663 0.016688
vt 0.967245 0.016834
vt 0.967245 0.016688
vt 0.933663 0.016543
vt 0.907753 0.017016
vt 0.933663 0.017016
vt 0.967245 0.017343
vt 0.933663 0.017343
vt 0.933663 0.017197
vt 0.907753 0.018291
vt 0.933663 0.018473
vt 0.933663 0.018583
vt 0.933663 0.018473
vt 0.967245 0.018583
vt 0.933663 0.018729
vt 0.967245 0.018729
vt 0.933663 0.017780
vt 0.907753 0.017634
vt 0.933663 0.012746
vt 0.907753 0.012892
vt 0.933663 0.012892
vt 0.907753 0.006701
vt 0.874172 0.006847
vt 0.907753 0.006847
vt 0.874172 0.006701
vt 0.874172 0.006992
vt 0.907754 0.006992
vt 0.907753 0.006556
vt 0.874172 0.006556
vt 0.874172 0.006410
vt 0.874172 0.007137
vt 0.907753 0.007137
vt 0.907754 0.022862
vt 0.967245 0.022862
vt 0.933663 0.022862
vt 0.874172 0.022862
vt 0.933663 0.005326
vt 0.993154 0.005325
vt 0.907753 0.005325
vt 0.967245 0.005325
vt 0.633801 0.101759
vt 0.633801 0.101759
vt 0.633801 0.101759
vt 0.633801 0.101759
vt 0.633801 0.101759
vt 0.633801 0.101759
vt 0.644327 0.058798
vt 0.644327 0.058798
vt 0.644327 0.058798
vt 0.644327 0.058798
vt 0.644327 0.058798
vt 0.644327 0.058798
vt 0.644327 0.058798
vt 0.633801 0.101759
vt 0.633801 0.101759
vt 0.633801 0.101759
vt 0.633801 0.101759
vt 0.633801 0.101759
vt 0.633801 0.101759
vt 0.633801 0.101759
vt 0.633801 0.101759
vt 0.633801 0.101759
vt 0.633801 0.101759
vt 0.633801 0.101759
vt 0.633801 0.101759
vt 0.633801 0.101759
vt 0.641085 0.082861
vt 0.641085 0.082422
vt 0.641641 0.082861
vt 0.641641 0.083380
vt 0.641641 0.082422
vt 0.966122 0.329811
vt 0.992819 0.353019
vt 0.966122 0.493407
vt 0.979470 0.332920
vt 0.566248 0.493407
vt 0.566248 0.329811
vt 0.992819 0.470198
vt 0.644327 0.058798
vt 0.644327 0.058798
vt 0.644327 0.058798
vt 0.644327 0.058798
vt 0.641641 0.092589
vt 0.641085 0.083380
vt 0.641085 0.092589
vt 0.641641 0.093050
vt 0.641085 0.093050
vt 0.644327 0.058798
vt 0.644327 0.058798
vt 0.644327 0.058798
vt 0.644327 0.058798
vt 0.644327 0.058798
vt 0.644327 0.058798
vt 0.644327 0.058798
vt 0.644327 0.058798
vt 0.644327 0.058798
vt 0.644327 0.058798
vt 0.644327 0.058798
vt 0.644327 0.058798
vt 0.633801 0.101759
vt 0.633801 0.101759
vt 0.633801 0.101759
vt 0.633801 0.101759
vt 0.633801 0.101759
vt 0.633801 0.101759
vt 0.633801 0.101759
vt 0.633801 0.101759
vt 0.633801 0.101759
vt 0.633801 0.101759
vt 0.633801 0.101759
vt 0.633801 0.101759
vt 0.633801 0.101759
vt 0.633801 0.101759
vt 0.633801 0.101759
vt 0.633801 0.101759
vt 0.633801 0.101759
vt 0.633801 0.101759
vt 0.633801 0.101759
vt 0.633801 0.101759
vt 0.633801 0.101759
vt 0.633801 0.101759
vt 0.633801 0.101759
vt 0.633801 0.101759
vt 0.633801 0.101759
vt 0.633801 0.101759
vt 0.633801 0.101759
vt 0.633801 0.101759
vt 0.633801 0.101759
vt 0.633801 0.101759
vt 0.633801 0.101759
vt 0.633801 0.101759
vt 0.633801 0.101759
vt 0.633801 0.101759
vt 0.633801 0.101759
vt 0.633801 0.101759
vt 0.633801 0.101759
vt 0.633801 0.101759
vt 0.633801 0.101759
vt 0.633801 0.101759
vt 0.633801 0.101759
vt 0.633801 0.101759
vt 0.633801 0.101759
vt 0.633801 0.101759
vt 0.633801 0.101759
vt 0.633801 0.101759
vt 0.633801 0.101759
vt 0.633801 0.101759
vt 0.633801 0.101759
vt 0.647236 0.093188
vt 0.646954 0.093188
vt 0.647236 0.092925
vt 0.647236 0.093410
vt 0.646954 0.093410
vt 0.646954 0.092925
vt 0.633801 0.101759
vt 0.647526 0.082702
vt 0.647245 0.082468
vt 0.647526 0.082468
vt 0.647245 0.082702
vt 0.647526 0.092925
vt 0.647245 0.092925
vt 0.640512 0.082422
vt 0.641068 0.082422
vt 0.640512 0.082861
vt 0.641068 0.082861
vt 0.640512 0.083380
vt 0.641068 0.083380
vt 0.640512 0.092589
vt 0.641068 0.092589
vt 0.640512 0.093050
vt 0.647236 0.082468
vt 0.646954 0.082702
vt 0.646954 0.082468
vt 0.647236 0.082702
vt 0.644327 0.058798
vt 0.644327 0.058798
vt 0.644327 0.058798
vt 0.644327 0.058798
vt 0.644327 0.058798
vt 0.644327 0.058798
vt 0.641068 0.093050
vt 0.633801 0.101759
vt 0.633801 0.101759
vt 0.633801 0.101759
vt 0.633801 0.101759
vt 0.647526 0.093188
vt 0.647245 0.093188
vt 0.647245 0.093410
vt 0.633801 0.101759
vt 0.633801 0.101759
vt 0.633801 0.101759
vt 0.633801 0.101759
vt 0.633801 0.101759
vt 0.633801 0.101759
vt 0.539551 0.470198
vt 0.552900 0.490297
vt 0.633801 0.101759
vt 0.633801 0.101759
vt 0.644327 0.058798
vt 0.644327 0.058798
vt 0.644327 0.058798
vt 0.644327 0.058798
vt 0.633801 0.101759
vt 0.633801 0.101759
vt 0.633801 0.101759
vt 0.633801 0.101759
vt 0.633801 0.101759
vt 0.633801 0.101759
vt 0.633801 0.101759
vt 0.644327 0.058798
vt 0.644327 0.058798
vt 0.644327 0.058798
vt 0.644327 0.058798
vt 0.644327 0.058798
vt 0.644327 0.058798
vt 0.644327 0.058798
vt 0.644327 0.058798
vt 0.633801 0.101759
vt 0.633801 0.101759
vt 0.633801 0.101759
vt 0.633801 0.101759
vt 0.633801 0.101759
vt 0.633801 0.101759
vt 0.633801 0.101759
vt 0.633801 0.101759
vt 0.633801 0.101759
vt 0.633801 0.101759
vt 0.644327 0.058798
vt 0.644327 0.058798
vt 0.644327 0.058798
vt 0.644327 0.058798
vt 0.644327 0.058798
vt 0.644327 0.058798
vt 0.644327 0.058798
vt 0.633801 0.101759
vt 0.633801 0.101759
vt 0.633801 0.101759
vt 0.633801 0.101759
vt 0.633801 0.101759
vt 0.633801 0.101759
vt 0.647526 0.093410
vt 0.989242 0.481802
vt 0.979470 0.490297
vt 0.543128 0.481802
vt 0.539551 0.353019
vt 0.543128 0.341415
vt 0.552900 0.332920
vt 0.989242 0.341415
vt 0.633801 0.101759
vt 0.633801 0.101759
vt 0.633801 0.101759
vt 0.633801 0.101759
vt 0.633801 0.101759
vt 0.633801 0.101759
vt 0.633801 0.101759
vt 0.633801 0.101759
vt 0.633801 0.101759
vt 0.633801 0.101759
vt 0.633801 0.101759
vt 0.633801 0.101759
vt 0.633801 0.101759
vt 0.633801 0.101759
vt 0.633801 0.101759
vt 0.633801 0.101759
vt 0.633801 0.101759
vt 0.633801 0.101759
vt 0.633801 0.101759
vt 0.633801 0.101759
vt 0.633801 0.101759
vt 0.633801 0.101759
vt 0.633801 0.101759
vt 0.633801 0.101759
vt 0.633801 0.101759
vt 0.633801 0.101759
vt 0.633801 0.101759
vt 0.633801 0.101759
vt 0.633801 0.101759
vt 0.633801 0.101759
vt 0.633801 0.101759
vt 0.633801 0.101759
vn 0.952301 -0.305160 -0.000000
vn 0.952301 -0.305160 -0.000000
vn 0.952301 -0.305160 -0.000000
vn 0.952301 -0.305160 -0.000000
vn 0.950147 0.311803 0.000000
vn 0.950147 0.311803 0.000000
vn 0.950147 0.311803 0.000000
vn 0.950147 0.311803 0.000000
vn 0.952301 -0.305160 -0.000000
vn 0.952301 -0.305160 -0.000000
vn 0.952301 -0.305160 -0.000000
vn 0.952301 -0.305160 -0.000000
vn -0.996806 -0.079862 0.000017
vn -0.993386 0.114820 0.000000
vn -0.993386 0.114825 0.000003
vn -0.996805 -0.079876 -0.000000
vn -0.996805 -0.079870 -0.000014
vn -0.996805 -0.079874 -0.000010
vn 0.984196 0.177080 0.000000
vn 0.984196 0.177081 0.000000
vn 0.984196 0.177080 0.000000
vn 0.984196 0.177080 0.000000
vn 0.952301 -0.305160 -0.000000
vn 0.952301 -0.305160 -0.000000
vn 0.952301 -0.305160 -0.000000
vn 0.952301 -0.305160 -0.000000
vn 0.322275 -0.946646 -0.000000
vn 0.322275 -0.946646 -0.000000
vn 0.322275 -0.946646 -0.000000
vn 0.322275 -0.946646 -0.000000
vn -0.952301 0.305160 0.000000
vn -0.952301 0.305160 0.000000
vn 0.952301 -0.305160 -0.000000
vn 0.952301 -0.305160 -0.000000
vn 0.952301 -0.305159 -0.000000
vn 0.952301 -0.305159 -0.000000
vn 0.952301 -0.305161 0.000005
vn 0.952301 -0.305160 0.000001
vn 0.952301 -0.305161 0.000006
vn 0.952301 -0.305160 -0.000000
vn 0.935515 0.353286 0.000000
vn 0.935515 0.353286 0.000000
vn 0.935516 0.353285 0.000000
vn 0.935515 0.353287 0.000000
vn -0.000000 0.000000 -1.000000
vn -0.000000 0.000000 -1.000000
vn -0.000000 0.000000 -1.000000
vn -0.000000 0.000000 -1.000000
vn 0.952301 -0.305160 -0.000000
vn 0.952301 -0.305160 -0.000000
vn 0.952301 -0.305160 -0.000000
vn 0.952301 -0.305161 -0.000000
vn 0.432441 -0.901662 -0.000000
vn 0.432441 -0.901662 -0.000000
vn 0.432441 -0.901662 -0.000000
vn 0.432441 -0.901662 -0.000000
vn 0.637595 -0.770372 -0.000000
vn 0.637595 -0.770372 -0.000000
vn 0.637595 -0.770372 -0.000000
vn 0.637595 -0.770372 -0.000000
vn 0.952301 -0.305160 -0.000000
vn 0.952301 -0.305160 -0.000000
vn 0.952301 -0.305160 -0.000000
vn 0.952301 -0.305160 -0.000000
vn 0.603353 -0.797475 -0.000000
vn 0.603353 -0.797475 -0.000000
vn 0.603353 -0.797475 -0.000000
vn 0.603353 -0.797475 -0.000000
vn -0.000000 0.000000 -1.000000
vn -0.054534 -0.170183 -0.983902
vn -0.054534 -0.170183 -0.983902
vn -0.000000 0.000000 -1.000000
vn 0.952301 -0.305159 -0.000000
vn 0.952301 -0.305160 -0.000000
vn 0.952301 -0.305160 -0.000000
vn 0.952301 -0.305159 -0.000000
vn 0.952302 -0.305158 -0.000000
vn 0.952302 -0.305158 -0.000000
vn 0.952302 -0.305158 -0.000000
vn 0.952302 -0.305158 -0.000000
vn 0.620726 -0.784028 -0.000000
vn 0.620726 -0.784028 -0.000000
vn 0.620726 -0.784028 -0.000000
vn 0.620725 -0.784028 -0.000000
vn 0.000000 -0.000000 1.000000
vn 0.000000 -0.000000 1.000000
vn 0.000000 -0.000000 1.000000
vn 0.952301 -0.305160 -0.000000
vn 0.952301 -0.305160 0.000001
vn 0.952301 -0.305160 -0.000000
vn 0.952301 -0.305160 0.000001
vn -0.952301 0.305160 0.000003
vn -0.952301 0.305160 0.000000
vn -0.952301 0.305160 0.000000
vn -0.952301 0.305160 0.000003
vn -0.107313 -0.334887 -0.936128
vn -0.107313 -0.334887 -0.936128
vn -0.054534 -0.170183 -0.983902
vn -0.054534 -0.170183 -0.983902
vn -0.305159 -0.952301 -0.000000
vn -0.305158 -0.952302 -0.000000
vn -0.305162 -0.952300 -0.000000
vn -0.305161 -0.952301 -0.000000
vn 0.000000 -0.000000 1.000000
vn 0.000000 -0.000000 1.000000
vn -0.000000 -0.000000 1.000000
vn -0.000000 -0.000000 1.000000
vn -0.996804 -0.079881 -0.000000
vn -0.996804 -0.079880 -0.000000
vn -0.996804 -0.079881 -0.000000
vn -0.000000 0.000000 -1.000000
vn 0.000028 -0.000009 -1.000000
vn 0.000012 0.000005 -1.000000
vn -0.000000 0.000000 -1.000000
vn 0.000000 0.000000 -1.000000
vn -0.000000 0.000000 -1.000000
vn 0.000000 0.000000 -1.000000
vn 0.000000 0.000000 -1.000000
vn 0.000001 0.000000 -1.000000
vn -0.000000 0.000000 -1.000000
vn 0.000000 0.000000 -1.000000
vn -0.000000 0.000000 -1.000000
vn 0.000000 0.000000 -1.000000
vn 0.000000 0.000000 -1.000000
vn -0.000000 0.000000 -1.000000
vn 0.000000 0.000000 -1.000000
vn 0.000000 0.000000 -1.000000
vn -0.000000 0.000000 -1.000000
vn 0.000000 0.000000 -1.000000
vn 0.000000 0.000000 -1.000000
vn -0.000000 0.000000 -1.000000
vn 0.000000 0.000000 -1.000000
vn -0.000000 0.000000 -1.000000
vn -0.000000 0.000000 -1.000000
vn -0.000000 0.000000 -1.000000
vn -0.000000 0.000000 -1.000000
vn 0.000040 0.000064 -1.000000
vn 0.000016 0.000052 -1.000000
vn 0.000000 -0.000000 1.000000
vn 0.000000 -0.000000 1.000000
vn 0.000000 -0.000000 1.000000
vn 0.000000 -0.000000 1.000000
vn 0.000000 -0.000000 1.000000
vn 0.000000 -0.000000 1.000000
vn 0.000000 -0.000000 1.000000
vn 0.000000 -0.000000 1.000000
vn 0.000000 -0.000000 1.000000
vn 0.000000 -0.000000 1.000000
vn 0.000000 -0.000000 1.000000
vn 0.000000 -0.000000 1.000000
vn 0.000000 -0.000000 1.000000
vn 0.000000 -0.000000 1.000000
vn 0.000000 -0.000000 1.000000
vn 0.000000 -0.000000 1.000000
vn 0.000000 -0.000000 1.000000
vn 0.000000 -0.000000 1.000000
vn 0.000000 -0.000000 1.000000
vn 0.000000 -0.000000 1.000000
vn 0.000000 -0.000000 1.000000
vn -0.054534 -0.170184 0.983902
vn -0.107313 -0.334888 0.936127
vn -0.107313 -0.334888 0.936127
vn -0.054534 -0.170184 0.983902
vn -0.952301 0.305160 0.000000
vn -0.952301 0.305160 -0.000001
vn -0.952301 0.305160 0.000000
vn -0.952301 0.305160 -0.000001
vn 0.952301 -0.305160 0.000002
vn 0.952301 -0.305160 0.000000
vn 0.952301 -0.305160 -0.000000
vn 0.952301 -0.305160 0.000002
vn 0.000000 -0.000000 1.000000
vn 0.000000 -0.000000 1.000000
vn -0.305164 -0.952300 -0.000000
vn 0.000000 -0.000000 1.000000
vn -0.000016 -0.000007 1.000000
vn 0.000000 -0.000000 1.000000
vn 0.000000 -0.000000 1.000000
vn 0.000000 -0.000000 1.000000
vn -0.000028 0.000009 1.000000
vn -0.000040 -0.000064 1.000000
vn -0.000033 -0.000103 1.000000
vn 0.952301 -0.305160 -0.000011
vn 0.952301 -0.305160 -0.000022
vn 0.952301 -0.305159 0.000000
vn 0.952301 -0.305160 0.000011
vn 0.952301 -0.305159 0.000039
vn 0.952301 -0.305159 -0.000000
vn -0.299704 -0.954032 -0.000000
vn -0.305158 -0.952302 -0.000005
vn -0.301524 -0.953459 -0.000002
vn 0.000000 -0.000000 1.000000
vn 0.000000 -0.000000 1.000000
vn -0.305160 -0.952301 -0.000000
vn -0.305160 -0.952301 -0.000000
vn -0.124574 -0.969960 0.208945
vn -0.462375 -0.861713 -0.208948
vn -0.124575 -0.969960 -0.208945
vn 0.042013 -0.927107 0.372436
vn -0.142403 -0.888172 0.436890
vn -0.462375 -0.861713 0.208947
vn 0.081453 -0.983870 0.159267
vn -0.573029 -0.730018 -0.372439
vn -0.400332 -0.805517 -0.436895
vn -0.638113 -0.753289 -0.159269
vn -0.142403 -0.888173 -0.436886
vn 0.042012 -0.927106 -0.372438
vn 0.081450 -0.983869 -0.159272
vn 0.969960 -0.124573 0.208945
vn 0.861714 -0.462375 0.208945
vn 0.861715 -0.462374 -0.208945
vn 0.983869 0.081452 0.159271
vn 0.927105 0.042018 0.372439
vn 0.969961 -0.124573 -0.208945
vn 0.888173 -0.142397 0.436889
vn 0.730019 -0.573029 -0.372437
vn 0.805520 -0.400332 -0.436889
vn 0.753291 -0.638111 -0.159270
vn 0.927106 0.042018 -0.372438
vn 0.983869 0.081452 -0.159273
vn 0.888174 -0.142397 -0.436887
vn -0.100088 0.194484 0.975786
vn -0.194481 -0.100088 0.975787
vn 0.100088 -0.194481 0.975787
vn -0.275898 0.211938 0.937530
vn -0.347692 -0.012108 0.937531
vn -0.012109 0.347699 0.937528
vn -0.183036 0.355663 0.916516
vn 0.194480 0.100091 0.975786
vn 0.012110 -0.347693 0.937530
vn 0.183036 -0.355657 0.916518
vn 0.275898 -0.211935 0.937531
vn 0.347690 0.012112 0.937531
vn 0.211937 0.275905 0.937528
vn 0.355655 0.183041 0.916518
vn -0.969960 0.124576 0.208945
vn -0.983870 -0.081443 0.159272
vn -0.927106 -0.042013 0.372437
vn -0.888174 0.142397 0.436886
vn -0.861714 0.462376 -0.208944
vn -0.969960 0.124576 -0.208944
vn -0.861713 0.462377 0.208945
vn -0.730017 0.573032 -0.372437
vn -0.805518 0.400334 -0.436890
vn -0.753289 0.638114 -0.159268
vn -0.927106 -0.042013 -0.372436
vn -0.983870 -0.081443 -0.159272
vn -0.888175 0.142398 -0.436885
vn 0.124574 0.969959 0.208953
vn 0.462374 0.861714 0.208948
vn 0.462375 0.861714 -0.208943
vn -0.081452 0.983868 0.159275
vn -0.042013 0.927102 0.372447
vn 0.142401 0.888165 0.436903
vn 0.124576 0.969960 -0.208948
vn 0.573027 0.730021 -0.372437
vn 0.400332 0.805522 -0.436885
vn 0.638112 0.753290 -0.159269
vn -0.081448 0.983871 -0.159263
vn 0.142402 0.888168 -0.436898
vn -0.042010 0.927107 -0.372435
vn -0.194480 -0.100087 -0.975787
vn -0.211935 -0.275899 -0.937530
vn -0.355657 -0.183036 -0.916518
vn -0.347692 -0.012108 -0.937531
vn -0.275898 0.211938 -0.937530
vn -0.100087 0.194483 -0.975786
vn -0.573030 -0.730018 0.372438
vn -0.638113 -0.753289 0.159269
vn -0.400332 -0.805517 0.436894
vn -0.355658 -0.183036 0.916518
vn -0.211936 -0.275900 0.937530
vn 0.211937 0.275904 -0.937529
vn 0.194481 0.100091 -0.975786
vn -0.183035 0.355663 -0.916516
vn -0.012108 0.347698 -0.937528
vn -0.730017 0.573032 0.372436
vn -0.753288 0.638114 0.159270
vn -0.805519 0.400335 0.436887
vn 0.100088 -0.194481 -0.975787
vn 0.012109 -0.347692 -0.937530
vn 0.275898 -0.211937 -0.937530
vn 0.183035 -0.355656 -0.916519
vn 0.805520 -0.400332 0.436888
vn 0.730020 -0.573028 0.372437
vn 0.753290 -0.638112 0.159271
vn 0.355658 0.183042 -0.916517
vn 0.347692 0.012113 -0.937531
vn 0.573027 0.730021 0.372436
vn 0.638112 0.753291 0.159265
vn 0.400329 0.805516 0.436899
vn -0.124574 -0.969960 0.208946
vn -0.462375 -0.861713 -0.208948
vn -0.124574 -0.969960 -0.208947
vn 0.081451 -0.983869 -0.159271
vn 0.081451 -0.983869 0.159273
vn 0.042013 -0.927105 0.372439
vn -0.142403 -0.888173 0.436888
vn -0.462374 -0.861714 0.208947
vn -0.638112 -0.753290 -0.159271
vn -0.573030 -0.730017 -0.372441
vn -0.400334 -0.805516 -0.436894
vn 0.042013 -0.927105 -0.372440
vn -0.142403 -0.888170 -0.436892
vn 0.969960 -0.124571 0.208951
vn 0.983867 0.081449 0.159283
vn 0.927098 0.042028 0.372456
vn 0.888170 -0.142389 0.436897
vn 0.861713 -0.462375 0.208947
vn 0.861713 -0.462377 -0.208946
vn 0.969959 -0.124573 -0.208951
vn 0.753288 -0.638113 -0.159274
vn 0.730015 -0.573032 -0.372441
vn 0.805517 -0.400336 -0.436891
vn 0.927098 0.042012 -0.372457
vn 0.983868 0.081443 -0.159283
vn 0.888170 -0.142394 -0.436897
vn 0.000000 -0.000000 1.000000
vn -0.000000 -0.000000 1.000000
vn 0.100087 -0.194483 0.975786
vn -0.000001 -0.000000 1.000000
vn -0.194481 -0.100092 0.975786
vn 0.012106 -0.347694 0.937530
vn 0.183034 -0.355662 0.916517
vn 0.194484 0.100092 0.975786
vn 0.000000 -0.000000 1.000000
vn 0.275898 -0.211941 0.937530
vn 0.347698 0.012109 0.937529
vn -0.969961 0.124575 0.208942
vn -0.861708 0.462383 -0.208953
vn -0.969960 0.124581 -0.208942
vn -0.861713 0.462377 0.208945
vn -0.927107 -0.042011 0.372435
vn -0.888178 0.142401 0.436878
vn -0.983869 -0.081447 0.159274
vn -0.730000 0.573037 -0.372462
vn -0.805510 0.400336 -0.436903
vn -0.753278 0.638124 -0.159283
vn -0.927107 -0.042012 -0.372436
vn -0.983870 -0.081436 -0.159274
vn -0.888178 0.142400 -0.436879
vn 0.124582 0.969960 0.208944
vn -0.081426 0.983866 0.159300
vn -0.042005 0.927100 0.372453
vn 0.462372 0.861716 0.208942
vn 0.462375 0.861715 -0.208944
vn 0.142396 0.888185 0.436865
vn 0.124576 0.969961 -0.208941
vn 0.573026 0.730013 -0.372454
vn 0.400355 0.805517 -0.436874
vn 0.638094 0.753300 -0.159292
vn -0.081438 0.983868 -0.159286
vn 0.142393 0.888181 -0.436875
vn -0.042017 0.927100 -0.372452
vn -0.194481 -0.100091 -0.975786
vn -0.355658 -0.183040 -0.916517
vn -0.347690 -0.012114 -0.937531
vn -0.275899 0.211941 -0.937529
vn -0.100089 0.194488 -0.975785
vn -0.000000 0.000000 -1.000000
vn -0.000000 0.000000 -1.000000
vn -0.211938 -0.275900 -0.937529
vn -0.573030 -0.730017 0.372440
vn -0.638110 -0.753292 0.159270
vn -0.400334 -0.805516 0.436894
vn -0.100085 0.194487 0.975786
vn -0.275895 0.211936 0.937531
vn -0.347691 -0.012113 0.937531
vn -0.355658 -0.183042 0.916517
vn -0.211938 -0.275903 0.937528
vn -0.183041 0.355668 -0.916513
vn -0.000000 0.000001 -1.000000
vn 0.000000 0.000000 -1.000000
vn -0.012111 0.347701 -0.937527
vn -0.000001 -0.000001 1.000000
vn 0.000000 -0.000000 1.000000
vn 0.000000 -0.000000 1.000000
vn -0.012107 0.347704 0.937526
vn -0.183036 0.355663 0.916516
vn 0.000000 -0.000000 1.000000
vn -0.730014 0.573031 0.372444
vn -0.753291 0.638110 0.159274
vn -0.805518 0.400339 0.436887
vn 0.092442 -0.104109 -0.990260
vn 0.057852 -0.174814 -0.982900
vn -0.019960 -0.154820 -0.987741
vn 0.149491 -0.290483 -0.945131
vn 0.135736 0.030993 -0.990260
vn 0.073742 0.137593 -0.987740
vn 0.730016 -0.573031 0.372441
vn 0.753286 -0.638116 0.159273
vn 0.805519 -0.400330 0.436892
vn 0.148683 0.108634 -0.982900
vn 0.290492 0.149505 -0.945126
vn -0.000000 0.000000 -1.000000
vn -0.000000 0.000000 -1.000000
vn 0.000000 0.000000 -1.000000
vn 0.000000 0.000001 -1.000000
vn 0.000001 0.000000 -1.000000
vn 0.355664 0.183042 0.916514
vn 0.211936 0.275906 0.937528
vn 0.000000 -0.000001 1.000000
vn 0.000000 -0.000000 1.000000
vn 0.400356 0.805518 0.436871
vn 0.573032 0.730006 0.372458
vn 0.638091 0.753302 0.159295
vn -0.000000 0.000000 -1.000000
vn -0.000001 0.000000 -1.000000
vn 0.113519 0.993536 0.000000
vn 0.485076 0.874472 0.000000
vn 0.485075 0.874473 0.000000
vn 0.113519 0.993536 0.000000
vn 0.874465 -0.485088 -0.000000
vn 0.763022 -0.646373 -0.000000
vn 0.763029 -0.646365 -0.000000
vn 0.874468 -0.485083 -0.000000
vn 0.993536 -0.113513 -0.000000
vn 0.993536 -0.113519 -0.000000
vn 0.996591 0.082496 0.000000
vn 0.996592 0.082484 0.000000
vn 0.000000 0.000000 1.000000
vn 0.000001 0.000000 -1.000000
vn -0.113502 -0.993538 -0.000000
vn -0.485089 -0.874465 -0.000000
vn -0.113502 -0.993538 -0.000000
vn -0.485089 -0.874465 -0.000000
vn 0.082518 -0.996590 -0.000000
vn 0.082517 -0.996590 -0.000000
vn -0.082484 0.996592 0.000000
vn -0.082484 0.996592 0.000000
vn 0.646350 0.763041 0.000000
vn 0.646352 0.763039 0.000000
vn -0.646374 -0.763020 -0.000000
vn -0.646374 -0.763020 -0.000000
vn -0.874475 0.485070 0.000000
vn -0.763049 0.646341 0.000000
vn -0.763038 0.646354 0.000000
vn -0.874471 0.485077 0.000000
vn -0.993537 0.113508 0.000000
vn -0.996590 -0.082508 -0.000000
vn -0.996592 -0.082493 -0.000000
vn -0.993536 0.113515 0.000000
vn -0.000000 -0.000000 1.000000
vn -0.000000 0.000000 -1.000000
vn 0.000000 0.000000 -1.000000
vn -0.305163 -0.952300 -0.000000
vn -0.305164 -0.952300 -0.000000
vn 0.952301 -0.305160 0.000000
vn 0.952301 -0.305160 -0.000000
vn 0.952301 -0.305160 0.000009
vn 0.952301 -0.305160 -0.000005
vn 0.952301 -0.305160 -0.000000
vn 0.952301 -0.305160 -0.000000
vn 0.952301 -0.305160 -0.000000
vn 0.000000 -0.000000 1.000000
vn 0.967780 -0.251713 -0.006550
vn 0.967780 -0.251713 -0.006550
vn 0.967780 -0.251711 -0.006552
vn 0.967779 -0.251715 -0.006547
vn 0.967779 -0.251715 -0.006547
vn 0.967780 -0.251711 -0.006552
vn 0.967779 -0.251716 -0.006549
vn -0.053410 -0.492313 -0.868778
vn -0.084406 -0.562474 -0.822495
vn -0.051082 -0.486926 -0.871948
vn -0.088245 -0.570953 -0.816226
vn -0.019467 -0.412131 -0.910917
vn -0.118385 -0.635841 -0.762687
vn -0.021817 0.310022 0.950479
vn 0.015939 0.403597 0.914798
vn 0.019468 0.412131 0.910916
vn -0.024778 0.302509 0.952825
vn 0.051082 0.486927 0.871948
vn 0.053409 0.492314 0.868777
vn -0.060985 0.208506 0.976118
vn -0.063594 0.201581 0.977405
vn 0.084404 0.562471 0.822498
vn 0.088243 0.570950 0.816229
vn 0.118388 0.635836 0.762690
vn 0.120808 0.640912 0.758049
vn 0.967779 -0.251716 -0.006549
vn 0.967780 -0.251714 -0.006552
vn 0.331720 0.695139 -0.637765
vn 0.344237 0.770336 -0.536734
vn 0.344631 0.773142 -0.532429
vn 0.331158 0.692157 -0.641290
vn 0.967778 -0.251720 -0.006552
vn 0.967778 -0.251719 -0.006552
vn 0.967778 -0.251719 -0.006552
vn 0.967778 -0.251720 -0.006552
vn 0.967780 -0.251713 -0.006552
vn 0.967780 -0.251713 -0.006552
vn 0.967779 -0.251717 -0.006554
vn 0.967779 -0.251717 -0.006554
vn 0.310045 0.591771 -0.744096
vn 0.310470 0.593637 -0.742431
vn 0.287468 0.498615 -0.817768
vn -0.318703 -0.630734 0.707534
vn -0.333650 -0.705537 0.625216
vn -0.318274 -0.628748 0.709491
vn -0.301607 -0.555735 0.774720
vn -0.301777 -0.556445 0.774144
vn -0.334055 -0.707766 0.622475
vn -0.344235 -0.770334 0.536738
vn 0.100858 -0.100308 -0.989831
vn 0.063594 -0.201581 -0.977405
vn 0.103232 -0.093705 -0.990234
vn 0.060985 -0.208507 -0.976118
vn 0.133952 -0.006484 -0.990967
vn 0.024777 -0.302510 -0.952824
vn 0.967781 -0.251709 -0.006556
vn 0.967780 -0.251712 -0.006559
vn 0.967780 -0.251712 -0.006559
vn 0.967781 -0.251709 -0.006556
vn 0.967779 -0.251716 -0.006557
vn 0.967779 -0.251716 -0.006557
vn 0.967778 -0.251720 -0.006556
vn 0.967779 -0.251717 -0.006554
vn 0.967779 -0.251717 -0.006554
vn 0.967778 -0.251720 -0.006556
vn 0.967779 -0.251715 -0.006557
vn 0.967779 -0.251715 -0.006557
vn -0.168102 -0.094608 0.981219
vn -0.205012 -0.209600 0.956053
vn -0.169851 -0.099916 0.980391
vn -0.135175 0.002936 0.990817
vn -0.133949 0.006485 0.990967
vn -0.205852 -0.212298 0.955277
vn -0.235832 -0.311272 0.920594
vn -0.236378 -0.313127 0.919824
vn 0.017999 -0.319687 -0.947352
vn 0.050871 -0.235172 -0.970622
vn 0.015958 -0.324831 -0.945637
vn 0.053937 -0.227125 -0.972371
vn 0.091333 -0.126619 -0.987738
vn 0.093515 -0.120618 -0.988284
vn -0.015935 -0.403596 -0.914798
vn -0.159848 -0.719805 -0.675522
vn -0.090012 -0.574841 -0.813299
vn -0.172237 -0.743571 -0.646094
vn -0.085378 -0.564627 -0.820918
vn -0.223777 -0.834532 -0.503468
vn -0.052187 -0.489488 -0.870447
vn 0.127377 -0.025423 -0.991529
vn 0.125699 -0.030234 -0.991608
vn 0.157424 0.062513 -0.985551
vn -0.967779 0.251716 0.006555
vn -0.967780 0.251712 0.006557
vn -0.967780 0.251712 0.006557
vn -0.967779 0.251716 0.006555
vn -0.967780 0.251711 0.006555
vn -0.967778 0.251720 0.006555
vn 0.318703 0.630728 -0.707538
vn 0.301605 0.555729 -0.774725
vn 0.318275 0.628742 -0.709495
vn 0.333649 0.705534 -0.625220
vn 0.344231 0.770336 -0.536739
vn 0.334054 0.707763 -0.622478
vn 0.344624 0.773142 -0.532433
vn 0.967779 -0.251715 -0.006552
vn 0.967780 -0.251713 -0.006554
vn 0.967780 -0.251713 -0.006554
vn 0.967779 -0.251715 -0.006552
vn 0.967778 -0.251718 -0.006560
vn 0.967778 -0.251718 -0.006553
vn -0.050058 -0.484551 -0.873330
vn -0.019465 -0.412130 -0.910917
vn 0.168103 0.094609 -0.981219
vn 0.135177 -0.002935 -0.990817
vn 0.169852 0.099917 -0.980391
vn 0.205018 0.209603 -0.956051
vn -0.103229 0.093706 0.990234
vn -0.100856 0.100309 0.989831
vn -0.325591 -0.944500 -0.043702
vn -0.337832 -0.939394 0.058386
vn -0.324322 -0.944469 -0.052851
vn -0.338834 -0.938364 0.068300
vn -0.306785 -0.937699 -0.163109
vn -0.346324 -0.924822 0.157365
vn 0.239143 0.858659 0.453338
vn 0.261230 0.890201 0.373230
vn 0.264083 0.893959 0.362073
vn 0.237147 0.855617 0.460088
vn 0.283826 0.917515 0.278583
vn 0.285369 0.919150 0.271530
vn 0.304427 0.936103 0.176170
vn 0.324317 0.944471 0.052846
vn 0.306783 0.937700 0.163105
vn 0.325586 0.944502 0.043696
vn 0.337828 0.939395 -0.058385
vn 0.338829 0.938366 -0.068298
vn 0.967777 -0.251722 -0.006552
vn 0.967779 -0.251716 -0.006555
vn 0.967777 -0.251722 -0.006552
vn 0.967777 -0.251724 -0.006551
vn 0.967777 -0.251724 -0.006551
vn 0.967777 -0.251722 -0.006555
vn 0.967777 -0.251722 -0.006555
vn 0.209560 0.810859 0.546436
vn 0.213033 0.816753 0.536220
vn 0.149818 0.700093 0.698158
vn 0.153638 0.707646 0.689662
vn 0.183548 0.764681 0.617716
vn -0.120805 -0.640916 -0.758045
vn -0.149816 -0.700097 -0.698154
vn -0.153636 -0.707650 -0.689657
vn -0.183549 -0.764683 -0.617713
vn -0.181246 -0.760432 -0.623612
vn -0.967781 0.251708 0.006556
vn -0.967779 0.251716 0.006553
vn -0.967779 0.251716 0.006553
vn -0.967779 0.251717 0.006553
vn -0.967781 0.251708 0.006556
vn -0.967779 0.251717 0.006553
vn -0.967780 0.251711 0.006551
vn -0.967780 0.251711 0.006551
vn 0.967778 -0.251721 -0.006551
vn 0.967778 -0.251721 -0.006551
vn -0.967950 0.239683 0.074993
vn -0.967843 0.251240 0.012568
vn -0.967844 0.251235 0.012631
vn -0.965568 0.215462 0.145789
vn -0.968025 0.240276 0.072079
vn -0.965596 0.213876 0.147921
vn -0.966463 0.184352 0.178784
vn 0.303709 0.935587 0.180106
vn 0.279089 0.912290 0.299727
vn 0.273986 0.906346 0.321666
vn 0.308284 0.938643 0.154630
vn 0.262342 0.891677 0.368902
vn 0.261530 0.890602 0.372063
vn 0.967779 -0.251715 -0.006547
vn 0.967779 -0.251717 -0.006550
vn 0.967779 -0.251717 -0.006550
vn 0.967779 -0.251715 -0.006547
vn 0.967780 -0.251711 -0.006551
vn 0.967780 -0.251712 -0.006551
vn 0.967779 -0.251714 -0.006557
vn 0.287568 0.499004 -0.817496
vn 0.266295 0.418534 -0.868284
vn 0.266183 0.418123 -0.868516
vn 0.242613 0.334505 -0.910629
vn 0.967778 -0.251719 -0.006549
vn 0.967779 -0.251715 -0.006556
vn 0.967778 -0.251719 -0.006549
vn 0.021817 -0.310023 -0.950479
vn -0.015938 -0.403597 -0.914798
vn 0.188609 0.157684 -0.969310
vn 0.215976 0.245103 -0.945134
vn 0.187613 0.154579 -0.970003
vn 0.216646 0.247293 -0.944410
vn 0.242242 0.333223 -0.911198
vn 0.967779 -0.251715 -0.006552
vn 0.967779 -0.251715 -0.006552
vn -0.344628 -0.773141 0.532432
vn -0.351311 -0.834275 0.424931
vn 0.346321 0.924824 -0.157360
vn 0.346705 0.923697 -0.163031
vn 0.260452 0.397306 -0.879950
vn 0.236385 0.313131 -0.919821
vn 0.260585 0.397785 -0.879695
vn 0.235839 0.311277 -0.920590
vn 0.282475 0.479210 -0.831003
vn 0.205858 0.212300 -0.955275
vn -0.260452 -0.397300 0.879953
vn -0.260585 -0.397780 0.879697
vn -0.282480 -0.479212 0.831000
vn -0.282417 -0.478969 0.831161
vn 0.967778 -0.251718 -0.006560
vn 0.967779 -0.251718 -0.006555
vn 0.967779 -0.251718 -0.006555
vn 0.351559 0.898731 -0.262084
vn 0.351836 0.895790 -0.271609
vn 0.351883 0.842795 -0.407278
vn 0.351628 0.838751 -0.415757
vn 0.087464 0.569241 0.817505
vn 0.070801 0.532049 0.843748
vn 0.061898 0.511824 0.856858
vn 0.083325 0.560087 0.824233
vn 0.016826 0.405746 0.913831
vn 0.016826 0.405746 0.913831
vn 0.052353 0.489874 0.870220
vn 0.050196 0.484874 0.873142
vn 0.351307 0.834275 -0.424933
vn -0.216645 -0.247298 0.944409
vn -0.242250 -0.333229 0.911193
vn -0.242621 -0.334511 0.910625
vn -0.215976 -0.245106 0.945134
vn -0.266191 -0.418126 0.868512
vn -0.266303 -0.418537 0.868280
vn -0.188610 -0.157686 0.969310
vn -0.187615 -0.154581 0.970003
vn 0.181245 0.760429 0.623616
vn -0.967779 0.251715 0.006552
vn -0.967779 0.251715 0.006552
vn 0.967779 -0.251715 -0.006555
vn 0.967843 -0.251241 -0.012569
vn 0.967915 -0.239478 -0.076092
vn 0.967843 -0.251236 -0.012632
vn -0.093515 0.120611 0.988285
vn -0.053930 0.227126 0.972371
vn -0.091333 0.126613 0.987739
vn -0.125704 0.030232 0.991607
vn -0.127382 0.025422 0.991528
vn -0.157430 -0.062510 0.985550
vn -0.158766 -0.066499 0.985074
vn -0.050865 0.235173 0.970622
vn 0.967778 -0.251718 -0.006555
vn 0.967779 -0.251714 -0.006557
vn 0.967778 -0.251718 -0.006555
vn 0.967781 -0.251709 -0.006555
vn 0.967781 -0.251709 -0.006555
vn 0.967779 -0.251715 -0.006553
vn -0.967780 0.251712 0.006550
vn -0.967780 0.251711 0.006556
vn -0.967780 0.251711 0.006556
vn -0.967780 0.251712 0.006550
vn -0.967779 0.251717 0.006556
vn -0.967779 0.251717 0.006556
vn -0.967780 0.251712 0.006548
vn -0.967780 0.251712 0.006548
vn -0.331724 -0.695133 0.637769
vn -0.310049 -0.591763 0.744101
vn -0.310475 -0.593628 0.742436
vn -0.344233 -0.770334 0.536739
vn -0.331162 -0.692152 0.641294
vn -0.287472 -0.498611 0.817770
vn -0.287571 -0.498999 0.817498
vn -0.017995 0.319690 0.947351
vn -0.015954 0.324833 0.945637
vn -0.344627 -0.773141 0.532433
vn -0.351623 -0.838753 0.415759
vn -0.967779 0.251716 0.006562
vn -0.967780 0.251712 0.006559
vn -0.967779 0.251716 0.006562
vn -0.967780 0.251712 0.006559
vn -0.967780 0.251712 0.006557
vn -0.967780 0.251714 0.006550
vn 0.282412 0.478968 -0.831164
vn 0.301776 0.556439 -0.774149
vn 0.967758 -0.251800 -0.006471
vn 0.941946 -0.331360 0.054197
vn 0.967759 -0.251794 -0.006475
vn 0.938289 -0.340391 0.061224
vn 0.967819 -0.251559 -0.006643
vn 0.889474 -0.435836 0.137415
vn 0.019465 0.412130 0.910917
vn 0.015936 0.403596 0.914798
vn -0.967778 0.251720 0.006555
vn -0.967779 0.251715 0.006554
vn -0.967779 0.251715 0.006554
vn -0.967781 0.251707 0.006553
vn -0.304428 -0.936102 -0.176173
vn -0.237140 -0.855618 -0.460090
vn -0.239136 -0.858659 -0.453341
vn -0.261223 -0.890201 -0.373235
vn -0.213031 -0.816753 -0.536220
vn -0.264076 -0.893959 -0.362079
vn -0.283823 -0.917515 -0.278588
vn -0.285366 -0.919149 -0.271535
vn -0.209558 -0.810860 -0.546435
vn -0.967779 0.251715 0.006552
vn -0.967779 0.251717 0.006556
vn -0.967779 0.251717 0.006556
vn -0.967779 0.251715 0.006552
vn -0.967779 0.251715 0.006557
vn -0.967779 0.251715 0.006557
vn -0.967779 0.251715 0.006556
vn -0.967778 0.251720 0.006554
vn -0.967779 0.251715 0.006556
vn -0.967778 0.251720 0.006554
vn -0.967781 0.251709 0.006555
vn -0.967779 0.251716 0.006554
vn -0.351559 -0.837806 0.417718
vn -0.352752 -0.876683 0.327098
vn -0.352726 -0.878146 0.323177
vn -0.350639 -0.906203 0.236323
vn -0.350258 -0.908661 0.227277
vn -0.345451 -0.927152 0.145094
vn -0.345164 -0.927860 0.141202
vn -0.304669 -0.936270 -0.174857
vn -0.280803 -0.914222 -0.292144
vn -0.308845 -0.938984 -0.151406
vn -0.276112 -0.908869 -0.312600
vn -0.326075 -0.944492 -0.040138
vn -0.263296 -0.892937 -0.365156
vn -0.967779 0.251715 0.006550
vn -0.967780 0.251713 0.006551
vn -0.967779 0.251715 0.006550
vn -0.967780 0.251713 0.006551
vn -0.967779 0.251715 0.006554
vn -0.967781 0.251709 0.006555
vn 0.158759 0.066502 -0.985075
vn -0.338557 -0.938658 0.065579
vn -0.337588 -0.939623 0.056063
vn -0.327059 -0.944434 -0.032828
vn -0.967780 0.251714 0.006550
vn -0.967780 0.251712 0.006557
vn -0.967780 0.251712 0.006557
vn -0.967780 0.251714 0.006550
vn -0.967779 0.251714 0.006556
vn -0.967779 0.251714 0.006556
vn -0.967779 0.251715 0.006552
vn -0.967779 0.251715 0.006552
vn -0.967781 0.251707 0.006553
vn -0.967780 0.251712 0.006557
vn -0.967779 0.251715 0.006551
vn -0.967779 0.251715 0.006551
vn -0.967779 0.251714 0.006557
vn -0.967779 0.251714 0.006557
vn -0.346708 -0.923695 0.163034
vn -0.351560 -0.898732 0.262082
vn -0.351836 -0.895791 0.271607
vn -0.351878 -0.842797 0.407279
vn -0.967779 0.251716 0.006557
vn -0.967780 0.251711 0.006552
vn -0.967780 0.251711 0.006552
vn -0.967779 0.251716 0.006557
vn -0.967780 0.251711 0.006549
vn -0.967780 0.251711 0.006549
vn -0.967779 0.251717 0.006562
vn -0.967779 0.251717 0.006562
vn -0.967779 0.251716 0.006557
vn -0.967779 0.251714 0.006560
vn -0.967779 0.251716 0.006557
vn -0.967779 0.251714 0.006560
vn -0.967779 0.251715 0.006554
vn 0.040176 0.461452 0.886255
vn 0.005059 0.377065 0.926173
vn 0.002373 0.370460 0.928845
vn 0.043907 0.470204 0.881465
vn -0.032712 0.282255 0.958782
vn -0.035823 0.274258 0.960989
vn 0.083380 0.560188 0.824158
vn 0.087391 0.569060 0.817639
vn 0.345164 0.927861 -0.141196
vn 0.338559 0.938657 -0.065576
vn 0.337590 0.939622 -0.056061
vn 0.345451 0.927153 -0.145089
vn 0.327028 0.944436 0.033063
vn 0.326031 0.944493 0.040463
vn 0.350258 0.908661 -0.227278
vn 0.350639 0.906203 -0.236324
vn -0.103229 0.093706 0.990234
vn -0.133950 0.006485 0.990967
vn -0.135175 0.002936 0.990817
vn -0.100856 0.100309 0.989831
vn -0.168104 -0.094607 0.981219
vn -0.169854 -0.099914 0.980391
vn -0.069372 0.186171 0.980065
vn -0.067645 0.190788 0.979298
vn -0.967779 0.251716 0.006556
vn -0.967779 0.251716 0.006556
vn 0.967780 -0.251713 -0.006552
vn 0.967781 -0.251707 -0.006554
vn 0.967780 -0.251713 -0.006552
vn 0.967781 -0.251707 -0.006554
vn 0.967779 -0.251717 -0.006549
vn -0.967779 0.251716 0.006555
vn -0.967779 0.251716 0.006554
vn -0.967778 0.251718 0.006551
vn -0.967778 0.251718 0.006551
vn -0.967779 0.251715 0.006554
vn -0.967779 0.251715 0.006554
vn -0.967779 0.251716 0.006554
vn -0.967780 0.251713 0.006551
vn -0.967779 0.251715 0.006557
vn -0.967780 0.251713 0.006551
vn -0.967779 0.251715 0.006557
vn -0.967817 0.251566 0.006654
vn -0.967817 0.251565 0.006655
vn 0.967969 -0.250879 -0.009829
vn 0.971824 -0.233447 -0.032568
vn 0.967968 -0.250882 -0.009814
vn 0.971934 -0.232891 -0.033244
vn 0.967824 -0.251523 -0.007215
vn 0.977389 -0.187093 -0.098526
vn -0.969202 0.246036 0.010657
vn -0.969224 0.245948 0.010721
vn 0.967779 -0.251717 -0.006549
vn 0.967779 -0.251714 -0.006556
vn 0.967780 -0.251713 -0.006553
vn 0.967780 -0.251713 -0.006553
vn 0.967779 -0.251714 -0.006556
vn 0.967781 -0.251710 -0.006558
vn 0.967779 -0.251715 -0.006557
vn 0.967781 -0.251710 -0.006558
vn 0.967779 -0.251715 -0.006557
vn 0.967778 -0.251718 -0.006554
vn 0.967779 -0.251714 -0.006554
vn 0.967780 -0.251712 -0.006550
vn 0.967780 -0.251712 -0.006550
vn 0.967819 -0.251560 -0.006642
vn 0.967780 -0.251713 -0.006550
vn -0.984042 0.162781 0.071860
vn -0.985159 0.152073 0.079599
vn 0.967780 -0.251713 -0.006550
vn 0.967780 -0.251710 -0.006555
vn 0.967779 -0.251715 -0.006553
vn 0.967780 -0.251710 -0.006555
vn 0.967779 -0.251715 -0.006553
vn 0.967779 -0.251717 -0.006552
vn 0.967779 -0.251717 -0.006552
vn 0.967780 -0.251712 -0.006554
vn 0.967779 -0.251715 -0.006553
vn 0.967779 -0.251715 -0.006552
vn 0.967780 -0.251711 -0.006555
vn 0.967781 -0.251709 -0.006555
vn 0.967781 -0.251709 -0.006555
vn 0.967780 -0.251711 -0.006555
vn 0.967780 -0.251711 -0.006557
vn 0.967780 -0.251711 -0.006557
vn 0.967779 -0.251716 -0.006558
vn 0.967779 -0.251716 -0.006558
vn 0.967779 -0.251715 -0.006553
vn 0.967780 -0.251711 -0.006558
vn 0.967780 -0.251713 -0.006549
vn 0.967780 -0.251712 -0.006547
vn 0.967780 -0.251712 -0.006547
vn 0.967780 -0.251713 -0.006549
vn 0.967779 -0.251717 -0.006551
vn 0.967779 -0.251717 -0.006551
vn 0.967780 -0.251711 -0.006548
vn 0.967779 -0.251715 -0.006552
vn 0.967779 -0.251715 -0.006552
vn 0.967780 -0.251711 -0.006548
vn 0.967779 -0.251715 -0.006551
vn 0.967779 -0.251715 -0.006551
vn 0.967780 -0.251714 -0.006552
vn 0.967779 -0.251714 -0.006552
vn 0.967780 -0.251713 -0.006554
vn 0.967778 -0.251718 -0.006551
vn 0.967778 -0.251718 -0.006551
vn 0.967780 -0.251713 -0.006554
vn 0.967778 -0.251720 -0.006556
vn 0.967778 -0.251720 -0.006556
vn 0.967781 -0.251710 -0.006557
vn 0.967781 -0.251710 -0.006557
vn -0.967778 0.251719 0.006547
vn -0.967778 0.251720 0.006549
vn -0.967778 0.251719 0.006547
vn -0.967778 0.251720 0.006549
vn -0.967779 0.251714 0.006554
vn 0.962483 -0.132671 -0.236698
vn 0.960217 -0.163003 -0.226744
vn 0.960231 -0.163296 -0.226476
vn 0.972115 -0.140610 -0.187675
vn 0.962259 -0.133062 -0.237385
vn 0.972527 -0.141705 -0.184690
vn 0.977463 -0.184819 -0.102015
vn -0.253307 -0.879364 -0.403180
vn -0.249389 -0.873799 -0.417468
vn -0.230634 -0.845496 -0.481606
vn -0.222810 -0.832958 -0.506495
vn -0.193822 -0.783331 -0.590614
vn 0.967780 -0.251710 -0.006550
vn 0.967780 -0.251710 -0.006550
vn 0.967779 -0.251715 -0.006549
vn -0.205018 -0.209600 0.956052
vn -0.205858 -0.212297 0.955276
vn -0.235838 -0.311271 0.920592
vn -0.236384 -0.313126 0.919823
vn 0.967779 -0.251717 -0.006553
vn 0.967779 -0.251716 -0.006552
vn 0.967779 -0.251716 -0.006552
vn 0.967779 -0.251717 -0.006553
vn 0.967779 -0.251715 -0.006553
vn 0.967780 -0.251713 -0.006552
vn 0.967780 -0.251713 -0.006552
vn -0.069999 -0.530241 -0.844953
vn -0.024986 -0.425404 -0.904659
vn -0.074144 -0.539582 -0.838662
vn -0.110024 -0.618157 -0.778317
vn -0.113270 -0.625053 -0.772320
vn -0.146731 -0.693959 -0.704905
vn -0.330137 -0.943890 -0.009071
vn -0.340657 -0.936130 0.087257
vn -0.328973 -0.944163 -0.018234
vn -0.341433 -0.935016 0.095748
vn -0.312738 -0.941105 -0.128518
vn -0.348982 -0.915340 0.200911
vn 0.967778 -0.251718 -0.006553
vn 0.967780 -0.251712 -0.006552
vn 0.967780 -0.251712 -0.006552
vn 0.318274 0.628751 -0.709488
vn 0.301605 0.555725 -0.774729
vn 0.317867 0.626870 -0.711333
vn 0.331285 0.692837 -0.640490
vn 0.331573 0.694368 -0.638681
vn 0.341423 0.751421 -0.564621
vn 0.341857 0.754237 -0.560589
vn 0.967779 -0.251716 -0.006555
vn 0.967779 -0.251717 -0.006552
vn 0.967779 -0.251716 -0.006555
vn 0.349442 0.913139 -0.209925
vn 0.348977 0.915341 -0.200915
vn 0.352448 0.886532 -0.299736
vn 0.352522 0.884895 -0.304448
vn 0.352300 0.850816 -0.389868
vn 0.352161 0.847912 -0.396267
vn -0.967779 0.251715 0.006556
vn -0.967779 0.251715 0.006552
vn -0.967779 0.251715 0.006552
vn -0.967779 0.251715 0.006556
vn -0.967780 0.251712 0.006554
vn -0.967780 0.251712 0.006554
vn 0.967779 -0.251715 -0.006553
vn 0.967779 -0.251716 -0.006555
vn 0.020584 0.414815 0.909673
vn 0.070093 0.530435 0.844823
vn 0.024995 0.425414 0.904654
vn 0.074287 0.539885 0.838454
vn 0.110321 0.618764 0.777792
vn 0.113656 0.625846 0.771622
vn 0.967778 -0.251719 -0.006555
vn 0.967779 -0.251715 -0.006555
vn 0.967778 -0.251719 -0.006555
vn 0.967779 -0.251715 -0.006555
vn 0.967777 -0.251722 -0.006553
vn 0.967779 -0.251716 -0.006557
vn 0.232660 0.848681 0.474984
vn 0.250920 0.875994 0.411915
vn 0.234638 0.851759 0.468456
vn 0.207494 0.807319 0.552433
vn 0.252592 0.878363 0.405801
vn 0.272099 0.904074 0.329564
vn 0.274662 0.907157 0.318791
vn 0.967779 -0.251717 -0.006552
vn 0.967780 -0.251713 -0.006552
vn -0.967780 0.251712 0.006552
vn -0.967779 0.251715 0.006554
vn -0.967780 0.251712 0.006552
vn -0.967779 0.251715 0.006554
vn -0.967780 0.251711 0.006555
vn 0.314177 0.946597 -0.072435
vn 0.299957 0.953934 -0.005983
vn 0.299214 0.954182 -0.002738
vn 0.316409 0.944936 -0.083559
vn 0.313237 0.941495 -0.124375
vn 0.316688 0.935200 -0.158460
vn 0.335616 0.924222 -0.182143
vn 0.337176 0.922003 -0.190321
vn -0.967779 0.251717 0.006554
vn 0.967779 -0.251715 -0.006549
vn 0.967779 -0.251715 -0.006557
vn 0.967779 -0.251715 -0.006557
vn 0.967780 -0.251711 -0.006558
vn 0.963837 -0.208829 -0.165555
vn 0.963603 -0.206469 -0.169824
vn 0.967995 -0.240084 -0.073118
vn 0.967780 -0.251713 -0.006552
vn 0.967780 -0.251711 -0.006556
vn 0.967780 -0.251711 -0.006556
vn 0.967781 -0.251709 -0.006572
vn -0.331577 -0.694368 0.638679
vn -0.341428 -0.751418 0.564622
vn -0.331288 -0.692837 0.640488
vn -0.341862 -0.754234 0.560591
vn -0.318276 -0.628758 0.709482
vn -0.348504 -0.803990 0.481814
vn 0.118391 0.635839 0.762688
vn 0.120810 0.640913 0.758047
vn 0.149818 0.700091 0.698160
vn 0.153637 0.707643 0.689664
vn -0.005061 -0.377065 -0.926173
vn -0.040178 -0.461454 -0.886254
vn -0.002375 -0.370461 -0.928845
vn -0.043909 -0.470206 -0.881464
vn 0.032712 -0.282254 -0.958782
vn -0.087385 -0.569063 -0.817637
vn -0.083375 -0.560191 -0.824157
vn 0.271844 0.438987 -0.856383
vn 0.292478 0.518450 -0.803534
vn 0.271777 0.438737 -0.856532
vn 0.292367 0.518008 -0.803859
vn 0.246392 0.347569 -0.904703
vn 0.311457 0.597948 -0.738548
vn 0.133951 -0.006484 -0.990967
vn 0.103231 -0.093705 -0.990234
vn 0.135176 -0.002936 -0.990817
vn 0.100858 -0.100308 -0.989831
vn 0.168101 0.094610 -0.981219
vn 0.069372 -0.186170 -0.980065
vn 0.330136 0.943890 0.009072
vn 0.340655 0.936130 -0.087259
vn 0.341431 0.935017 -0.095749
vn 0.328973 0.944163 0.018235
vn 0.312737 0.941105 0.128515
vn 0.310610 0.939998 0.141159
vn 0.967780 -0.251713 -0.006550
vn 0.967780 -0.251713 -0.006550
vn 0.967778 -0.251718 -0.006554
vn 0.967779 -0.251714 -0.006554
vn -0.967779 0.251716 0.006553
vn -0.967778 0.251719 0.006555
vn -0.967778 0.251719 0.006555
vn -0.967779 0.251716 0.006553
vn -0.967780 0.251712 0.006555
vn -0.967780 0.251712 0.006555
vn -0.967780 0.251713 0.006553
vn -0.260587 -0.397777 0.879697
vn -0.282480 -0.479212 0.831000
vn -0.282417 -0.478969 0.831161
vn -0.260454 -0.397298 0.879953
vn -0.301778 -0.556445 0.774144
vn -0.301607 -0.555734 0.774721
vn -0.186450 -0.769999 -0.610196
vn -0.152202 -0.704825 -0.692861
vn 0.147476 0.695429 0.703299
vn 0.153318 0.707012 0.690382
vn 0.260457 0.397308 -0.879948
vn 0.236386 0.313130 -0.919821
vn 0.260590 0.397787 -0.879692
vn 0.235841 0.311275 -0.920590
vn 0.282479 0.479211 -0.831001
vn 0.205857 0.212300 -0.955276
vn -0.967780 0.251712 0.006550
vn -0.967779 0.251716 0.006553
vn -0.967780 0.251712 0.006550
vn -0.967779 0.251715 0.006546
vn -0.967779 0.251715 0.006546
vn -0.967779 0.251716 0.006553
vn -0.967780 0.251714 0.006550
vn 0.195757 0.786784 0.585363
vn 0.224392 0.835528 0.501539
vn 0.232573 0.848545 0.475270
vn 0.187867 0.772579 0.606488
vn -0.967778 0.251720 0.006558
vn -0.967778 0.251719 0.006553
vn -0.967778 0.251721 0.006558
vn -0.967778 0.251720 0.006558
vn -0.967778 0.251720 0.006558
vn -0.967780 0.251713 0.006553
vn -0.317869 -0.626876 0.711326
vn -0.349380 -0.893049 0.283544
vn -0.337165 -0.922049 0.190118
vn -0.349874 -0.890645 0.290414
vn -0.335607 -0.924256 0.181983
vn -0.352294 -0.850814 0.389877
vn -0.316712 -0.944600 0.086164
vn 0.967779 -0.251716 -0.006557
vn 0.967779 -0.251717 -0.006552
vn 0.967779 -0.251717 -0.006552
vn 0.967779 -0.251715 -0.006551
vn 0.183551 0.764680 0.617716
vn 0.181247 0.760428 0.623618
vn 0.210523 0.812498 0.543624
vn -0.352155 -0.847911 0.396276
vn -0.348707 -0.805846 0.478555
vn 0.119525 -0.047862 -0.991677
vn 0.152695 0.048416 -0.987087
vn 0.117356 -0.054020 -0.991620
vn 0.154032 0.052385 -0.986676
vn 0.086172 -0.140739 -0.986289
vn 0.185007 0.146464 -0.971762
vn 0.311064 0.596215 -0.740112
vn 0.328577 0.678724 -0.656789
vn 0.328199 0.676792 -0.658968
vn 0.340867 0.747846 -0.569681
vn 0.341349 0.750925 -0.565325
vn -0.352159 -0.847911 0.396272
vn -0.348704 -0.805848 0.478554
vn -0.352298 -0.850815 0.389872
vn -0.348500 -0.803992 0.481814
vn -0.352522 -0.884896 0.304447
vn -0.341348 -0.750922 0.565329
vn 0.035823 -0.274257 -0.960989
vn 0.067645 -0.190787 -0.979298
vn 0.254713 0.881332 0.397963
vn 0.250690 0.875667 0.412749
vn -0.967779 0.251714 0.006555
vn -0.967779 0.251714 0.006552
vn -0.967779 0.251714 0.006555
vn -0.967779 0.251714 0.006552
vn -0.967778 0.251720 0.006556
vn -0.967779 0.251716 0.006554
vn -0.976093 0.209232 0.058853
vn -0.975905 0.210512 0.057391
vn -0.978540 0.148994 0.142338
vn -0.968247 0.249761 0.010851
vn -0.968244 0.249773 0.010828
vn -0.978337 0.147243 0.145519
vn -0.971021 0.127444 0.202177
vn -0.970722 0.127628 0.203495
vn 0.169850 0.099917 -0.980391
vn 0.205016 0.209603 -0.956052
vn -0.967779 0.251717 0.006555
vn -0.967779 0.251715 0.006552
vn -0.967779 0.251715 0.006552
vn -0.967779 0.251717 0.006555
vn -0.967779 0.251714 0.006552
vn -0.967779 0.251714 0.006552
vn -0.967780 0.251713 0.006554
vn -0.020576 -0.414807 -0.909677
vn 0.015951 -0.324832 -0.945637
vn -0.252590 -0.878361 -0.405809
vn -0.272098 -0.904074 -0.329565
vn -0.250917 -0.875990 -0.411924
vn -0.274661 -0.907156 -0.318793
vn -0.234638 -0.851755 -0.468464
vn -0.292190 -0.925944 -0.239278
vn 0.186205 0.150191 -0.970964
vn 0.218254 0.252575 -0.942641
vn 0.219007 0.255050 -0.941799
vn 0.246074 0.346466 -0.905212
vn -0.232661 -0.848678 -0.474989
vn -0.207495 -0.807318 -0.552434
vn -0.210525 -0.812497 -0.543624
vn -0.181250 -0.760431 -0.623612
vn -0.183554 -0.764682 -0.617713
vn 0.292189 0.925945 0.239271
vn 0.293495 0.927161 0.232880
vn 0.052905 -0.229804 -0.971798
vn 0.084564 -0.145124 -0.985793
vn 0.049963 -0.237519 -0.970097
vn 0.017992 -0.319689 -0.947352
vn -0.967744 0.251807 0.008019
vn -0.967931 0.250995 -0.010555
vn -0.967744 0.251808 0.008033
vn -0.967776 0.251726 0.006666
vn -0.967776 0.251725 0.006663
vn -0.967931 0.250909 -0.012374
vn -0.959890 0.242957 -0.139937
vn 0.967779 -0.251715 -0.006551
vn 0.967780 -0.251710 -0.006556
vn 0.967780 -0.251710 -0.006556
vn 0.348500 0.803989 -0.481819
vn -0.118383 -0.635841 -0.762687
vn -0.120804 -0.640916 -0.758046
vn -0.149818 -0.700097 -0.698154
vn -0.967781 0.251709 0.006558
vn -0.967781 0.251709 0.006558
vn -0.154032 -0.052384 0.986676
vn -0.185007 -0.146468 0.971761
vn -0.186206 -0.150195 0.970963
vn -0.152695 -0.048415 0.987087
vn -0.218252 -0.252581 0.942639
vn -0.219005 -0.255056 0.941798
vn -0.119527 0.047857 0.991677
vn -0.117358 0.054012 0.991620
vn -0.271846 -0.438990 0.856380
vn -0.292477 -0.518446 0.803536
vn -0.292367 -0.518005 0.803861
vn -0.271779 -0.438741 0.856529
vn -0.311452 -0.597946 0.738551
vn -0.311059 -0.596214 0.740116
vn -0.246390 -0.347576 0.904700
vn -0.246072 -0.346473 0.905210
vn 0.967780 -0.251713 -0.006555
vn 0.967780 -0.251713 -0.006555
vn -0.967779 0.251716 0.006556
vn -0.967779 0.251717 0.006553
vn -0.967779 0.251717 0.006553
vn -0.967779 0.251716 0.006556
vn 0.348702 0.805850 -0.478553
vn 0.348499 0.803994 -0.481812
vn -0.314557 -0.946224 0.075595
vn -0.292894 -0.955262 -0.041073
vn -0.967824 0.251526 0.007217
vn -0.967824 0.251523 0.007226
vn -0.967780 0.251710 0.006579
vn -0.967780 0.251710 0.006579
vn 0.282416 0.478968 -0.831162
vn 0.301775 0.556436 -0.774152
vn -0.967778 0.251719 0.006553
vn -0.967778 0.251720 0.006556
vn -0.967778 0.251719 0.006553
vn 0.349882 0.890573 -0.290624
vn 0.349390 0.892968 -0.283785
vn -0.153639 -0.707650 -0.689657
vn 0.352295 0.850809 -0.389887
vn 0.352156 0.847906 -0.396285
vn 0.348704 0.805845 -0.478559
vn -0.086179 0.140733 0.986290
vn -0.084572 0.145118 0.985793
vn 0.967780 -0.251714 -0.006552
vn 0.967779 -0.251717 -0.006554
vn 0.967779 -0.251715 -0.006552
vn 0.967779 -0.251715 -0.006552
vn 0.967775 -0.251729 -0.006662
vn 0.967779 -0.251717 -0.006554
vn 0.967775 -0.251729 -0.006660
vn 0.967745 -0.251803 -0.008029
vn 0.967745 -0.251803 -0.008032
vn -0.987262 0.051940 0.150386
vn -0.987262 0.051940 0.150386
vn -0.223777 -0.834532 -0.503468
vn -0.957352 0.241440 -0.158697
vn -0.924662 0.226193 -0.306327
vn 0.966980 -0.252731 -0.032803
vn 0.955032 -0.255027 -0.151247
vn 0.951809 -0.255061 -0.170301
vn 0.967069 -0.252659 -0.030687
vn 0.919941 -0.252701 -0.299752
vn 0.919941 -0.252701 -0.299752
vn -0.205680 -0.879088 -0.430000
vn -0.205680 -0.879088 -0.430000
vn -0.244502 -0.927890 -0.281493
vn -0.252266 -0.935467 -0.247513
vn -0.290079 -0.955307 -0.056935
vn -0.261764 -0.890916 -0.371144
vn -0.967097 0.148286 0.206724
vn -0.967102 0.149470 0.205844
vn -0.966470 0.184174 0.178928
vn 0.328299 0.885066 -0.329967
vn -0.967779 0.251717 0.006554
vn 0.328299 0.885066 -0.329967
vn -0.924662 0.226193 -0.306327
vn -0.967781 0.251709 0.006549
vn -0.967781 0.251709 0.006549
vn 0.889474 -0.435836 0.137415
vn 0.967777 -0.251722 -0.006553
vn -0.967779 0.251716 0.006554
vn -0.967780 0.251714 0.006555
vn -0.967780 0.251714 0.006555
vn -0.967779 0.251714 0.006555
vn -0.967779 0.251714 0.006555
vn -0.967780 0.251713 0.006554
vn -0.967779 0.251715 0.006552
vn -0.967779 0.251715 0.006552
vn 0.967781 -0.251709 -0.006573
vn 0.967825 -0.251520 -0.007224
vn -0.967779 0.251717 0.006554
vn -0.967779 0.251716 0.006558
vn -0.967779 0.251716 0.006558
vn -0.967779 0.251717 0.006554
vn -0.967780 0.251713 0.006556
vn -0.967780 0.251713 0.006556
vn -0.967779 0.251716 0.006555
vn -0.967779 0.251716 0.006555
vn -0.967780 0.251713 0.006555
vn -0.967779 0.251715 0.006551
vn -0.967779 0.251716 0.006553
vn -0.967779 0.251715 0.006551
vn -0.967779 0.251716 0.006553
vn -0.967780 0.251713 0.006555
vn -0.967779 0.251715 0.006553
vn -0.967779 0.251715 0.006553
vn -0.967779 0.251716 0.006560
vn -0.015952 0.324837 0.945636
vn -0.017994 0.319693 0.947350
vn -0.049972 0.237522 0.970096
vn -0.052915 0.229807 0.971797
vn -0.967780 0.251711 0.006562
vn -0.967779 0.251714 0.006554
vn -0.967780 0.251711 0.006562
vn -0.967779 0.251716 0.006560
vn -0.328572 -0.678721 0.656794
vn -0.328193 -0.676790 0.658972
vn -0.967779 0.251717 0.006553
vn -0.967779 0.251717 0.006553
vn -0.340866 -0.747843 0.569685
vn -0.310611 -0.939997 -0.141164
vn -0.293495 -0.927159 -0.232886
vn -0.967778 0.251719 0.006553
vn -0.967778 0.251719 0.006553
vn -0.967778 0.251719 0.006553
vn -0.967779 0.251715 0.006556
vn -0.967779 0.251715 0.006556
vn -0.349447 -0.913138 0.209920
vn -0.352449 -0.886532 0.299736
vn 0.351555 0.837806 -0.417720
vn 0.352751 0.876682 -0.327102
vn 0.352726 0.878145 -0.323182
vn 0.967780 -0.251712 -0.006549
vn 0.967780 -0.251713 -0.006553
vn 0.967780 -0.251713 -0.006553
vn 0.967780 -0.251712 -0.006549
vn 0.967778 -0.251718 -0.006559
vn 0.967778 -0.251718 -0.006559
vn 0.967779 -0.251714 -0.006552
vn 0.967779 -0.251714 -0.006552
vn 0.967780 -0.251712 -0.006554
vn 0.967780 -0.251712 -0.006556
vn 0.967780 -0.251712 -0.006556
vn 0.132197 -0.079537 -0.988027
vn 0.132197 -0.079537 -0.988027
vn 0.132197 -0.079537 -0.988027
vn 0.132197 -0.079537 -0.988027
vn -0.339396 -0.738675 0.582382
vn -0.339396 -0.738675 0.582382
vn -0.339396 -0.738675 0.582382
vn -0.339396 -0.738675 0.582382
vn -0.442219 -0.896907 -0.000000
vn -0.831426 -0.555635 -0.000000
vn -0.831426 -0.555635 -0.000000
vn -0.065325 -0.997864 -0.000002
vn -0.442219 -0.896907 -0.000000
vn -0.980770 -0.195167 -0.000000
vn 0.659404 -0.751789 0.000000
vn 0.442360 -0.896838 -0.000000
vn 0.442360 -0.896838 -0.000000
vn 0.659404 -0.751789 0.000000
vn 0.195169 -0.980770 -0.000000
vn 0.831512 -0.555506 0.000000
vn 0.831513 -0.555506 0.000000
vn 0.000001 0.000000 -1.000000
vn -0.000001 0.000000 -1.000000
vn -0.000000 0.000000 -1.000000
vn 0.000000 0.000000 -1.000000
vn 0.000001 0.000000 -1.000000
vn 0.000001 -0.000000 -1.000000
vn -0.000000 0.000000 -1.000000
vn 0.000001 0.000000 -1.000000
vn 0.980770 0.195167 0.000000
vn 0.997864 -0.065325 -0.000000
vn 0.997864 -0.065325 -0.000000
vn 0.831426 0.555635 0.000000
vn 0.980770 0.195167 0.000000
vn 0.442217 0.896908 0.000003
vn 0.831426 0.555635 0.000005
vn 0.442218 0.896908 0.000003
vn 0.065325 0.997864 0.000000
vn 0.831427 0.555634 0.000005
vn -0.000000 -0.000000 -1.000000
vn 0.000000 -0.000001 -1.000000
vn 0.000000 -0.000000 -1.000000
vn -0.000002 -0.000000 -1.000000
vn 0.000000 0.000000 -1.000000
vn 0.000000 0.000001 -1.000000
vn 0.000000 -0.000001 -1.000000
vn 0.195169 -0.980770 -0.000000
vn -0.065327 -0.997864 -0.000000
vn -0.065327 -0.997864 -0.000000
vn -0.321368 -0.946954 -0.000000
vn -0.195167 0.980770 -0.000001
vn 0.065324 0.997864 0.000000
vn -0.195167 0.980770 -0.000001
vn -0.555635 0.831426 -0.000001
vn -0.555636 0.831426 -0.000001
vn 0.980770 0.195168 0.000000
vn 0.896840 0.442356 0.000001
vn 0.980770 0.195168 0.000000
vn 0.997864 -0.065325 0.000000
vn 0.997864 -0.065325 0.000000
vn 0.946955 -0.321367 -0.000000
vn 0.555504 0.831514 0.000000
vn 0.321366 0.946955 0.000000
vn 0.555504 0.831514 0.000000
vn 0.751790 0.659403 0.000001
vn 0.751790 0.659403 0.000001
vn 0.896840 0.442356 0.000001
vn 0.000000 0.000000 -1.000000
vn 0.000000 0.000000 -1.000000
vn 0.000000 0.000000 -1.000000
vn 0.000001 0.000000 -1.000000
vn -0.000000 0.000000 -1.000000
vn 0.000001 0.000000 -1.000000
vn 0.000001 -0.000000 -1.000000
vn 0.000000 0.000000 -1.000000
vn 0.000000 0.000000 -1.000000
vn 0.000000 0.000000 -1.000000
vn 0.000000 0.000001 -1.000000
vn 0.000000 0.000000 -1.000000
vn 0.000001 0.000000 -1.000000
vn -0.000000 0.000000 -1.000000
vn -0.000001 0.000000 -1.000000
vn 0.000001 0.000000 -1.000000
vn 0.000001 0.000000 -1.000000
vn 0.000001 -0.000000 -1.000000
vn 0.000002 0.000002 -1.000000
vn 0.000001 0.000000 -1.000000
vn 0.000000 -0.000000 -1.000000
vn 0.000001 0.000001 -1.000000
vn -0.000002 0.000001 -1.000000
vn 0.000000 0.000000 -1.000000
vn -0.000002 0.000002 -1.000000
vn 0.000002 0.000000 -1.000000
vn 0.000001 -0.000000 -1.000000
vn 0.000000 0.000000 -1.000000
vn 0.000000 -0.000000 -1.000000
vn 0.000001 0.000000 -1.000000
vn 0.000000 -0.000000 -1.000000
vn 0.000000 -0.000000 -1.000000
vn 0.000000 0.000000 -1.000000
vn 0.000000 -0.000000 -1.000000
vn 0.000003 0.000000 -1.000000
vn 0.000001 0.000000 -1.000000
vn -0.000001 -0.000000 -1.000000
vn 0.000000 0.000000 -1.000000
vn 0.000000 0.000001 -1.000000
vn 0.000000 0.000000 -1.000000
vn 0.000001 0.000000 -1.000000
vn 0.000003 -0.000003 -1.000000
vn 0.000000 -0.000001 -1.000000
vn 0.000001 -0.000000 -1.000000
vn 0.000000 -0.000000 -1.000000
vn 0.000000 0.000000 -1.000000
vn -0.000001 0.000000 -1.000000
vn 0.000000 0.000000 -1.000000
vn 0.000000 0.000000 -1.000000
vn 0.896908 -0.442217 0.000005
vn 0.896908 -0.442216 0.000005
vn 0.997864 -0.065325 0.000005
vn 0.555635 -0.831426 0.000003
vn 0.555636 -0.831426 0.000003
vn 0.997864 -0.065325 0.000005
vn 0.000000 0.000000 -1.000000
vn -0.980770 -0.195168 -0.000003
vn -0.831426 -0.555635 -0.000003
vn -0.831426 -0.555635 -0.000003
vn -0.980770 -0.195168 -0.000003
vn -0.997864 0.065326 -0.000002
vn -0.997864 0.065326 -0.000002
vn -0.831426 -0.555635 -0.000003
vn -0.831426 -0.555635 -0.000003
vn -0.442219 -0.896907 -0.000003
vn -0.442218 -0.896908 -0.000003
vn -0.065325 -0.997864 -0.000002
vn -0.065324 -0.997864 -0.000002
vn 0.195166 -0.980770 0.000001
vn 0.195166 -0.980770 0.000001
vn 0.555635 -0.831426 0.000003
vn 0.831426 0.555635 0.000005
vn 0.980770 0.195166 0.000005
vn 0.831427 0.555634 0.000005
vn 0.980770 0.195166 0.000005
vn -0.946955 0.321366 0.000000
vn -0.831513 0.555505 0.000000
vn -0.831513 0.555505 0.000000
vn -0.946955 0.321365 0.000000
vn -0.659406 0.751787 -0.000001
vn -0.997864 0.065326 -0.000000
vn 0.555636 -0.831426 0.000003
vn 0.442218 0.896908 0.000000
vn 0.065325 0.997864 0.000000
vn 0.442218 0.896908 0.000000
vn 0.831426 0.555636 0.000000
vn -0.896907 0.442219 -0.000002
vn -0.896907 0.442219 -0.000002
vn -0.555635 0.831426 -0.000001
vn -0.896908 0.442218 0.000000
vn -0.997864 0.065325 0.000000
vn -0.997864 0.065325 0.000000
vn -0.896908 0.442217 0.000000
vn -0.555636 0.831425 0.000000
vn -0.555636 0.831425 0.000000
vn 0.000001 0.000000 -1.000000
vn 0.000001 -0.000000 -1.000000
vn 0.065325 0.997864 0.000000
vn -0.195167 0.980770 0.000000
vn -0.659405 0.751788 -0.000001
vn -0.442361 0.896837 -0.000000
vn -0.442361 0.896837 -0.000000
vn -0.195167 0.980770 0.000001
vn 0.555636 -0.831426 -0.000000
vn 0.195168 -0.980770 -0.000002
vn 0.195168 -0.980770 -0.000002
vn 0.896907 -0.442218 -0.000000
vn 0.896907 -0.442218 -0.000000
vn 0.555636 -0.831425 -0.000000
vn -0.195167 0.980770 0.000000
vn 0.065327 0.997864 0.000001
vn 0.065327 0.997864 0.000001
vn -0.195167 0.980770 0.000001
vn 0.321366 0.946955 0.000000
vn -0.980770 -0.195169 -0.000000
vn -0.980770 -0.195169 -0.000000
vn -0.997864 0.065326 -0.000000
vn -0.896839 -0.442358 -0.000001
vn -0.065325 -0.997864 -0.000002
vn -0.000001 -0.000000 1.000000
vn -0.000001 -0.000000 1.000000
vn -0.000001 0.000000 1.000000
vn -0.000003 -0.000000 1.000000
vn -0.000000 -0.000000 1.000000
vn -0.000000 -0.000000 1.000000
vn -0.000000 -0.000000 1.000000
vn -0.000000 -0.000000 1.000000
vn -0.000001 -0.000000 1.000000
vn -0.555504 -0.831514 -0.000000
vn -0.751790 -0.659403 -0.000000
vn -0.751790 -0.659403 -0.000000
vn -0.555504 -0.831514 -0.000000
vn -0.896839 -0.442358 -0.000001
vn -0.321368 -0.946954 -0.000000
vn 0.946955 -0.321367 -0.000000
vn -0.980770 -0.195167 -0.000000
vn -0.000000 -0.000000 1.000000
vn -0.000000 -0.000000 1.000000
vn -0.000000 -0.000000 1.000000
vn -0.000000 -0.000000 1.000000
vn -0.000000 -0.000001 1.000000
vn -0.555636 0.831426 -0.000001
vn -0.000000 -0.000000 -1.000000
vn -0.000003 -0.000002 -1.000000
vn 0.000004 -0.000001 -1.000000
vn 0.000000 0.000001 -1.000000
vn -0.000000 0.000001 -1.000000
vn -0.000003 0.000002 -1.000000
vn -0.000001 -0.000002 -1.000000
vn 0.000000 -0.000001 1.000000
vn 0.000002 -0.000000 1.000000
vn -0.000001 0.000000 1.000000
vn -0.000000 0.000003 1.000000
vn -0.000000 0.000000 1.000000
vn -0.000000 0.000000 1.000000
vn 0.000001 0.000000 -1.000000
vn 0.000000 0.000001 -1.000000
vn 0.000000 -0.000000 -1.000000
vn 0.000001 -0.000001 -1.000000
vn -0.000000 -0.000000 1.000000
vn -0.000000 -0.000000 1.000000
vn -0.000001 -0.000000 1.000000
vn -0.000000 -0.000000 1.000000
vn 0.000000 0.000002 1.000000
vn -0.000000 -0.000000 1.000000
vn -0.000000 -0.000001 1.000000
vn -0.000000 -0.000001 1.000000
vn 0.000000 -0.000001 1.000000
vn 0.000002 0.000000 1.000000
vn -0.000000 -0.000001 1.000000
vn -0.000000 0.000000 1.000000
vn -0.000000 0.000000 1.000000
vn -0.000001 -0.000000 1.000000
vn 0.000003 0.000000 1.000000
vn 0.000000 -0.000004 1.000000
vn 0.000000 0.000000 -1.000000
vn -0.000002 0.000002 -1.000000
vn 0.000000 0.000005 1.000000
vn -0.000000 0.000000 1.000000
vn -0.000001 -0.000002 1.000000
vn -0.000000 -0.000000 1.000000
usemtl key_Texture
f 1/1/1 2/2/2 3/3/3
f 1/1/1 4/4/4 2/2/2
f 5/5/5 6/6/6 7/7/7
f 5/5/5 8/8/8 6/6/6
f 9/9/9 10/10/10 11/11/11
f 9/9/9 12/12/12 10/10/10
f 13/13/13 14/14/14 15/15/15
f 13/13/13 16/16/16 14/14/14
f 15/15/15 17/17/17 13/13/13
f 15/15/15 18/18/18 17/17/17
f 19/19/19 20/20/20 21/21/21
f 19/19/19 21/21/21 22/22/22
f 23/23/23 24/24/24 25/25/25
f 23/23/23 25/25/25 26/26/26
f 27/27/27 28/28/28 29/29/29
f 27/27/27 29/29/29 30/30/30
f 31/31/31 32/32/32 15/15/15
f 31/31/31 15/15/15 14/14/14
f 33/33/33 34/34/34 35/35/35
f 33/33/33 35/35/35 36/36/36
f 37/37/37 38/38/38 39/39/39
f 37/37/37 40/40/40 38/38/38
f 41/41/41 42/42/42 43/43/43
f 41/41/41 44/44/44 42/42/42
f 45/45/45 46/46/46 47/47/47
f 45/45/45 48/48/48 46/46/46
f 49/49/49 50/50/50 51/51/51
f 49/49/49 52/52/52 50/50/50
f 53/53/53 54/54/54 55/55/55
f 53/53/53 55/55/55 56/56/56
f 57/57/57 58/58/58 59/59/59
f 57/57/57 59/59/59 60/60/60
f 61/61/61 62/62/62 63/63/63
f 61/61/61 63/63/63 64/64/64
f 65/65/65 66/66/66 67/67/67
f 65/65/65 67/67/67 68/68/68
f 69/69/69 70/70/70 71/71/71
f 69/69/69 72/72/72 70/70/70
f 73/73/73 74/74/74 75/75/75
f 73/73/73 76/76/76 74/74/74
f 77/77/77 78/78/78 79/79/79
f 77/77/77 79/79/79 80/80/80
f 81/81/81 82/82/82 83/83/83
f 81/81/81 83/83/83 84/84/84
f 85/85/85 86/86/86 87/87/87
f 88/88/88 89/89/89 90/90/90
f 88/88/88 91/91/91 89/89/89
f 92/92/92 93/93/93 94/94/94
f 92/92/92 95/95/95 93/93/93
f 96/96/96 97/97/97 98/98/98
f 96/96/96 98/98/98 99/99/99
f 100/100/100 101/101/101 102/102/102
f 100/100/100 102/102/102 103/103/103
f 104/104/104 105/105/105 106/106/106
f 104/104/104 106/106/106 107/107/107
f 17/17/17 18/18/18 108/108/108
f 17/17/17 108/108/108 109/109/109
f 109/109/109 110/110/110 17/17/17
f 111/111/111 112/112/112 113/113/113
f 111/111/111 114/114/114 115/115/115
f 111/111/111 113/113/113 116/116/116
f 114/114/114 117/117/117 118/118/118
f 115/115/115 119/119/119 120/120/120
f 121/121/121 122/122/122 123/123/123
f 121/121/121 124/124/124 122/122/122
f 122/122/122 124/124/124 125/125/125
f 122/122/122 120/120/120 123/123/123
f 125/125/125 126/126/126 122/122/122
f 126/126/126 120/120/120 122/122/122
f 127/127/127 121/121/121 123/123/123
f 128/128/128 129/129/129 119/119/119
f 128/128/128 119/119/119 115/115/115
f 119/119/119 129/129/129 130/130/130
f 130/130/130 131/131/131 119/119/119
f 130/130/130 132/132/132 131/131/131
f 131/131/131 120/120/120 119/119/119
f 131/131/131 132/132/132 123/123/123
f 131/131/131 123/123/123 120/120/120
f 117/117/117 114/114/114 133/133/133
f 117/117/117 133/133/133 134/134/134
f 133/133/133 114/114/114 111/111/111
f 133/133/133 116/116/116 135/135/135
f 133/133/133 135/135/135 134/134/134
f 118/118/118 128/128/128 115/115/115
f 118/118/118 115/115/115 114/114/114
f 135/135/135 116/116/116 136/136/136
f 137/137/137 138/138/138 113/113/113
f 137/137/137 113/113/113 112/112/112
f 139/139/139 140/140/140 141/141/141
f 139/139/139 141/141/141 142/142/142
f 143/143/143 144/144/144 145/145/145
f 144/144/144 141/141/141 145/145/145
f 144/144/144 142/142/142 141/141/141
f 145/145/145 146/146/146 143/143/143
f 147/147/147 146/146/146 148/148/148
f 147/147/147 148/148/148 149/149/149
f 149/149/149 150/150/150 151/151/151
f 149/149/149 148/148/148 150/150/150
f 151/151/151 150/150/150 152/152/152
f 151/151/151 152/152/152 153/153/153
f 152/152/152 154/154/154 153/153/153
f 155/155/155 154/154/154 156/156/156
f 155/155/155 153/153/153 154/154/154
f 154/154/154 157/157/157 156/156/156
f 157/157/157 154/154/154 85/85/85
f 157/157/157 85/85/85 158/158/158
f 158/158/158 85/85/85 87/87/87
f 159/159/159 140/140/140 139/139/139
f 160/160/160 161/161/161 162/162/162
f 160/160/160 163/163/163 161/161/161
f 164/164/164 165/165/165 166/166/166
f 164/164/164 167/167/167 165/165/165
f 168/168/168 169/169/169 170/170/170
f 168/168/168 171/171/171 169/169/169
f 163/163/163 172/172/172 173/173/173
f 163/163/163 160/160/160 172/172/172
f 136/136/136 116/116/116 138/138/138
f 116/116/116 133/133/133 111/111/111
f 116/116/116 113/113/113 138/138/138
f 174/174/174 103/103/103 102/102/102
f 175/175/175 176/176/176 177/177/177
f 175/175/175 178/178/178 179/179/179
f 176/176/176 180/180/180 177/177/177
f 176/176/176 181/181/181 180/180/180
f 176/176/176 182/182/182 181/181/181
f 183/183/183 184/184/184 185/185/185
f 183/183/183 185/185/185 186/186/186
f 184/184/184 187/187/187 185/185/185
f 185/185/185 188/188/188 186/186/186
f 189/189/189 190/190/190 191/191/191
f 192/192/192 193/193/193 140/140/140
f 192/192/192 140/140/140 159/159/159
f 194/194/194 191/191/191 190/190/190
f 194/194/194 195/195/195 191/191/191
f 196/196/196 197/197/197 198/198/198
f 196/196/196 199/199/199 200/200/200
f 196/196/196 201/201/201 197/197/197
f 196/196/196 202/202/202 199/199/199
f 197/197/197 203/203/203 204/204/204
f 197/197/197 205/205/205 203/203/203
f 198/198/198 202/202/202 196/196/196
f 198/198/198 206/206/206 207/207/207
f 198/198/198 207/207/207 208/208/208
f 198/198/198 208/208/208 202/202/202
f 209/209/209 210/210/210 211/211/211
f 209/209/209 212/212/212 213/213/213
f 209/209/209 211/211/211 214/214/214
f 209/209/209 213/213/213 215/215/215
f 211/211/211 216/216/216 217/217/217
f 211/211/211 218/218/218 216/216/216
f 214/214/214 219/219/219 220/220/220
f 214/214/214 220/220/220 212/212/212
f 214/214/214 221/221/221 219/219/219
f 214/214/214 212/212/212 209/209/209
f 222/222/222 223/223/223 224/224/224
f 222/222/222 225/225/225 226/226/226
f 222/222/222 227/227/227 228/228/228
f 222/222/222 224/224/224 229/229/229
f 222/222/222 228/228/228 225/225/225
f 222/222/222 226/226/226 223/223/223
f 224/224/224 230/230/230 231/231/231
f 224/224/224 232/232/232 233/233/233
f 224/224/224 233/233/233 229/229/229
f 224/224/224 231/231/231 232/232/232
f 229/229/229 234/234/234 227/227/227
f 229/229/229 235/235/235 234/234/234
f 229/229/229 233/233/233 235/235/235
f 229/229/229 227/227/227 222/222/222
f 236/236/236 237/237/237 238/238/238
f 236/236/236 238/238/238 239/239/239
f 236/236/236 240/240/240 241/241/241
f 236/236/236 242/242/242 240/240/240
f 240/240/240 243/243/243 244/244/244
f 240/240/240 245/245/245 243/243/243
f 241/241/241 246/246/246 247/247/247
f 241/241/241 248/248/248 246/246/246
f 249/249/249 250/250/250 251/251/251
f 249/249/249 252/252/252 253/253/253
f 249/249/249 253/253/253 254/254/254
f 249/249/249 251/251/251 255/255/255
f 251/251/251 256/256/256 257/257/257
f 251/251/251 258/258/258 256/256/256
f 255/255/255 259/259/259 252/252/252
f 255/255/255 252/252/252 249/249/249
f 255/255/255 260/260/260 261/261/261
f 255/255/255 261/261/261 259/259/259
f 262/262/262 263/263/263 264/264/264
f 262/262/262 265/265/265 266/266/266
f 262/262/262 264/264/264 265/265/265
f 262/262/262 266/266/266 267/267/267
f 201/201/201 268/268/268 269/269/269
f 201/201/201 270/270/270 268/268/268
f 201/201/201 205/205/205 197/197/197
f 201/201/201 269/269/269 205/205/205
f 223/223/223 271/271/271 272/272/272
f 223/223/223 272/272/272 230/230/230
f 223/223/223 226/226/226 271/271/271
f 223/223/223 230/230/230 224/224/224
f 267/267/267 273/273/273 274/274/274
f 267/267/267 266/266/266 275/275/275
f 267/267/267 276/276/276 273/273/273
f 267/267/267 275/275/275 276/276/276
f 242/242/242 277/277/277 278/278/278
f 242/242/242 279/279/279 277/277/277
f 280/280/280 281/281/281 263/263/263
f 280/280/280 263/263/263 262/262/262
f 280/280/280 282/282/282 283/283/283
f 280/280/280 283/283/283 281/281/281
f 210/210/210 284/284/284 285/285/285
f 210/210/210 285/285/285 286/286/286
f 274/274/274 273/273/273 287/287/287
f 274/274/274 280/280/280 262/262/262
f 274/274/274 282/282/282 280/280/280
f 274/274/274 287/287/287 288/288/288
f 274/274/274 288/288/288 282/282/282
f 274/274/274 262/262/262 267/267/267
f 250/250/250 289/289/289 290/290/290
f 250/250/250 291/291/291 289/289/289
f 248/248/248 240/240/240 244/244/244
f 248/248/248 241/241/241 240/240/240
f 237/237/237 241/241/241 247/247/247
f 237/237/237 236/236/236 241/241/241
f 279/279/279 236/236/236 239/239/239
f 279/279/279 242/242/242 236/236/236
f 245/245/245 240/240/240 242/242/242
f 245/245/245 242/242/242 278/278/278
f 260/260/260 255/255/255 251/251/251
f 260/260/260 251/251/251 257/257/257
f 291/291/291 250/250/250 249/249/249
f 291/291/291 249/249/249 254/254/254
f 258/258/258 250/250/250 290/290/290
f 258/258/258 251/251/251 250/250/250
f 221/221/221 211/211/211 217/217/217
f 221/221/221 214/214/214 211/211/211
f 284/284/284 209/209/209 215/215/215
f 284/284/284 210/210/210 209/209/209
f 218/218/218 211/211/211 210/210/210
f 218/218/218 210/210/210 286/286/286
f 206/206/206 198/198/198 197/197/197
f 206/206/206 197/197/197 204/204/204
f 270/270/270 201/201/201 196/196/196
f 270/270/270 196/196/196 200/200/200
f 292/292/292 293/293/293 294/294/294
f 292/292/292 294/294/294 295/295/295
f 292/292/292 295/295/295 296/296/296
f 292/292/292 297/297/297 298/298/298
f 292/292/292 296/296/296 297/297/297
f 292/292/292 299/299/299 293/293/293
f 293/293/293 300/300/300 301/301/301
f 293/293/293 301/301/301 302/302/302
f 294/294/294 303/303/303 295/295/295
f 294/294/294 304/304/304 303/303/303
f 305/305/305 306/306/306 307/307/307
f 305/305/305 307/307/307 308/308/308
f 305/305/305 309/309/309 310/310/310
f 305/305/305 310/310/310 311/311/311
f 310/310/310 312/312/312 313/313/313
f 310/310/310 313/313/313 314/314/314
f 311/311/311 315/315/315 316/316/316
f 311/311/311 317/317/317 315/315/315
f 311/311/311 306/306/306 305/305/305
f 311/311/311 316/316/316 306/306/306
f 318/318/318 319/319/319 320/320/320
f 319/319/319 321/321/321 322/322/322
f 320/320/320 323/323/323 324/324/324
f 320/320/320 325/325/325 326/326/326
f 320/320/320 324/324/324 327/327/327
f 320/320/320 326/326/326 318/318/318
f 320/320/320 327/327/327 328/328/328
f 320/320/320 328/328/328 325/325/325
f 329/329/329 330/330/330 331/331/331
f 329/329/329 332/332/332 330/330/330
f 329/329/329 333/333/333 334/334/334
f 329/329/329 335/335/335 333/333/333
f 330/330/330 336/336/336 337/337/337
f 330/330/330 338/338/338 336/336/336
f 331/331/331 339/339/339 340/340/340
f 331/331/331 341/341/341 339/339/339
f 342/342/342 343/343/343 344/344/344
f 342/342/342 345/345/345 346/346/346
f 342/342/342 344/344/344 347/347/347
f 342/342/342 346/346/346 348/348/348
f 346/346/346 349/349/349 350/350/350
f 346/346/346 351/351/351 349/349/349
f 348/348/348 352/352/352 343/343/343
f 348/348/348 353/353/353 354/354/354
f 348/348/348 343/343/343 342/342/342
f 348/348/348 354/354/354 352/352/352
f 355/355/355 356/356/356 357/357/357
f 355/355/355 357/357/357 358/358/358
f 355/355/355 358/358/358 359/359/359
f 355/355/355 359/359/359 360/360/360
f 355/355/355 360/360/360 361/361/361
f 355/355/355 362/362/362 356/356/356
f 340/340/340 329/329/329 331/331/331
f 340/340/340 335/335/335 329/329/329
f 299/299/299 363/363/363 364/364/364
f 299/299/299 300/300/300 293/293/293
f 299/299/299 364/364/364 300/300/300
f 299/299/299 365/365/365 363/363/363
f 322/322/322 366/366/366 367/367/367
f 322/322/322 368/368/368 369/369/369
f 322/322/322 370/370/370 323/323/323
f 322/322/322 320/320/320 319/319/319
f 322/322/322 367/367/367 368/368/368
f 322/322/322 369/369/369 370/370/370
f 322/322/322 323/323/323 320/320/320
f 359/359/359 358/358/358 371/371/371
f 359/359/359 372/372/372 360/360/360
f 359/359/359 373/373/373 372/372/372
f 359/359/359 371/371/371 374/374/374
f 337/337/337 331/331/331 330/330/330
f 337/337/337 341/341/341 331/331/331
f 366/366/366 375/375/375 376/376/376
f 366/366/366 377/377/377 325/325/325
f 366/366/366 322/322/322 321/321/321
f 366/366/366 378/378/378 379/379/379
f 366/366/366 380/380/380 377/377/377
f 366/366/366 376/376/376 380/380/380
f 366/366/366 379/379/379 367/367/367
f 332/332/332 381/381/381 382/382/382
f 332/332/332 383/383/383 381/381/381
f 384/384/384 385/385/385 386/386/386
f 384/384/384 387/387/387 385/385/385
f 386/386/386 385/385/385 362/362/362
f 386/386/386 388/388/388 384/384/384
f 386/386/386 355/355/355 361/361/361
f 386/386/386 362/362/362 355/355/355
f 386/386/386 389/389/389 388/388/388
f 309/309/309 390/390/390 391/391/391
f 309/309/309 392/392/392 390/390/390
f 393/393/393 394/394/394 388/388/388
f 393/393/393 388/388/388 389/389/389
f 389/389/389 395/395/395 396/396/396
f 389/389/389 397/397/397 395/395/395
f 389/389/389 398/398/398 397/397/397
f 389/389/389 386/386/386 399/399/399
f 389/389/389 359/359/359 374/374/374
f 389/389/389 374/374/374 393/393/393
f 325/325/325 378/378/378 366/366/366
f 325/325/325 328/328/328 400/400/400
f 325/325/325 400/400/400 401/401/401
f 325/325/325 402/402/402 326/326/326
f 325/325/325 403/403/403 402/402/402
f 325/325/325 401/401/401 378/378/378
f 345/345/345 404/404/404 405/405/405
f 345/345/345 405/405/405 406/406/406
f 383/383/383 332/332/332 329/329/329
f 383/383/383 329/329/329 334/334/334
f 338/338/338 332/332/332 382/382/382
f 338/338/338 330/330/330 332/332/332
f 353/353/353 348/348/348 346/346/346
f 353/353/353 346/346/346 350/350/350
f 404/404/404 342/342/342 347/347/347
f 404/404/404 345/345/345 342/342/342
f 351/351/351 345/345/345 406/406/406
f 351/351/351 346/346/346 345/345/345
f 317/317/317 310/310/310 314/314/314
f 317/317/317 311/311/311 310/310/310
f 392/392/392 309/309/309 305/305/305
f 392/392/392 305/305/305 308/308/308
f 312/312/312 309/309/309 391/391/391
f 312/312/312 310/310/310 309/309/309
f 304/304/304 293/293/293 302/302/302
f 304/304/304 294/294/294 293/293/293
f 365/365/365 292/292/292 298/298/298
f 365/365/365 299/299/299 292/292/292
f 407/407/407 359/359/359 389/389/389
f 407/407/407 408/408/408 359/359/359
f 409/409/409 410/410/410 411/411/411
f 409/409/409 411/411/411 412/412/412
f 413/413/413 414/414/414 415/415/415
f 413/413/413 416/416/416 417/417/417
f 413/413/413 415/415/415 416/416/416
f 413/413/413 417/417/417 418/418/418
f 417/417/417 419/419/419 420/420/420
f 417/417/417 420/420/420 418/418/418
f 377/377/377 421/421/421 325/325/325
f 361/361/361 422/422/422 386/386/386
f 422/422/422 399/399/399 386/386/386
f 423/423/423 424/424/424 425/425/425
f 423/423/423 426/426/426 424/424/424
f 427/427/427 423/423/423 425/425/425
f 427/427/427 425/425/425 428/428/428
f 429/429/429 409/409/409 412/412/412
f 429/429/429 412/412/412 430/430/430
f 431/431/431 411/411/411 410/410/410
f 431/431/431 410/410/410 432/432/432
f 433/433/433 424/424/424 426/426/426
f 433/433/433 426/426/426 434/434/434
f 435/435/435 436/436/436 437/437/437
f 435/435/435 437/437/437 438/438/438
f 439/439/439 440/440/440 441/441/441
f 439/439/439 441/441/441 442/442/442
f 442/442/442 435/435/435 438/438/438
f 442/442/442 438/438/438 439/439/439
f 443/443/443 158/158/158 87/87/87
f 120/120/120 111/111/111 115/115/115
f 124/124/124 444/444/444 125/125/125
f 132/132/132 445/445/445 123/123/123
f 445/445/445 127/127/127 123/123/123
f 146/146/146 147/147/147 143/143/143
f 446/446/446 447/447/447 102/102/102
f 447/447/447 174/174/174 102/102/102
f 179/179/179 176/176/176 175/175/175
f 448/448/448 449/449/449 185/185/185
f 448/448/448 450/450/450 449/449/449
f 450/450/450 451/451/451 449/449/449
f 451/451/451 452/452/452 449/449/449
f 452/452/452 453/453/453 449/449/449
f 453/453/453 454/454/454 449/449/449
f 187/187/187 448/448/448 185/185/185
f 321/321/321 375/375/375 366/366/366
f 398/398/398 389/389/389 399/399/399
f 408/408/408 373/373/373 359/359/359
f 396/396/396 407/407/407 389/389/389
f 455/455/455 403/403/403 325/325/325
f 421/421/421 455/455/455 325/325/325
f 456/456/456 457/457/457 458/458/458
f 457/457/457 459/459/459 460/460/460
f 458/458/458 457/457/457 461/461/461
f 461/461/461 462/462/462 458/458/458
f 463/463/463 464/464/464 465/465/465
f 464/464/464 463/463/463 466/466/466
f 465/465/465 467/467/467 463/463/463
f 466/466/466 468/468/468 464/464/464
f 469/469/469 470/470/470 471/471/471
f 470/470/470 469/469/469 472/472/472
f 471/471/471 473/473/473 474/474/474
f 472/472/472 475/475/475 476/476/476
f 474/474/474 477/477/477 478/478/478
f 477/477/477 474/474/474 473/473/473
f 478/478/478 479/479/479 480/480/480
f 473/473/473 471/471/471 470/470/470
f 462/462/462 481/481/481 482/482/482
f 462/462/462 461/461/461 481/481/481
f 483/483/483 484/484/484 485/485/485
f 484/484/484 483/483/483 486/486/486
f 487/487/487 488/488/488 489/489/489
f 488/488/488 487/487/487 490/490/490
f 489/489/489 491/491/491 492/492/492
f 490/490/490 493/493/493 494/494/494
f 495/495/495 486/486/486 483/483/483
f 495/495/495 483/483/483 496/496/496
f 496/496/496 497/497/497 495/495/495
f 498/498/498 499/499/499 500/500/500
f 498/498/498 501/501/501 502/502/502
f 499/499/499 498/498/498 503/503/503
f 503/503/503 504/504/504 499/499/499
f 505/505/505 506/506/506 507/507/507
f 506/506/506 505/505/505 508/508/508
f 507/507/507 509/509/509 505/505/505
f 508/508/508 510/510/510 506/506/506
f 511/511/511 512/512/512 513/513/513
f 511/511/511 514/514/514 512/512/512
f 513/513/513 515/515/515 516/516/516
f 517/517/517 518/518/518 519/519/519
f 518/518/518 517/517/517 520/520/520
f 519/519/519 494/494/494 493/493/493
f 520/520/520 521/521/521 522/522/522
f 523/523/523 524/524/524 525/525/525
f 523/523/523 526/526/526 527/527/527
f 525/525/525 524/524/524 528/528/528
f 528/528/528 529/529/529 530/530/530
f 531/531/531 532/532/532 533/533/533
f 531/531/531 534/534/534 532/532/532
f 534/534/534 535/535/535 532/532/532
f 534/534/534 536/536/536 535/535/535
f 533/533/533 537/537/537 531/531/531
f 538/538/538 539/539/539 540/540/540
f 539/539/539 538/538/538 541/541/541
f 540/540/540 542/542/542 538/538/538
f 541/541/541 543/543/543 539/539/539
f 536/536/536 544/544/544 545/545/545
f 536/536/536 545/545/545 535/535/535
f 544/544/544 546/546/546 545/545/545
f 547/547/547 548/548/548 549/549/549
f 547/547/547 549/549/549 550/550/550
f 548/548/548 551/551/551 549/549/549
f 550/550/550 552/552/552 547/547/547
f 553/553/553 554/554/554 555/555/555
f 553/553/553 555/555/555 556/556/556
f 556/556/556 557/557/557 558/558/558
f 556/556/556 558/558/558 553/553/553
f 558/558/558 557/557/557 559/559/559
f 560/560/560 561/561/561 562/562/562
f 561/561/561 560/560/560 563/563/563
f 562/562/562 561/561/561 564/564/564
f 563/563/563 560/560/560 565/565/565
f 566/566/566 543/543/543 541/541/541
f 566/566/566 567/567/567 543/543/543
f 568/568/568 569/569/569 570/570/570
f 569/569/569 568/568/568 509/509/509
f 570/570/570 571/571/571 568/568/568
f 509/509/509 507/507/507 569/569/569
f 526/526/526 523/523/523 525/525/525
f 527/527/527 572/572/572 573/573/573
f 574/574/574 575/575/575 576/576/576
f 575/575/575 574/574/574 577/577/577
f 576/576/576 578/578/578 574/574/574
f 577/577/577 579/579/579 575/575/575
f 580/580/580 581/581/581 582/582/582
f 581/581/581 580/580/580 583/583/583
f 582/582/582 584/584/584 585/585/585
f 582/582/582 581/581/581 584/584/584
f 586/586/586 585/585/585 584/584/584
f 586/586/586 587/587/587 588/588/588
f 588/588/588 587/587/587 589/589/589
f 589/589/589 590/590/590 591/591/591
f 592/592/592 593/593/593 594/594/594
f 592/592/592 595/595/595 596/596/596
f 595/595/595 592/592/592 594/594/594
f 596/596/596 597/597/597 598/598/598
f 596/596/596 595/595/595 597/597/597
f 599/599/599 583/583/583 600/600/600
f 600/600/600 583/583/583 580/580/580
f 480/480/480 601/601/601 602/602/602
f 601/601/601 480/480/480 479/479/479
f 601/601/601 603/603/603 602/602/602
f 479/479/479 478/478/478 477/477/477
f 604/604/604 605/605/605 468/468/468
f 605/605/605 604/604/604 606/606/606
f 605/605/605 607/607/607 608/608/608
f 468/468/468 466/466/466 604/604/604
f 609/609/609 610/610/610 611/611/611
f 610/610/610 612/612/612 611/611/611
f 610/610/610 609/609/609 613/613/613
f 611/611/611 612/612/612 614/614/614
f 613/613/613 615/615/615 616/616/616
f 598/598/598 617/617/617 618/618/618
f 598/598/598 597/597/597 617/617/617
f 619/619/619 620/620/620 621/621/621
f 619/619/619 622/622/622 623/623/623
f 622/622/622 619/619/619 624/624/624
f 624/624/624 625/625/625 622/622/622
f 626/626/626 627/627/627 628/628/628
f 627/627/627 626/626/626 629/629/629
f 628/628/628 630/630/630 631/631/631
f 628/628/628 627/627/627 630/630/630
f 632/632/632 633/633/633 634/634/634
f 632/632/632 634/634/634 635/635/635
f 632/632/632 636/636/636 637/637/637
f 636/636/636 632/632/632 635/635/635
f 637/637/637 636/636/636 638/638/638
f 497/497/497 496/496/496 639/639/639
f 497/497/497 639/639/639 640/640/640
f 640/640/640 639/639/639 641/641/641
f 641/641/641 642/642/642 640/640/640
f 617/617/617 643/643/643 618/618/618
f 643/643/643 644/644/644 645/645/645
f 618/618/618 643/643/643 645/645/645
f 646/646/646 647/647/647 510/510/510
f 647/647/647 646/646/646 467/467/467
f 510/510/510 508/508/508 646/646/646
f 467/467/467 465/465/465 647/647/647
f 648/648/648 649/649/649 650/650/650
f 649/649/649 648/648/648 651/651/651
f 651/651/651 642/642/642 652/652/652
f 651/651/651 652/652/652 649/649/649
f 516/516/516 653/653/653 654/654/654
f 653/653/653 516/516/516 515/515/515
f 653/653/653 459/459/459 654/654/654
f 515/515/515 513/513/513 512/512/512
f 475/475/475 472/472/472 469/469/469
f 476/476/476 573/573/573 572/572/572
f 504/504/504 503/503/503 655/655/655
f 655/655/655 656/656/656 504/504/504
f 494/494/494 519/519/519 518/518/518
f 493/493/493 490/490/490 487/487/487
f 590/590/590 657/657/657 591/591/591
f 590/590/590 589/589/589 587/587/587
f 591/591/591 657/657/657 658/658/658
f 659/659/659 660/660/660 661/661/661
f 660/660/660 659/659/659 662/662/662
f 661/661/661 663/663/663 659/659/659
f 662/662/662 664/664/664 660/660/660
f 665/665/665 530/530/530 529/529/529
f 530/530/530 665/665/665 666/666/666
f 529/529/529 528/528/528 524/524/524
f 666/666/666 665/665/665 667/667/667
f 666/666/666 667/667/667 668/668/668
f 669/669/669 562/562/562 564/564/564
f 669/669/669 670/670/670 671/671/671
f 658/658/658 657/657/657 672/672/672
f 658/658/658 672/672/672 673/673/673
f 672/672/672 674/674/674 673/673/673
f 673/673/673 674/674/674 675/675/675
f 676/676/676 677/677/677 678/678/678
f 677/677/677 676/676/676 679/679/679
f 678/678/678 680/680/680 681/681/681
f 678/678/678 677/677/677 680/680/680
f 679/679/679 682/682/682 683/683/683
f 537/537/537 533/533/533 567/567/567
f 567/567/567 566/566/566 537/537/537
f 559/559/559 557/557/557 684/684/684
f 685/685/685 686/686/686 687/687/687
f 686/686/686 685/685/685 688/688/688
f 687/687/687 689/689/689 690/690/690
f 688/688/688 691/691/691 692/692/692
f 603/603/603 693/693/693 600/600/600
f 603/603/603 601/601/601 693/693/693
f 693/693/693 599/599/599 600/600/600
f 615/615/615 613/613/613 609/609/609
f 616/616/616 694/694/694 695/695/695
f 642/642/642 641/641/641 652/652/652
f 696/696/696 697/697/697 644/644/644
f 697/697/697 698/698/698 699/699/699
f 644/644/644 643/643/643 696/696/696
f 644/644/644 697/697/697 699/699/699
f 700/700/700 701/701/701 702/702/702
f 700/700/700 703/703/703 704/704/704
f 703/703/703 700/700/700 702/702/702
f 704/704/704 705/705/705 706/706/706
f 702/702/702 701/701/701 707/707/707
f 708/708/708 709/709/709 710/710/710
f 708/708/708 710/710/710 711/711/711
f 711/711/711 710/710/710 712/712/712
f 712/712/712 713/713/713 711/711/711
f 714/714/714 715/715/715 716/716/716
f 715/715/715 714/714/714 717/717/717
f 716/716/716 718/718/718 719/719/719
f 717/717/717 720/720/720 721/721/721
f 722/722/722 723/723/723 724/724/724
f 722/722/722 725/725/725 726/726/726
f 723/723/723 722/722/722 726/726/726
f 724/724/724 727/727/727 728/728/728
f 707/707/707 729/729/729 730/730/730
f 668/668/668 502/502/502 501/501/501
f 674/674/674 485/485/485 675/675/675
f 675/675/675 485/485/485 484/484/484
f 725/725/725 722/722/722 731/731/731
f 731/731/731 732/732/732 725/725/725
f 733/733/733 734/734/734 735/735/735
f 734/734/734 733/733/733 736/736/736
f 735/735/735 737/737/737 733/733/733
f 736/736/736 738/738/738 734/734/734
f 585/585/585 586/586/586 588/588/588
f 663/663/663 661/661/661 739/739/739
f 739/739/739 740/740/740 663/663/663
f 741/741/741 742/742/742 743/743/743
f 742/742/742 741/741/741 744/744/744
f 743/743/743 745/745/745 741/741/741
f 744/744/744 746/746/746 742/742/742
f 682/682/682 679/679/679 676/676/676
f 683/683/683 747/747/747 748/748/748
f 749/749/749 750/750/750 552/552/552
f 750/750/750 749/749/749 751/751/751
f 552/552/552 550/550/550 749/749/749
f 751/751/751 752/752/752 750/750/750
f 578/578/578 576/576/576 753/753/753
f 754/754/754 755/755/755 756/756/756
f 754/754/754 757/757/757 755/755/755
f 755/755/755 758/758/758 756/756/756
f 758/758/758 759/759/759 756/756/756
f 759/759/759 758/758/758 760/760/760
f 759/759/759 760/760/760 753/753/753
f 760/760/760 578/578/578 753/753/753
f 757/757/757 754/754/754 761/761/761
f 757/757/757 608/608/608 607/607/607
f 747/747/747 683/683/683 682/682/682
f 748/748/748 730/730/730 729/729/729
f 762/762/762 763/763/763 764/764/764
f 763/763/763 762/762/762 765/765/765
f 764/764/764 766/766/766 767/767/767
f 765/765/765 721/721/721 720/720/720
f 768/768/768 769/769/769 770/770/770
f 769/769/769 768/768/768 771/771/771
f 770/770/770 772/772/772 768/768/768
f 771/771/771 773/773/773 769/769/769
f 656/656/656 655/655/655 774/774/774
f 656/656/656 774/774/774 775/775/775
f 774/774/774 776/776/776 775/775/775
f 776/776/776 777/777/777 775/775/775
f 690/690/690 728/728/728 727/727/727
f 728/728/728 690/690/690 689/689/689
f 727/727/727 724/724/724 723/723/723
f 689/689/689 687/687/687 686/686/686
f 691/691/691 688/688/688 685/685/685
f 692/692/692 706/706/706 705/705/705
f 572/572/572 527/527/527 526/526/526
f 573/573/573 476/476/476 475/475/475
f 777/777/777 778/778/778 779/779/779
f 777/777/777 776/776/776 778/778/778
f 778/778/778 780/780/780 779/779/779
f 721/721/721 765/765/765 762/762/762
f 720/720/720 717/717/717 714/714/714
f 781/781/781 782/782/782 783/783/783
f 782/782/782 781/781/781 784/784/784
f 783/783/783 785/785/785 781/781/781
f 784/784/784 786/786/786 782/782/782
f 787/787/787 788/788/788 789/789/789
f 788/788/788 787/787/787 790/790/790
f 789/789/789 791/791/791 787/787/787
f 790/790/790 792/792/792 788/788/788
f 546/546/546 544/544/544 793/793/793
f 793/793/793 650/650/650 546/546/546
f 793/793/793 648/648/648 650/650/650
f 794/794/794 795/795/795 796/796/796
f 795/795/795 785/785/785 796/796/796
f 785/785/785 783/783/783 796/796/796
f 502/502/502 668/668/668 667/667/667
f 501/501/501 498/498/498 500/500/500
f 797/797/797 798/798/798 799/799/799
f 798/798/798 797/797/797 800/800/800
f 799/799/799 801/801/801 802/802/802
f 800/800/800 803/803/803 804/804/804
f 805/805/805 806/806/806 752/752/752
f 806/806/806 805/805/805 737/737/737
f 752/752/752 751/751/751 805/805/805
f 737/737/737 735/735/735 806/806/806
f 802/802/802 801/801/801 807/807/807
f 801/801/801 799/799/799 798/798/798
f 801/801/801 808/808/808 807/807/807
f 807/807/807 809/809/809 810/810/810
f 811/811/811 812/812/812 579/579/579
f 812/812/812 811/811/811 813/813/813
f 579/579/579 577/577/577 811/811/811
f 813/813/813 814/814/814 812/812/812
f 730/730/730 748/748/748 747/747/747
f 729/729/729 707/707/707 701/701/701
f 815/815/815 816/816/816 817/817/817
f 816/816/816 815/815/815 818/818/818
f 817/817/817 819/819/819 820/820/820
f 818/818/818 821/821/821 822/822/822
f 823/823/823 824/824/824 825/825/825
f 824/824/824 823/823/823 826/826/826
f 825/825/825 827/827/827 823/823/823
f 826/826/826 821/821/821 824/824/824
f 607/607/607 605/605/605 606/606/606
f 608/608/608 757/757/757 761/761/761
f 779/779/779 780/780/780 794/794/794
f 780/780/780 795/795/795 794/794/794
f 706/706/706 692/692/692 691/691/691
f 705/705/705 704/704/704 703/703/703
f 828/828/828 829/829/829 830/830/830
f 829/829/829 828/828/828 831/831/831
f 830/830/830 832/832/832 833/833/833
f 831/831/831 834/834/834 835/835/835
f 836/836/836 837/837/837 838/838/838
f 837/837/837 836/836/836 839/839/839
f 837/837/837 840/840/840 838/838/838
f 838/838/838 840/840/840 841/841/841
f 839/839/839 842/842/842 843/843/843
f 844/844/844 845/845/845 846/846/846
f 845/845/845 844/844/844 847/847/847
f 846/846/846 848/848/848 849/849/849
f 847/847/847 850/850/850 851/851/851
f 766/766/766 764/764/764 763/763/763
f 767/767/767 852/852/852 853/853/853
f 803/803/803 800/800/800 797/797/797
f 804/804/804 853/853/853 852/852/852
f 854/854/854 855/855/855 856/856/856
f 855/855/855 854/854/854 857/857/857
f 856/856/856 858/858/858 854/854/854
f 859/859/859 860/860/860 861/861/861
f 860/860/860 862/862/862 861/861/861
f 862/862/862 863/863/863 861/861/861
f 864/864/864 863/863/863 862/862/862
f 864/864/864 865/865/865 863/863/863
f 865/865/865 864/864/864 773/773/773
f 773/773/773 771/771/771 865/865/865
f 814/814/814 813/813/813 732/732/732
f 732/732/732 731/731/731 814/814/814
f 866/866/866 867/867/867 868/868/868
f 866/866/866 820/820/820 819/819/819
f 868/868/868 867/867/867 869/869/869
f 869/869/869 870/870/870 871/871/871
f 820/820/820 866/866/866 868/868/868
f 819/819/819 817/817/817 816/816/816
f 872/872/872 873/873/873 874/874/874
f 873/873/873 872/872/872 875/875/875
f 874/874/874 876/876/876 872/872/872
f 875/875/875 877/877/877 873/873/873
f 870/870/870 878/878/878 871/871/871
f 870/870/870 869/869/869 867/867/867
f 871/871/871 878/878/878 879/879/879
f 809/809/809 807/807/807 808/808/808
f 809/809/809 860/860/860 859/859/859
f 810/810/810 809/809/809 859/859/859
f 858/858/858 856/856/856 880/880/880
f 858/858/858 880/880/880 881/881/881
f 881/881/881 882/882/882 883/883/883
f 881/881/881 884/884/884 858/858/858
f 884/884/884 881/881/881 883/883/883
f 885/885/885 886/886/886 887/887/887
f 886/886/886 885/885/885 888/888/888
f 886/886/886 888/888/888 889/889/889
f 887/887/887 890/890/890 885/885/885
f 883/883/883 891/891/891 892/892/892
f 891/891/891 883/883/883 882/882/882
f 892/892/892 522/522/522 521/521/521
f 521/521/521 520/520/520 517/517/517
f 522/522/522 892/892/892 891/891/891
f 772/772/772 770/770/770 792/792/792
f 792/792/792 790/790/790 772/772/772
f 745/745/745 743/743/743 893/893/893
f 893/893/893 894/894/894 745/745/745
f 879/879/879 895/895/895 896/896/896
f 894/894/894 893/893/893 897/897/897
f 897/897/897 898/898/898 894/894/894
f 899/899/899 900/900/900 901/901/901
f 900/900/900 899/899/899 898/898/898
f 901/901/901 902/902/902 899/899/899
f 898/898/898 897/897/897 900/900/900
f 902/902/902 901/901/901 903/903/903
f 903/903/903 904/904/904 902/902/902
f 713/713/713 712/712/712 905/905/905
f 905/905/905 906/906/906 713/713/713
f 907/907/907 908/908/908 909/909/909
f 908/908/908 907/907/907 910/910/910
f 909/909/909 911/911/911 912/912/912
f 910/910/910 913/913/913 914/914/914
f 709/709/709 708/708/708 638/638/638
f 638/638/638 636/636/636 709/709/709
f 906/906/906 905/905/905 915/915/915
f 915/915/915 916/916/916 906/906/906
f 917/917/917 918/918/918 919/919/919
f 918/918/918 917/917/917 920/920/920
f 919/919/919 921/921/921 922/922/922
f 920/920/920 634/634/634 633/633/633
f 923/923/923 924/924/924 925/925/925
f 923/923/923 926/926/926 924/924/924
f 923/923/923 927/927/927 928/928/928
f 924/924/924 929/929/929 925/925/925
f 925/925/925 929/929/929 930/930/930
f 931/931/931 932/932/932 933/933/933
f 932/932/932 931/931/931 934/934/934
f 933/933/933 935/935/935 936/936/936
f 934/934/934 937/937/937 938/938/938
f 939/939/939 940/940/940 941/941/941
f 939/939/939 942/942/942 940/940/940
f 942/942/942 943/943/943 940/940/940
f 832/832/832 830/830/830 829/829/829
f 833/833/833 851/851/851 850/850/850
f 944/944/944 945/945/945 946/946/946
f 944/944/944 947/947/947 948/948/948
f 947/947/947 944/944/944 949/949/949
f 949/949/949 950/950/950 947/947/947
f 951/951/951 952/952/952 953/953/953
f 952/952/952 954/954/954 953/953/953
f 954/954/954 955/955/955 953/953/953
f 956/956/956 855/855/855 857/857/857
f 956/956/956 857/857/857 957/957/957
f 957/957/957 958/958/958 956/956/956
f 921/921/921 919/919/919 918/918/918
f 959/959/959 849/849/849 848/848/848
f 849/849/849 959/959/959 960/960/960
f 848/848/848 846/846/846 845/845/845
f 960/960/960 961/961/961 962/962/962
f 963/963/963 964/964/964 965/965/965
f 964/964/964 963/963/963 966/966/966
f 965/965/965 964/964/964 922/922/922
f 965/965/965 922/922/922 921/921/921
f 966/966/966 963/963/963 967/967/967
f 968/968/968 914/914/914 913/913/913
f 914/914/914 968/968/968 969/969/969
f 913/913/913 910/910/910 907/907/907
f 970/970/970 971/971/971 972/972/972
f 970/970/970 972/972/972 973/973/973
f 973/973/973 972/972/972 974/974/974
f 974/974/974 975/975/975 973/973/973
f 976/976/976 977/977/977 978/978/978
f 977/977/977 976/976/976 979/979/979
f 978/978/978 980/980/980 976/976/976
f 979/979/979 981/981/981 977/977/977
f 565/565/565 982/982/982 563/563/563
f 982/982/982 983/983/983 984/984/984
f 982/982/982 565/565/565 983/983/983
f 985/985/985 986/986/986 987/987/987
f 985/985/985 987/987/987 988/988/988
f 988/988/988 989/989/989 985/985/985
f 988/988/988 990/990/990 989/989/989
f 989/989/989 990/990/990 991/991/991
f 992/992/992 993/993/993 994/994/994
f 992/992/992 928/928/928 927/927/927
f 928/928/928 926/926/926 923/923/923
f 928/928/928 992/992/992 994/994/994
f 995/995/995 996/996/996 997/997/997
f 995/995/995 997/997/997 998/998/998
f 997/997/997 999/999/999 998/998/998
f 998/998/998 999/999/999 1000/1000/1000
f 1001/1001/1001 1002/1002/1002 1003/1003/1003
f 1002/1002/1002 1001/1001/1001 1004/1004/1004
f 1003/1003/1003 1005/1005/1005 1006/1006/1006
f 1004/1004/1004 695/695/695 694/694/694
f 967/967/967 1007/1007/1007 966/966/966
f 1007/1007/1007 967/967/967 1008/1008/1008
f 1009/1009/1009 1010/1010/1010 1011/1011/1011
f 1011/1011/1011 1010/1010/1010 1012/1012/1012
f 1012/1012/1012 1013/1013/1013 1014/1014/1014
f 1015/1015/1015 1016/1016/1016 1017/1017/1017
f 1016/1016/1016 1015/1015/1015 1018/1018/1018
f 1017/1017/1017 1019/1019/1019 1015/1015/1015
f 1018/1018/1018 1020/1020/1020 1016/1016/1016
f 1021/1021/1021 1022/1022/1022 1023/1023/1023
f 1023/1023/1023 1024/1024/1024 1021/1021/1021
f 1023/1023/1023 1022/1022/1022 1025/1025/1025
f 1025/1025/1025 1026/1026/1026 1027/1027/1027
f 993/993/993 992/992/992 1028/1028/1028
f 1028/1028/1028 1029/1029/1029 993/993/993
f 1030/1030/1030 1031/1031/1031 1032/1032/1032
f 1030/1030/1030 1033/1033/1033 1031/1031/1031
f 1030/1030/1030 1032/1032/1032 1034/1034/1034
f 1034/1034/1034 1032/1032/1032 551/551/551
f 1034/1034/1034 551/551/551 548/548/548
f 1035/1035/1035 1036/1036/1036 1037/1037/1037
f 1036/1036/1036 1035/1035/1035 1038/1038/1038
f 1037/1037/1037 1039/1039/1039 1040/1040/1040
f 1038/1038/1038 1041/1041/1041 1042/1042/1042
f 620/620/620 619/619/619 623/623/623
f 620/620/620 1043/1043/1043 621/621/621
f 1044/1044/1044 1045/1045/1045 958/958/958
f 1045/1045/1045 1044/1044/1044 1046/1046/1046
f 958/958/958 957/957/957 1044/1044/1044
f 1046/1046/1046 1047/1047/1047 1045/1045/1045
f 1048/1048/1048 946/946/946 1049/1049/1049
f 1048/1048/1048 698/698/698 1050/1050/1050
f 946/946/946 945/945/945 1049/1049/1049
f 945/945/945 944/944/944 948/948/948
f 1051/1051/1051 1052/1052/1052 1029/1029/1029
f 1052/1052/1052 1051/1051/1051 1053/1053/1053
f 1029/1029/1029 1028/1028/1028 1051/1051/1051
f 1053/1053/1053 1054/1054/1054 1052/1052/1052
f 1055/1055/1055 1056/1056/1056 1057/1057/1057
f 1056/1056/1056 1055/1055/1055 1058/1058/1058
f 1057/1057/1057 1059/1059/1059 1055/1055/1055
f 1058/1058/1058 1060/1060/1060 1056/1056/1056
f 1061/1061/1061 1062/1062/1062 835/835/835
f 1061/1061/1061 835/835/835 834/834/834
f 1062/1062/1062 1063/1063/1063 1064/1064/1064
f 834/834/834 831/831/831 828/828/828
f 1065/1065/1065 1066/1066/1066 1067/1067/1067
f 1066/1066/1066 1065/1065/1065 1068/1068/1068
f 1067/1067/1067 1069/1069/1069 1065/1065/1065
f 1068/1068/1068 1070/1070/1070 1071/1071/1071
f 1068/1068/1068 1071/1071/1071 1066/1066/1066
f 1072/1072/1072 1073/1073/1073 1074/1074/1074
f 1073/1073/1073 1072/1072/1072 1075/1075/1075
f 1074/1074/1074 1076/1076/1076 1072/1072/1072
f 1075/1075/1075 1077/1077/1077 1073/1073/1073
f 916/916/916 915/915/915 1047/1047/1047
f 1047/1047/1047 1046/1046/1046 916/916/916
f 1078/1078/1078 1079/1079/1079 1080/1080/1080
f 1079/1079/1079 1078/1078/1078 1081/1081/1081
f 1080/1080/1080 1082/1082/1082 1078/1078/1078
f 1081/1081/1081 1083/1083/1083 1079/1079/1079
f 1084/1084/1084 1085/1085/1085 1086/1086/1086
f 1085/1085/1085 1084/1084/1084 1087/1087/1087
f 1085/1085/1085 996/996/996 1086/1086/1086
f 1086/1086/1086 996/996/996 995/995/995
f 1087/1087/1087 1088/1088/1088 1089/1089/1089
f 634/634/634 920/920/920 917/917/917
f 851/851/851 833/833/833 832/832/832
f 850/850/850 847/847/847 844/844/844
f 937/937/937 934/934/934 931/931/931
f 938/938/938 912/912/912 911/911/911
f 889/889/889 1090/1090/1090 1091/1091/1091
f 889/889/889 1092/1092/1092 886/886/886
f 1092/1092/1092 889/889/889 1091/1091/1091
f 890/890/890 887/887/887 1093/1093/1093
f 1094/1094/1094 1095/1095/1095 1096/1096/1096
f 1094/1094/1094 1096/1096/1096 1097/1097/1097
f 1094/1094/1094 1097/1097/1097 1098/1098/1098
f 1098/1098/1098 1097/1097/1097 1099/1099/1099
f 1099/1099/1099 1100/1100/1100 1098/1098/1098
f 1101/1101/1101 1102/1102/1102 1103/1103/1103
f 1101/1101/1101 1104/1104/1104 1102/1102/1102
f 1104/1104/1104 962/962/962 961/961/961
f 1103/1103/1103 1105/1105/1105 1106/1106/1106
f 955/955/955 954/954/954 1107/1107/1107
f 955/955/955 1107/1107/1107 1108/1108/1108
f 1107/1107/1107 975/975/975 1108/1108/1108
f 975/975/975 974/974/974 1108/1108/1108
f 1013/1013/1013 1012/1012/1012 1010/1010/1010
f 1014/1014/1014 1109/1109/1109 1110/1110/1110
f 911/911/911 909/909/909 908/908/908
f 912/912/912 938/938/938 937/937/937
f 593/593/593 1007/1007/1007 1008/1008/1008
f 593/593/593 1008/1008/1008 594/594/594
f 1111/1111/1111 1112/1112/1112 1113/1113/1113
f 1112/1112/1112 1111/1111/1111 1114/1114/1114
f 1113/1113/1113 1115/1115/1115 1111/1111/1111
f 1114/1114/1114 1116/1116/1116 1112/1112/1112
f 1117/1117/1117 1118/1118/1118 1119/1119/1119
f 1117/1117/1117 1120/1120/1120 1121/1121/1121
f 1117/1117/1117 1122/1122/1122 1118/1118/1118
f 1120/1120/1120 1123/1123/1123 1121/1121/1121
f 1120/1120/1120 1117/1117/1117 1119/1119/1119
f 1124/1124/1124 1125/1125/1125 1126/1126/1126
f 1124/1124/1124 1110/1110/1110 1127/1127/1127
f 1127/1127/1127 1110/1110/1110 1109/1109/1109
f 1109/1109/1109 1014/1014/1014 1013/1013/1013
f 961/961/961 960/960/960 959/959/959
f 962/962/962 1104/1104/1104 1101/1101/1101
f 1128/1128/1128 1129/1129/1129 1130/1130/1130
f 1128/1128/1128 1131/1131/1131 1132/1132/1132
f 1131/1131/1131 1133/1133/1133 1132/1132/1132
f 1131/1131/1131 1128/1128/1128 1130/1130/1130
f 1059/1059/1059 1106/1106/1106 1105/1105/1105
f 1059/1059/1059 1057/1057/1057 1134/1134/1134
f 1135/1135/1135 1136/1136/1136 1137/1137/1137
f 1136/1136/1136 1135/1135/1135 1138/1138/1138
f 1137/1137/1137 1139/1139/1139 1135/1135/1135
f 1138/1138/1138 1140/1140/1140 1136/1136/1136
f 1106/1106/1106 1059/1059/1059 1134/1134/1134
f 1105/1105/1105 1103/1103/1103 1102/1102/1102
f 1141/1141/1141 1142/1142/1142 1020/1020/1020
f 1142/1142/1142 1141/1141/1141 1143/1143/1143
f 1020/1020/1020 1018/1018/1018 1141/1141/1141
f 1143/1143/1143 1144/1144/1144 1142/1142/1142
f 1063/1063/1063 1062/1062/1062 1061/1061/1061
f 1063/1063/1063 1145/1145/1145 1064/1064/1064
f 1145/1145/1145 1063/1063/1063 1146/1146/1146
f 1146/1146/1146 1147/1147/1147 1145/1145/1145
f 1139/1139/1139 1137/1137/1137 1148/1148/1148
f 1060/1060/1060 1058/1058/1058 1149/1149/1149
f 1060/1060/1060 1149/1149/1149 1148/1148/1148
f 1149/1149/1149 1139/1139/1139 1148/1148/1148
f 1150/1150/1150 1151/1151/1151 1152/1152/1152
f 1151/1151/1151 1150/1150/1150 1153/1153/1153
f 1152/1152/1152 1154/1154/1154 1150/1150/1150
f 1153/1153/1153 1155/1155/1155 1151/1151/1151
f 1156/1156/1156 1157/1157/1157 1077/1077/1077
f 1157/1157/1157 1156/1156/1156 1158/1158/1158
f 1157/1157/1157 1159/1159/1159 1160/1160/1160
f 1077/1077/1077 1075/1075/1075 1156/1156/1156
f 1159/1159/1159 1157/1157/1157 1158/1158/1158
f 1161/1161/1161 1162/1162/1162 1163/1163/1163
f 1162/1162/1162 1161/1161/1161 1164/1164/1164
f 1163/1163/1163 1165/1165/1165 1161/1161/1161
f 1164/1164/1164 1166/1166/1166 1162/1162/1162
f 1069/1069/1069 1067/1067/1067 1167/1167/1167
f 1167/1167/1167 1168/1168/1168 1069/1069/1069
f 1169/1169/1169 1126/1126/1126 1170/1170/1170
f 1170/1170/1170 1126/1126/1126 1125/1125/1125
f 1125/1125/1125 1124/1124/1124 1127/1127/1127
f 1171/1171/1171 1172/1172/1172 1173/1173/1173
f 1172/1172/1172 1171/1171/1171 1174/1174/1174
f 1173/1173/1173 1175/1175/1175 1171/1171/1171
f 1174/1174/1174 1176/1176/1176 1172/1172/1172
f 1177/1177/1177 1178/1178/1178 1179/1179/1179
f 1178/1178/1178 1180/1180/1180 1181/1181/1181
f 1179/1179/1179 1182/1182/1182 1177/1177/1177
f 1182/1182/1182 1183/1183/1183 1184/1184/1184
f 1082/1082/1082 1080/1080/1080 1185/1185/1185
f 1185/1185/1185 1186/1186/1186 1082/1082/1082
f 1133/1133/1133 1131/1131/1131 1100/1100/1100
f 1100/1100/1100 1099/1099/1099 1133/1133/1133
f 1187/1187/1187 1188/1188/1188 1189/1189/1189
f 1187/1187/1187 1189/1189/1189 1190/1190/1190
f 1187/1187/1187 1190/1190/1190 1191/1191/1191
f 1191/1191/1191 1190/1190/1190 1192/1192/1192
f 1192/1192/1192 1193/1193/1193 1191/1191/1191
f 971/971/971 970/970/970 1194/1194/1194
f 1194/1194/1194 1195/1195/1195 971/971/971
f 1196/1196/1196 1197/1197/1197 1198/1198/1198
f 1197/1197/1197 1196/1196/1196 1199/1199/1199
f 1198/1198/1198 1200/1200/1200 1196/1196/1196
f 1199/1199/1199 1201/1201/1201 1197/1197/1197
f 1155/1155/1155 1153/1153/1153 1202/1202/1202
f 1202/1202/1202 1203/1203/1203 1155/1155/1155
f 1204/1204/1204 1076/1076/1076 1205/1205/1205
f 1204/1204/1204 1205/1205/1205 1203/1203/1203
f 1076/1076/1076 1074/1074/1074 1205/1205/1205
f 1203/1203/1203 1202/1202/1202 1204/1204/1204
f 1200/1200/1200 1198/1198/1198 1206/1206/1206
f 1207/1207/1207 1208/1208/1208 1200/1200/1200
f 1207/1207/1207 1200/1200/1200 1206/1206/1206
f 1208/1208/1208 1209/1209/1209 1210/1210/1210
f 1026/1026/1026 1025/1025/1025 1022/1022/1022
f 1027/1027/1027 1211/1211/1211 1212/1212/1212
f 1213/1213/1213 1214/1214/1214 1215/1215/1215
f 1214/1214/1214 1213/1213/1213 1154/1154/1154
f 1215/1215/1215 1216/1216/1216 1213/1213/1213
f 1154/1154/1154 1152/1152/1152 1214/1214/1214
f 1217/1217/1217 1218/1218/1218 1219/1219/1219
f 1217/1217/1217 1220/1220/1220 1221/1221/1221
f 1218/1218/1218 1217/1217/1217 1222/1222/1222
f 1218/1218/1218 1222/1222/1222 1223/1223/1223
f 1144/1144/1144 1143/1143/1143 1224/1224/1224
f 1144/1144/1144 1224/1224/1224 1225/1225/1225
f 1224/1224/1224 1226/1226/1226 1225/1225/1225
f 991/991/991 990/990/990 1227/1227/1227
f 1070/1070/1070 1228/1228/1228 1071/1071/1071
f 1228/1228/1228 1070/1070/1070 1229/1229/1229
f 1229/1229/1229 1230/1230/1230 1228/1228/1228
f 614/614/614 1231/1231/1231 1232/1232/1232
f 1233/1233/1233 1234/1234/1234 1235/1235/1235
f 1234/1234/1234 1233/1233/1233 1236/1236/1236
f 1235/1235/1235 1237/1237/1237 1238/1238/1238
f 1236/1236/1236 1233/1233/1233 1239/1239/1239
f 1236/1236/1236 1239/1239/1239 1240/1240/1240
f 1241/1241/1241 1242/1242/1242 1243/1243/1243
f 1242/1242/1242 1241/1241/1241 1244/1244/1244
f 1243/1243/1243 1245/1245/1245 1246/1246/1246
f 1244/1244/1244 1247/1247/1247 1248/1248/1248
f 1249/1249/1249 936/936/936 1250/1250/1250
f 1250/1250/1250 936/936/936 935/935/935
f 935/935/935 933/933/933 932/932/932
f 1251/1251/1251 1252/1252/1252 1253/1253/1253
f 1252/1252/1252 1251/1251/1251 1254/1254/1254
f 1254/1254/1254 1232/1232/1232 1231/1231/1231
f 1000/1000/1000 1255/1255/1255 1256/1256/1256
f 1255/1255/1255 1000/1000/1000 999/999/999
f 1255/1255/1255 1160/1160/1160 1256/1256/1256
f 1256/1256/1256 1160/1160/1160 1159/1159/1159
f 1168/1168/1168 1167/1167/1167 1083/1083/1083
f 1083/1083/1083 1081/1081/1081 1168/1168/1168
f 1140/1140/1140 1138/1138/1138 1257/1257/1257
f 1257/1257/1257 1258/1258/1258 1140/1140/1140
f 1088/1088/1088 1087/1087/1087 1084/1084/1084
f 1212/1212/1212 1089/1089/1089 1088/1088/1088
f 1212/1212/1212 1211/1211/1211 1089/1089/1089
f 1211/1211/1211 1027/1027/1027 1026/1026/1026
f 1259/1259/1259 1181/1181/1181 1180/1180/1180
f 1259/1259/1259 1260/1260/1260 1181/1181/1181
f 1260/1260/1260 1261/1261/1261 1262/1262/1262
f 1180/1180/1180 1178/1178/1178 1177/1177/1177
f 1115/1115/1115 1113/1113/1113 1263/1263/1263
f 1263/1263/1263 1264/1264/1264 1115/1115/1115
f 1265/1265/1265 1266/1266/1266 1267/1267/1267
f 1266/1266/1266 1265/1265/1265 1175/1175/1175
f 1175/1175/1175 1173/1173/1173 1266/1266/1266
f 1116/1116/1116 1114/1114/1114 1186/1186/1186
f 1186/1186/1186 1185/1185/1185 1116/1116/1116
f 1268/1268/1268 1042/1042/1042 1269/1269/1269
f 1269/1269/1269 1042/1042/1042 1041/1041/1041
f 1041/1041/1041 1038/1038/1038 1035/1035/1035
f 1216/1216/1216 1215/1215/1215 1195/1195/1195
f 1195/1195/1195 1194/1194/1194 1216/1216/1216
f 986/986/986 985/985/985 1264/1264/1264
f 1264/1264/1264 1263/1263/1263 986/986/986
f 1230/1230/1230 1270/1270/1270 1210/1210/1210
f 1230/1230/1230 1229/1229/1229 1270/1270/1270
f 1210/1210/1210 1209/1209/1209 1230/1230/1230
f 1209/1209/1209 1208/1208/1208 1207/1207/1207
f 1271/1271/1271 1272/1272/1272 1268/1268/1268
f 1271/1271/1271 1268/1268/1268 1269/1269/1269
f 1227/1227/1227 1273/1273/1273 991/991/991
f 1227/1227/1227 1272/1272/1272 1273/1273/1273
f 1273/1273/1273 1272/1272/1272 1271/1271/1271
f 1240/1240/1240 1274/1274/1274 1275/1275/1275
f 1226/1226/1226 1276/1276/1276 1225/1225/1225
f 698/698/698 1048/1048/1048 1049/1049/1049
f 698/698/698 697/697/697 1050/1050/1050
f 1277/1277/1277 1278/1278/1278 1279/1279/1279
f 1277/1277/1277 1280/1280/1280 1281/1281/1281
f 1281/1281/1281 1280/1280/1280 1282/1282/1282
f 1282/1282/1282 1283/1283/1283 1284/1284/1284
f 895/895/895 879/879/879 878/878/878
f 896/896/896 1285/1285/1285 1286/1286/1286
f 542/542/542 540/540/540 1287/1287/1287
f 1278/1278/1278 671/671/671 1279/1279/1279
f 1278/1278/1278 1277/1277/1277 1281/1281/1281
f 1288/1288/1288 1223/1223/1223 1222/1222/1222
f 1288/1288/1288 1289/1289/1289 1223/1223/1223
f 1290/1290/1290 1291/1291/1291 1292/1292/1292
f 1291/1291/1291 1290/1290/1290 1293/1293/1293
f 1292/1292/1292 1294/1294/1294 1295/1295/1295
f 1292/1292/1292 1291/1291/1291 1294/1294/1294
f 1293/1293/1293 1284/1284/1284 1283/1283/1283
f 1284/1284/1284 1293/1293/1293 1290/1290/1290
f 1283/1283/1283 1282/1282/1282 1280/1280/1280
f 1285/1285/1285 896/896/896 895/895/895
f 1296/1296/1296 1297/1297/1297 1298/1298/1298
f 1299/1299/1299 1298/1298/1298 1297/1297/1297
f 1299/1299/1299 1300/1300/1300 1298/1298/1298
f 786/786/786 784/784/784 1301/1301/1301
f 786/786/786 1301/1301/1301 951/951/951
f 1301/1301/1301 952/952/952 951/951/951
f 1302/1302/1302 1184/1184/1184 1183/1183/1183
f 1184/1184/1184 1302/1302/1302 1303/1303/1303
f 1183/1183/1183 1182/1182/1182 1179/1179/1179
f 1303/1303/1303 625/625/625 1304/1304/1304
f 1258/1258/1258 1257/1257/1257 1300/1300/1300
f 1300/1300/1300 1299/1299/1299 1258/1258/1258
f 1039/1039/1039 1037/1037/1037 1036/1036/1036
f 1040/1040/1040 1039/1039/1039 1305/1305/1305
f 631/631/631 630/630/630 1169/1169/1169
f 631/631/631 1169/1169/1169 1170/1170/1170
f 950/950/950 949/949/949 877/877/877
f 877/877/877 875/875/875 950/950/950
f 1043/1043/1043 620/620/620 1306/1306/1306
f 1043/1043/1043 1031/1031/1031 1033/1033/1033
f 625/625/625 1303/1303/1303 1302/1302/1302
f 625/625/625 624/624/624 1304/1304/1304
f 1305/1305/1305 1307/1307/1307 1040/1040/1040
f 1289/1289/1289 1288/1288/1288 1308/1308/1308
f 1309/1309/1309 1221/1221/1221 1220/1220/1220
f 1309/1309/1309 1220/1220/1220 1310/1310/1310
f 1309/1309/1309 1310/1310/1310 1188/1188/1188
f 1220/1220/1220 1217/1217/1217 1219/1219/1219
f 459/459/459 653/653/653 460/460/460
f 459/459/459 457/457/457 456/456/456
f 746/746/746 744/744/744 1311/1311/1311
f 841/841/841 629/629/629 626/626/626
f 841/841/841 840/840/840 629/629/629
f 694/694/694 616/616/616 615/615/615
f 695/695/695 1004/1004/1004 1001/1001/1001
f 1312/1312/1312 890/890/890 1093/1093/1093
f 1312/1312/1312 1093/1093/1093 1019/1019/1019
f 1019/1019/1019 1017/1017/1017 1312/1312/1312
f 482/482/482 481/481/481 1276/1276/1276
f 1276/1276/1276 1226/1226/1226 482/482/482
f 1232/1232/1232 1254/1254/1254 1251/1251/1251
f 1231/1231/1231 614/614/614 612/612/612
f 984/984/984 983/983/983 514/514/514
f 984/984/984 514/514/514 511/511/511
f 1313/1313/1313 1314/1314/1314 1176/1176/1176
f 1314/1314/1314 1313/1313/1313 1315/1315/1315
f 1314/1314/1314 1316/1316/1316 1317/1317/1317
f 1176/1176/1176 1174/1174/1174 1313/1313/1313
f 1316/1316/1316 1253/1253/1253 1252/1252/1252
f 1316/1316/1316 1314/1314/1314 1315/1315/1315
f 1316/1316/1316 1252/1252/1252 1317/1317/1317
f 671/671/671 670/670/670 1279/1279/1279
f 670/670/670 669/669/669 564/564/564
f 1193/1193/1193 1192/1192/1192 1318/1318/1318
f 1318/1318/1318 1319/1319/1319 1193/1193/1193
f 1319/1319/1319 1318/1318/1318 1320/1320/1320
f 1319/1319/1319 1320/1320/1320 1267/1267/1267
f 1320/1320/1320 1265/1265/1265 1267/1267/1267
f 1054/1054/1054 1053/1053/1053 1321/1321/1321
f 1321/1321/1321 1322/1322/1322 1054/1054/1054
f 1323/1323/1323 1324/1324/1324 1325/1325/1325
f 1324/1324/1324 1323/1323/1323 1326/1326/1326
f 1325/1325/1325 1262/1262/1262 1261/1261/1261
f 1326/1326/1326 1327/1327/1327 1328/1328/1328
f 1261/1261/1261 1260/1260/1260 1259/1259/1259
f 1262/1262/1262 1325/1325/1325 1324/1324/1324
f 1327/1327/1327 1326/1326/1326 1323/1323/1323
f 1328/1328/1328 1329/1329/1329 1330/1330/1330
f 1329/1329/1329 1328/1328/1328 1327/1327/1327
f 1329/1329/1329 1331/1331/1331 1330/1330/1330
f 929/929/929 1249/1249/1249 930/930/930
f 930/930/930 1249/1249/1249 1250/1250/1250
f 1332/1332/1332 1333/1333/1333 1334/1334/1334
f 1333/1333/1333 1332/1332/1332 1335/1335/1335
f 1333/1333/1333 1331/1331/1331 1336/1336/1336
f 1334/1334/1334 1337/1337/1337 1332/1332/1332
f 1336/1336/1336 1331/1331/1331 1329/1329/1329
f 1331/1331/1331 1333/1333/1333 1335/1335/1335
f 1337/1337/1337 1334/1334/1334 1338/1338/1338
f 1338/1338/1338 1339/1339/1339 1337/1337/1337
f 1340/1340/1340 1009/1009/1009 1011/1011/1011
f 1340/1340/1340 1341/1341/1341 1009/1009/1009
f 1341/1341/1341 1342/1342/1342 1343/1343/1343
f 1344/1344/1344 1345/1345/1345 1346/1346/1346
f 1345/1345/1345 1344/1344/1344 943/943/943
f 1346/1346/1346 1347/1347/1347 1344/1344/1344
f 943/943/943 942/942/942 1345/1345/1345
f 1245/1245/1245 1243/1243/1243 1242/1242/1242
f 1246/1246/1246 1348/1348/1348 1349/1349/1349
f 1095/1095/1095 1350/1350/1350 1351/1351/1351
f 1095/1095/1095 1351/1351/1351 1096/1096/1096
f 1350/1350/1350 939/939/939 941/941/941
f 1350/1350/1350 941/941/941 1351/1351/1351
f 1166/1166/1166 1164/1164/1164 1352/1352/1352
f 1352/1352/1352 1348/1348/1348 1166/1166/1166
f 1348/1348/1348 1246/1246/1246 1245/1245/1245
f 1348/1348/1348 1352/1352/1352 1349/1349/1349
f 1091/1091/1091 1090/1090/1090 969/969/969
f 1091/1091/1091 969/969/969 968/968/968
f 980/980/980 978/978/978 1353/1353/1353
f 1353/1353/1353 1354/1354/1354 980/980/980
f 1355/1355/1355 1129/1129/1129 1356/1356/1356
f 1129/1129/1129 1355/1355/1355 1357/1357/1357
f 1129/1129/1129 1128/1128/1128 1356/1356/1356
f 1357/1357/1357 1358/1358/1358 1359/1359/1359
f 1360/1360/1360 1361/1361/1361 981/981/981
f 1361/1361/1361 1360/1360/1360 1165/1165/1165
f 981/981/981 979/979/979 1360/1360/1360
f 1165/1165/1165 1163/1163/1163 1361/1361/1361
f 1358/1358/1358 1357/1357/1357 1355/1355/1355
f 1358/1358/1358 1006/1006/1006 1359/1359/1359
f 1188/1188/1188 1310/1310/1310 1189/1189/1189
f 876/876/876 874/874/874 1322/1322/1322
f 1322/1322/1322 1321/1321/1321 876/876/876
f 1342/1342/1342 1341/1341/1341 1340/1340/1340
f 1275/1275/1275 1274/1274/1274 1343/1343/1343
f 1275/1275/1275 1343/1343/1343 1342/1342/1342
f 1274/1274/1274 1240/1240/1240 1239/1239/1239
f 1247/1247/1247 1244/1244/1244 1241/1241/1241
f 1248/1248/1248 1238/1238/1238 1237/1237/1237
f 1237/1237/1237 1235/1235/1235 1234/1234/1234
f 1238/1238/1238 1248/1248/1248 1247/1247/1247
f 1339/1339/1339 1338/1338/1338 1347/1347/1347
f 1347/1347/1347 1346/1346/1346 1339/1339/1339
f 1354/1354/1354 1353/1353/1353 1201/1201/1201
f 1201/1201/1201 1199/1199/1199 1354/1354/1354
f 1005/1005/1005 1003/1003/1003 1002/1002/1002
f 1006/1006/1006 1005/1005/1005 1359/1359/1359
f 1147/1147/1147 1146/1146/1146 1024/1024/1024
f 1024/1024/1024 1023/1023/1023 1147/1147/1147
f 852/852/852 767/767/767 766/766/766
f 853/853/853 804/804/804 803/803/803
f 719/719/719 1118/1118/1118 1122/1122/1122
f 1118/1118/1118 719/719/719 718/718/718
f 718/718/718 716/716/716 715/715/715
f 740/740/740 739/739/739 554/554/554
f 554/554/554 553/553/553 740/740/740
f 684/684/684 1362/1362/1362 559/559/559
f 1362/1362/1362 1363/1363/1363 1364/1364/1364
f 1031/1031/1031 1043/1043/1043 1306/1306/1306
f 1363/1363/1363 1362/1362/1362 684/684/684
f 1364/1364/1364 843/843/843 842/842/842
f 1365/1365/1365 1366/1366/1366 1367/1367/1367
f 1366/1366/1366 1365/1365/1365 1368/1368/1368
f 1367/1367/1367 1369/1369/1369 1370/1370/1370
f 1367/1367/1367 1366/1366/1366 1369/1369/1369
f 1371/1371/1371 1368/1368/1368 1365/1365/1365
f 1371/1371/1371 1372/1372/1372 1368/1368/1368
f 1371/1371/1371 1373/1373/1373 1372/1372/1372
f 1371/1371/1371 904/904/904 1373/1373/1373
f 904/904/904 903/903/903 1373/1373/1373
f 821/821/821 826/826/826 822/822/822
f 821/821/821 818/818/818 815/815/815
f 1370/1370/1370 1374/1374/1374 1375/1375/1375
f 1374/1374/1374 492/492/492 1375/1375/1375
f 1374/1374/1374 1370/1370/1370 1369/1369/1369
f 1375/1375/1375 492/492/492 491/491/491
f 491/491/491 489/489/489 488/488/488
f 1123/1123/1123 1120/1120/1120 738/738/738
f 738/738/738 736/736/736 1123/1123/1123
f 571/571/571 570/570/570 664/664/664
f 664/664/664 662/662/662 571/571/571
f 843/843/843 1364/1364/1364 1363/1363/1363
f 842/842/842 839/839/839 836/836/836
f 791/791/791 789/789/789 827/827/827
f 827/827/827 825/825/825 791/791/791
f 1376/1376/1376 1377/1377/1377 1378/1378/1378
f 1377/1377/1377 1376/1376/1376 1379/1379/1379
f 1380/1380/1380 1381/1381/1381 1382/1382/1382
f 1381/1381/1381 1380/1380/1380 1383/1383/1383
f 1384/1384/1384 1385/1385/1385 1386/1386/1386
f 1384/1384/1384 1387/1387/1387 1388/1388/1388
f 1385/1385/1385 1384/1384/1384 1388/1388/1388
f 1386/1386/1386 1385/1385/1385 1389/1389/1389
f 1390/1390/1390 1391/1391/1391 1392/1392/1392
f 1391/1391/1391 1390/1390/1390 1393/1393/1393
f 1392/1392/1392 1391/1391/1391 1394/1394/1394
f 1393/1393/1393 1395/1395/1395 1396/1396/1396
f 1397/1397/1397 1398/1398/1398 1399/1399/1399
f 1397/1397/1397 1400/1400/1400 1401/1401/1401
f 1397/1397/1397 1399/1399/1399 1402/1402/1402
f 1402/1402/1402 1399/1399/1399 1403/1403/1403
f 1402/1402/1402 1404/1404/1404 1397/1397/1397
f 1405/1405/1405 1406/1406/1406 1407/1407/1407
f 1405/1405/1405 1408/1408/1408 1409/1409/1409
f 1406/1406/1406 1405/1405/1405 1409/1409/1409
f 1410/1410/1410 1411/1411/1411 1412/1412/1412
f 1410/1410/1410 1412/1412/1412 1413/1413/1413
f 1411/1411/1411 1414/1414/1414 1412/1412/1412
f 1415/1415/1415 1416/1416/1416 1417/1417/1417
f 1415/1415/1415 1418/1418/1418 1416/1416/1416
f 1415/1415/1415 1419/1419/1419 1420/1420/1420
f 1416/1416/1416 1421/1421/1421 1417/1417/1417
f 1394/1394/1394 1391/1391/1391 1422/1422/1422
f 1394/1394/1394 1422/1422/1422 1423/1423/1423
f 1423/1423/1423 1422/1422/1422 1424/1424/1424
f 1423/1423/1423 1424/1424/1424 1425/1425/1425
f 1413/1413/1413 1426/1426/1426 1427/1427/1427
f 1427/1427/1427 1410/1410/1410 1413/1413/1413
f 1428/1428/1428 1427/1427/1427 1426/1426/1426
f 1428/1428/1428 1429/1429/1429 1430/1430/1430
f 1431/1431/1431 1432/1432/1432 1433/1433/1433
f 1431/1431/1431 1433/1433/1433 1434/1434/1434
f 1434/1434/1434 1435/1435/1435 1436/1436/1436
f 1434/1434/1434 1433/1433/1433 1435/1435/1435
f 1437/1437/1437 1438/1438/1438 1439/1439/1439
f 1437/1437/1437 1440/1440/1440 1441/1441/1441
f 1440/1440/1440 1437/1437/1437 1439/1439/1439
f 1441/1441/1441 1432/1432/1432 1442/1442/1442
f 1443/1443/1443 1444/1444/1444 1445/1445/1445
f 1445/1445/1445 1446/1446/1446 1447/1447/1447
f 1445/1445/1445 1448/1448/1448 1449/1449/1449
f 1445/1445/1445 1450/1450/1450 1443/1443/1443
f 1446/1446/1446 1445/1445/1445 1449/1449/1449
f 1403/1403/1403 1451/1451/1451 1452/1452/1452
f 1451/1451/1451 1453/1453/1453 1454/1454/1454
f 1452/1452/1452 1455/1455/1455 1403/1403/1403
f 1456/1456/1456 1445/1445/1445 1447/1447/1447
f 1456/1456/1456 1457/1457/1457 1445/1445/1445
f 1457/1457/1457 1458/1458/1458 1445/1445/1445
f 1458/1458/1458 1450/1450/1450 1445/1445/1445
f 1450/1450/1450 1459/1459/1459 1460/1460/1460
f 1450/1450/1450 1460/1460/1460 1461/1461/1461
f 1450/1450/1450 1461/1461/1461 1462/1462/1462
f 1450/1450/1450 1463/1463/1463 1443/1443/1443
f 1450/1450/1450 1462/1462/1462 1464/1464/1464
f 1459/1459/1459 1465/1465/1465 1460/1460/1460
f 1459/1459/1459 1466/1466/1466 1467/1467/1467
f 1459/1459/1459 1468/1468/1468 1466/1466/1466
f 1468/1468/1468 1469/1469/1469 1466/1466/1466
f 1466/1466/1466 1454/1454/1454 1470/1470/1470
f 1466/1466/1466 1452/1452/1452 1451/1451/1451
f 1469/1469/1469 1452/1452/1452 1466/1466/1466
f 1400/1400/1400 1471/1471/1471 1472/1472/1472
f 1400/1400/1400 1472/1472/1472 1401/1401/1401
f 1471/1471/1471 1473/1473/1473 1472/1472/1472
f 1472/1472/1472 1474/1474/1474 1401/1401/1401
f 1472/1472/1472 1475/1475/1475 1476/1476/1476
f 1473/1473/1473 1475/1475/1475 1472/1472/1472
f 1475/1475/1475 1456/1456/1456 1476/1476/1476
f 1455/1455/1455 1477/1477/1477 1402/1402/1402
f 1455/1455/1455 1402/1402/1402 1403/1403/1403
f 1477/1477/1477 1478/1478/1478 1402/1402/1402
f 1478/1478/1478 1404/1404/1404 1402/1402/1402
f 1404/1404/1404 1400/1400/1400 1397/1397/1397
f 1449/1449/1449 1479/1479/1479 1446/1446/1446
f 1479/1479/1479 1480/1480/1480 1446/1446/1446
f 1480/1480/1480 1447/1447/1447 1446/1446/1446
f 1453/1453/1453 1481/1481/1481 1454/1454/1454
f 1454/1454/1454 1466/1466/1466 1451/1451/1451
f 1481/1481/1481 1482/1482/1482 1454/1454/1454
f 1482/1482/1482 1483/1483/1483 1484/1484/1484
f 1482/1482/1482 1484/1484/1484 1485/1485/1485
f 1482/1482/1482 1485/1485/1485 1486/1486/1486
f 1482/1482/1482 1487/1487/1487 1488/1488/1488
f 1482/1482/1482 1486/1486/1486 1487/1487/1487
f 1398/1398/1398 1489/1489/1489 1399/1399/1399
f 1489/1489/1489 1403/1403/1403 1399/1399/1399
f 1476/1476/1476 1456/1456/1456 1447/1447/1447
f 1476/1476/1476 1490/1490/1490 1474/1474/1474
f 1490/1490/1490 1491/1491/1491 1474/1474/1474
f 1474/1474/1474 1472/1472/1472 1476/1476/1476
f 1491/1491/1491 1401/1401/1401 1474/1474/1474
f 1492/1492/1492 1493/1493/1493 1494/1494/1494
f 1493/1493/1493 1495/1495/1495 1496/1496/1496
f 1494/1494/1494 1493/1493/1493 1497/1497/1497
f 1495/1495/1495 1493/1493/1493 1492/1492/1492
f 1470/1470/1470 1454/1454/1454 1482/1482/1482
f 1470/1470/1470 1482/1482/1482 1488/1488/1488
f 1470/1470/1470 1498/1498/1498 1466/1466/1466
f 1499/1499/1499 1500/1500/1500 1501/1501/1501
f 1500/1500/1500 1499/1499/1499 1502/1502/1502
f 1502/1502/1502 1503/1503/1503 1504/1504/1504
f 1505/1505/1505 1506/1506/1506 1507/1507/1507
f 1507/1507/1507 1508/1508/1508 1509/1509/1509
f 1507/1507/1507 1506/1506/1506 1508/1508/1508
f 1509/1509/1509 1508/1508/1508 1510/1510/1510
f 1511/1511/1511 1512/1512/1512 1513/1513/1513
f 1511/1511/1511 1509/1509/1509 1510/1510/1510
f 1511/1511/1511 1510/1510/1510 1512/1512/1512
f 1514/1514/1514 1515/1515/1515 1516/1516/1516
f 1515/1515/1515 1514/1514/1514 1517/1517/1517
f 1517/1517/1517 1494/1494/1494 1497/1497/1497
f 1517/1517/1517 1497/1497/1497 1515/1515/1515
f 1442/1442/1442 1432/1432/1432 1431/1431/1431
f 1432/1432/1432 1441/1441/1441 1440/1440/1440
f 1518/1518/1518 1519/1519/1519 1520/1520/1520
f 1519/1519/1519 1518/1518/1518 1521/1521/1521
f 1520/1520/1520 1519/1519/1519 1522/1522/1522
f 1521/1521/1521 1518/1518/1518 1523/1523/1523
f 1513/1513/1513 1512/1512/1512 1524/1524/1524
f 1525/1525/1525 1526/1526/1526 1527/1527/1527
f 1525/1525/1525 1527/1527/1527 1528/1528/1528
f 1528/1528/1528 1527/1527/1527 1408/1408/1408
f 1528/1528/1528 1408/1408/1408 1405/1405/1405
f 1529/1529/1529 1530/1530/1530 1503/1503/1503
f 1529/1529/1529 1531/1531/1531 1530/1530/1530
f 1503/1503/1503 1530/1530/1530 1504/1504/1504
f 1503/1503/1503 1502/1502/1502 1499/1499/1499
f 1532/1532/1532 1533/1533/1533 1534/1534/1534
f 1532/1532/1532 1534/1534/1534 1535/1535/1535
f 1532/1532/1532 1536/1536/1536 1537/1537/1537
f 1536/1536/1536 1532/1532/1532 1535/1535/1535
f 1419/1419/1419 1538/1538/1538 1420/1420/1420
f 1419/1419/1419 1415/1415/1415 1417/1417/1417
f 1419/1419/1419 1539/1539/1539 1538/1538/1538
f 1526/1526/1526 1525/1525/1525 1540/1540/1540
f 1540/1540/1540 1541/1541/1541 1526/1526/1526
f 1522/1522/1522 1542/1542/1542 1543/1543/1543
f 1522/1522/1522 1519/1519/1519 1542/1542/1542
f 1543/1543/1543 1542/1542/1542 1544/1544/1544
f 1543/1543/1543 1544/1544/1544 1545/1545/1545
f 1546/1546/1546 1547/1547/1547 1548/1548/1548
f 1546/1546/1546 1549/1549/1549 1550/1550/1550
f 1546/1546/1546 1550/1550/1550 1551/1551/1551
f 1549/1549/1549 1406/1406/1406 1550/1550/1550
f 1549/1549/1549 1407/1407/1407 1406/1406/1406
f 1552/1552/1552 1536/1536/1536 1541/1541/1541
f 1552/1552/1552 1537/1537/1537 1536/1536/1536
f 1541/1541/1541 1540/1540/1540 1552/1552/1552
f 1545/1545/1545 1553/1553/1553 1554/1554/1554
f 1545/1545/1545 1544/1544/1544 1555/1555/1555
f 1553/1553/1553 1545/1545/1545 1555/1555/1555
f 1554/1554/1554 1438/1438/1438 1556/1556/1556
f 1557/1557/1557 1523/1523/1523 1558/1558/1558
f 1523/1523/1523 1557/1557/1557 1559/1559/1559
f 1523/1523/1523 1559/1559/1559 1521/1521/1521
f 1558/1558/1558 1560/1560/1560 1557/1557/1557
f 1387/1387/1387 1384/1384/1384 1561/1561/1561
f 1387/1387/1387 1548/1548/1548 1547/1547/1547
f 1562/1562/1562 1563/1563/1563 1564/1564/1564
f 1562/1562/1562 1565/1565/1565 1566/1566/1566
f 1562/1562/1562 1567/1567/1567 1563/1563/1563
f 1567/1567/1567 1568/1568/1568 1569/1569/1569
f 1568/1568/1568 1570/1570/1570 1569/1569/1569
f 1568/1568/1568 1567/1567/1567 1562/1562/1562
f 1438/1438/1438 1554/1554/1554 1553/1553/1553
f 1556/1556/1556 1438/1438/1438 1437/1437/1437
f 1571/1571/1571 1572/1572/1572 1573/1573/1573
f 1572/1572/1572 1571/1571/1571 1574/1574/1574
f 1573/1573/1573 1572/1572/1572 1575/1575/1575
f 1574/1574/1574 1425/1425/1425 1576/1576/1576
f 1436/1436/1436 1577/1577/1577 1395/1395/1395
f 1436/1436/1436 1435/1435/1435 1577/1577/1577
f 1389/1389/1389 1385/1385/1385 1578/1578/1578
f 1578/1578/1578 1533/1533/1533 1389/1389/1389
f 1498/1498/1498 1467/1467/1467 1466/1466/1466
f 1579/1579/1579 1580/1580/1580 1581/1581/1581
f 1580/1580/1580 1582/1582/1582 1581/1581/1581
f 1581/1581/1581 1562/1562/1562 1564/1564/1564
f 1581/1581/1581 1583/1583/1583 1579/1579/1579
f 1533/1533/1533 1578/1578/1578 1534/1534/1534
f 1425/1425/1425 1574/1574/1574 1571/1571/1571
f 1425/1425/1425 1424/1424/1424 1576/1576/1576
f 1531/1531/1531 1529/1529/1529 1584/1584/1584
f 1395/1395/1395 1577/1577/1577 1396/1396/1396
f 1395/1395/1395 1393/1393/1393 1390/1390/1390
f 1547/1547/1547 1546/1546/1546 1551/1551/1551
f 1548/1548/1548 1387/1387/1387 1561/1561/1561
f 1575/1575/1575 1560/1560/1560 1558/1558/1558
f 1575/1575/1575 1572/1572/1572 1560/1560/1560
f 1429/1429/1429 1428/1428/1428 1426/1426/1426
f 1421/1421/1421 1585/1585/1585 1417/1417/1417
f 1585/1585/1585 1586/1586/1586 1417/1417/1417
f 1539/1539/1539 1587/1587/1587 1538/1538/1538
f 1538/1538/1538 1588/1588/1588 1420/1420/1420
f 1588/1588/1588 1589/1589/1589 1420/1420/1420
f 1589/1589/1589 1590/1590/1590 1420/1420/1420
f 1418/1418/1418 1591/1591/1591 1416/1416/1416
f 1582/1582/1582 1592/1592/1592 1593/1593/1593
f 1582/1582/1582 1580/1580/1580 1594/1594/1594
f 1582/1582/1582 1595/1595/1595 1596/1596/1596
f 1594/1594/1594 1597/1597/1597 1582/1582/1582
f 1465/1465/1465 1459/1459/1459 1598/1598/1598
f 1463/1463/1463 1450/1450/1450 1464/1464/1464
f 1483/1483/1483 1482/1482/1482 1449/1449/1449
f 1599/1599/1599 1483/1483/1483 1449/1449/1449
f 1600/1600/1600 1599/1599/1599 1449/1449/1449
f 1601/1601/1601 1600/1600/1600 1449/1449/1449
f 1448/1448/1448 1445/1445/1445 1444/1444/1444
f 1448/1448/1448 1601/1601/1601 1449/1449/1449
f 1602/1602/1602 1596/1596/1596 1603/1603/1603
f 1602/1602/1602 1604/1604/1604 1605/1605/1605
f 1602/1602/1602 1582/1582/1582 1596/1596/1596
f 1602/1602/1602 1603/1603/1603 1606/1606/1606
f 1602/1602/1602 1606/1606/1606 1607/1607/1607
f 1602/1602/1602 1607/1607/1607 1608/1608/1608
f 1602/1602/1602 1608/1608/1608 1609/1609/1609
f 1610/1610/1610 1611/1611/1611 1602/1602/1602
f 1569/1569/1569 1605/1605/1605 1612/1612/1612
f 1569/1569/1569 1612/1612/1612 1567/1567/1567
f 1605/1605/1605 1613/1613/1613 1614/1614/1614
f 1605/1605/1605 1610/1610/1610 1602/1602/1602
f 1613/1613/1613 1605/1605/1605 1604/1604/1604
f 1604/1604/1604 1602/1602/1602 1609/1609/1609
f 1615/1615/1615 1616/1616/1616 1569/1569/1569
f 1570/1570/1570 1615/1615/1615 1569/1569/1569
f 1617/1617/1617 1612/1612/1612 1605/1605/1605
f 1614/1614/1614 1617/1617/1617 1605/1605/1605
f 1598/1598/1598 1459/1459/1459 1618/1618/1618
f 1618/1618/1618 1459/1459/1459 1619/1619/1619
f 1619/1619/1619 1459/1459/1459 1467/1467/1467
f 1566/1566/1566 1568/1568/1568 1562/1562/1562
f 1593/1593/1593 1581/1581/1581 1582/1582/1582
f 1564/1564/1564 1620/1620/1620 1581/1581/1581
f 1583/1583/1583 1581/1581/1581 1620/1620/1620
f 1621/1621/1621 1595/1595/1595 1582/1582/1582
f 1622/1622/1622 1621/1621/1621 1582/1582/1582
f 1623/1623/1623 1622/1622/1622 1582/1582/1582
f 1597/1597/1597 1623/1623/1623 1582/1582/1582
