mtllib purse.mtl
o purse
v 0.239073 0.239827 -0.110151
v 0.302343 0.259355 -0.092939
v 0.343362 0.250484 -0.091551
v 0.237778 0.249078 -0.108550
v 0.239073 0.239827 -0.110151
v 0.343362 0.250484 -0.091551
v 0.302343 0.243330 -0.091303
v 0.237778 0.237529 -0.104188
v 0.343362 0.250484 -0.091551
v 0.328195 0.254184 -0.058438
v 0.302343 0.243330 -0.091303
v 0.372721 0.261462 -0.055127
v 0.343362 0.250484 -0.091551
v 0.328195 0.271023 -0.052100
v 0.372721 0.261462 -0.055127
v 0.302343 0.259355 -0.092939
v 0.125369 0.249296 -0.117359
v 0.011409 0.266316 -0.096058
v 0.179287 0.264600 -0.094919
v 0.008565 0.254812 -0.112765
v 0.179287 0.264600 -0.094919
v 0.302343 0.259355 -0.092939
v 0.237778 0.249078 -0.108550
v 0.125369 0.249296 -0.117359
v 0.302343 0.259355 -0.092939
v 0.194616 0.277253 -0.051471
v 0.328195 0.271023 -0.052100
v 0.179287 0.264600 -0.094919
v 0.179287 0.264600 -0.094919
v 0.012384 0.279536 -0.051756
v 0.194616 0.277253 -0.051471
v 0.011409 0.266316 -0.096058
v -0.298540 0.259355 -0.092939
v -0.164075 0.264600 -0.094919
v -0.232094 0.249078 -0.108550
v -0.112581 0.249297 -0.117359
v 0.011409 0.266316 -0.096058
v -0.112581 0.249297 -0.117359
v -0.164075 0.264600 -0.094919
v 0.008565 0.254812 -0.112765
v 0.011409 0.266316 -0.096058
v -0.164075 0.264600 -0.094919
v 0.012384 0.279536 -0.051756
v -0.178104 0.277253 -0.051471
v -0.178104 0.277253 -0.051471
v -0.298540 0.259355 -0.092939
v -0.324066 0.271023 -0.052100
v -0.164075 0.264600 -0.094919
v -0.298540 0.243330 -0.091303
v -0.236826 0.239827 -0.110151
v -0.232094 0.237529 -0.104188
v -0.343362 0.250484 -0.091551
v -0.298540 0.259355 -0.092939
v -0.236826 0.239827 -0.110151
v -0.343362 0.250484 -0.091551
v -0.232094 0.249078 -0.108550
v -0.343362 0.250484 -0.091551
v -0.372720 0.261462 -0.055127
v -0.324066 0.271023 -0.052100
v -0.298540 0.259355 -0.092939
v -0.343362 0.250484 -0.091551
v -0.298540 0.243330 -0.091303
v -0.324066 0.254184 -0.058438
v -0.372720 0.261462 -0.055127
v 0.302343 0.243330 -0.091303
v 0.179287 0.243234 -0.092738
v 0.237778 0.237529 -0.104188
v 0.125369 0.233996 -0.108636
v 0.179287 0.243234 -0.092738
v 0.011409 0.244950 -0.093877
v 0.125369 0.233996 -0.108636
v 0.008565 0.236463 -0.104527
v 0.179287 0.243234 -0.092738
v 0.012384 0.257085 -0.060205
v 0.011409 0.244950 -0.093877
v 0.194616 0.254802 -0.059921
v 0.302343 0.243330 -0.091303
v 0.194616 0.254802 -0.059921
v 0.179287 0.243234 -0.092738
v 0.328195 0.254184 -0.058438
v 0.125369 0.249296 -0.117359
v 0.004493 0.237129 -0.118375
v 0.008565 0.254812 -0.112765
v -0.112581 0.249297 -0.117359
v -0.112581 0.249297 -0.117359
v -0.236826 0.239827 -0.110151
v -0.232094 0.249078 -0.108550
v 0.004493 0.237129 -0.118375
v -0.112581 0.233996 -0.108636
v -0.232094 0.237529 -0.104188
v -0.236826 0.239827 -0.110151
v 0.004493 0.237129 -0.118375
v 0.004493 0.237129 -0.118375
v 0.125369 0.233996 -0.108636
v 0.008565 0.236463 -0.104527
v -0.112581 0.233996 -0.108636
v 0.125369 0.233996 -0.108636
v 0.239073 0.239827 -0.110151
v 0.237778 0.237529 -0.104188
v 0.004493 0.237129 -0.118375
v 0.125369 0.249296 -0.117359
v 0.237778 0.249078 -0.108550
v 0.239073 0.239827 -0.110151
v 0.004493 0.237129 -0.118375
v 0.011409 0.244950 -0.093877
v -0.164075 0.243234 -0.092738
v -0.112581 0.233996 -0.108636
v 0.008565 0.236463 -0.104527
v -0.164075 0.243234 -0.092738
v -0.298540 0.243330 -0.091303
v -0.232094 0.237529 -0.104188
v -0.112581 0.233996 -0.108636
v -0.178104 0.254802 -0.059921
v -0.298540 0.243330 -0.091303
v -0.164075 0.243234 -0.092738
v -0.324066 0.254184 -0.058438
v 0.012384 0.257085 -0.060205
v -0.178104 0.254802 -0.059921
v -0.164075 0.243234 -0.092738
v 0.011409 0.244950 -0.093877
v 0.157523 0.256085 -0.124002
v 0.301490 0.188428 -0.144677
v 0.003389 0.201959 -0.169884
v 0.292709 0.236038 -0.109267
v 0.003389 0.201959 -0.169884
v -0.143119 0.256085 -0.124002
v 0.009791 0.266108 -0.100078
v 0.157523 0.256085 -0.124002
v -0.143119 0.256085 -0.124002
v -0.299795 0.188428 -0.144677
v -0.286307 0.236038 -0.109267
v 0.003389 0.201959 -0.169884
v -0.299795 0.188428 -0.144677
v 0.000847 0.102086 -0.201680
v -0.300296 0.098704 -0.169144
v 0.003389 0.201959 -0.169884
v 0.000847 0.102086 -0.201680
v 0.301490 0.188428 -0.144677
v 0.300720 0.098704 -0.169144
v 0.003389 0.201959 -0.169884
v 0.300103 0.018970 -0.181350
v 0.000847 0.102086 -0.201680
v 0.300720 0.098704 -0.169144
v 0.000000 0.018970 -0.217678
v -0.300296 0.098704 -0.169144
v 0.000847 0.102086 -0.201680
v 0.000000 0.018970 -0.217678
v -0.300103 0.018970 -0.181350
v -0.300103 0.018970 -0.181350
v 0.000000 0.018970 -0.217678
v -0.299487 -0.067282 -0.178256
v 0.000847 -0.071597 -0.213829
v 0.000000 0.018970 -0.217678
v 0.299911 -0.067282 -0.178256
v 0.000847 -0.071597 -0.213829
v 0.300103 0.018970 -0.181350
v 0.156984 -0.262845 -0.136151
v 0.300411 -0.176563 -0.156826
v 0.291670 -0.237280 -0.118266
v 0.003389 -0.193819 -0.186082
v 0.300411 -0.176563 -0.156826
v 0.000847 -0.071597 -0.213829
v 0.299911 -0.067282 -0.178256
v 0.003389 -0.193819 -0.186082
v -0.298717 -0.176563 -0.156825
v 0.000847 -0.071597 -0.213829
v 0.003389 -0.193819 -0.186082
v -0.299487 -0.067282 -0.178256
v -0.298717 -0.176563 -0.156825
v -0.142580 -0.262845 -0.136151
v -0.285268 -0.237280 -0.118266
v 0.003389 -0.193819 -0.186082
v 0.003389 -0.193819 -0.186082
v 0.156984 -0.262845 -0.136151
v 0.009791 -0.275627 -0.109077
v -0.142580 -0.262845 -0.136151
v -0.324316 0.255017 0.127721
v -0.373067 0.245227 0.123224
v -0.319459 0.217472 0.159455
v -0.367517 0.208948 0.154958
v -0.367517 0.208948 0.154958
v -0.324316 0.237908 0.118726
v -0.319459 0.200362 0.150460
v -0.373067 0.245227 0.123224
v -0.373067 0.245227 0.123224
v -0.380147 0.260148 0.072905
v -0.330510 0.252829 0.068408
v -0.324316 0.237908 0.118726
v -0.330510 0.269938 0.077403
v -0.373067 0.245227 0.123224
v -0.324316 0.255017 0.127721
v -0.380147 0.260148 0.072905
v 0.325645 0.144624 0.170033
v 0.367517 0.208948 0.154958
v 0.323696 0.217472 0.159455
v 0.369745 0.139899 0.165536
v 0.323696 0.200362 0.150460
v 0.369745 0.139899 0.165536
v 0.325645 0.127514 0.161038
v 0.367517 0.208948 0.154958
v 0.325645 0.127514 0.161038
v 0.329468 0.066928 0.165536
v 0.293724 0.072536 0.162204
v 0.369745 0.139899 0.165536
v 0.329468 0.066928 0.165536
v 0.325645 0.144624 0.170033
v 0.293724 0.085210 0.168867
v 0.369745 0.139899 0.165536
v 0.372721 0.261462 -0.055127
v 0.336812 0.274912 0.011071
v 0.382507 0.265121 0.006574
v 0.328195 0.271023 -0.052100
v 0.372721 0.261462 -0.055127
v 0.336812 0.257802 0.002076
v 0.328195 0.254184 -0.058438
v 0.382507 0.265121 0.006574
v 0.382507 0.265121 0.006574
v 0.334747 0.252829 0.068408
v 0.336812 0.257802 0.002076
v 0.380147 0.260148 0.072905
v 0.380147 0.260148 0.072905
v 0.336812 0.274912 0.011071
v 0.334747 0.269938 0.077403
v 0.382507 0.265121 0.006574
v 0.012709 0.038605 0.170033
v -0.179458 0.018884 0.165536
v 0.012709 0.001094 0.165536
v -0.178693 0.053863 0.170033
v -0.179458 0.018884 0.165536
v 0.012709 0.021496 0.161038
v 0.012709 0.001094 0.165536
v -0.178693 0.036753 0.161038
v -0.179458 0.018884 0.165536
v -0.325232 0.066928 0.165536
v -0.286192 0.072536 0.162204
v -0.178693 0.036753 0.161038
v -0.325232 0.066928 0.165536
v -0.179458 0.018884 0.165536
v -0.286192 0.085210 0.168867
v -0.178693 0.053863 0.170033
v -0.321409 0.144624 0.170033
v -0.325232 0.066928 0.165536
v -0.286192 0.085210 0.168867
v -0.369745 0.139899 0.165536
v -0.325232 0.066928 0.165536
v -0.321409 0.127514 0.161038
v -0.286192 0.072536 0.162204
v -0.369745 0.139899 0.165536
v -0.369745 0.139899 0.165536
v -0.319459 0.200362 0.150460
v -0.321409 0.127514 0.161038
v -0.367517 0.208948 0.154958
v -0.321409 0.144624 0.170033
v -0.367517 0.208948 0.154958
v -0.369745 0.139899 0.165536
v -0.319459 0.217472 0.159455
v 0.373067 0.245227 0.123224
v 0.334747 0.269938 0.077403
v 0.328552 0.255017 0.127721
v 0.380147 0.260148 0.072905
v 0.373067 0.245227 0.123224
v 0.334747 0.252829 0.068408
v 0.380147 0.260148 0.072905
v 0.328552 0.237908 0.118726
v 0.367517 0.208948 0.154958
v 0.328552 0.237908 0.118726
v 0.373067 0.245227 0.123224
v 0.323696 0.200362 0.150460
v 0.373067 0.245227 0.123224
v 0.323696 0.217472 0.159455
v 0.367517 0.208948 0.154958
v 0.328552 0.255017 0.127721
v 0.196404 0.018884 0.165536
v 0.329468 0.066928 0.165536
v 0.293724 0.085210 0.168867
v 0.195639 0.053863 0.170033
v 0.329468 0.066928 0.165536
v 0.196404 0.018884 0.165536
v 0.293724 0.072536 0.162204
v 0.195639 0.036753 0.161038
v 0.012709 0.021496 0.161038
v 0.195639 0.036753 0.161038
v 0.196404 0.018884 0.165536
v 0.012709 0.001094 0.165536
v 0.196404 0.018884 0.165536
v 0.012709 0.038605 0.170033
v 0.012709 0.001094 0.165536
v 0.195639 0.053863 0.170033
v -0.380147 0.260148 0.072905
v -0.332575 0.274912 0.011071
v -0.382506 0.265121 0.006574
v -0.330510 0.269938 0.077403
v -0.330510 0.252829 0.068408
v -0.382506 0.265121 0.006574
v -0.332575 0.257802 0.002076
v -0.380147 0.260148 0.072905
v -0.372720 0.261462 -0.055127
v -0.332575 0.257802 0.002076
v -0.382506 0.265121 0.006574
v -0.324066 0.254184 -0.058438
v -0.332575 0.274912 0.011071
v -0.372720 0.261462 -0.055127
v -0.382506 0.265121 0.006574
v -0.324066 0.271023 -0.052100
v -0.182780 0.258658 0.000577
v -0.324066 0.254184 -0.058438
v -0.178104 0.254802 -0.059921
v -0.332575 0.257802 0.002076
v -0.182780 0.258658 0.000577
v -0.330510 0.252829 0.068408
v -0.332575 0.257802 0.002076
v -0.181600 0.253685 0.066909
v 0.012709 0.261130 0.000577
v -0.181600 0.253685 0.066909
v -0.182780 0.258658 0.000577
v 0.012709 0.256156 0.066909
v 0.012709 0.261130 0.000577
v -0.178104 0.254802 -0.059921
v 0.012384 0.257085 -0.060205
v -0.182780 0.258658 0.000577
v 0.194616 0.254802 -0.059921
v 0.012709 0.261130 0.000577
v 0.012384 0.257085 -0.060205
v 0.199726 0.258658 0.000577
v 0.012709 0.261130 0.000577
v 0.198546 0.253685 0.066909
v 0.012709 0.256156 0.066909
v 0.199726 0.258658 0.000577
v 0.334747 0.252829 0.068408
v 0.199726 0.258658 0.000577
v 0.336812 0.257802 0.002076
v 0.198546 0.253685 0.066909
v 0.336812 0.257802 0.002076
v 0.199726 0.258658 0.000577
v 0.328195 0.254184 -0.058438
v 0.194616 0.254802 -0.059921
v 0.325645 0.127514 0.161038
v 0.192231 0.197419 0.148961
v 0.323696 0.200362 0.150460
v 0.193345 0.113174 0.159539
v 0.012709 0.197358 0.148961
v 0.193345 0.113174 0.159539
v 0.012709 0.105514 0.159539
v 0.192231 0.197419 0.148961
v 0.012709 0.105514 0.159539
v 0.195639 0.036753 0.161038
v 0.012709 0.021496 0.161038
v 0.193345 0.113174 0.159539
v 0.193345 0.113174 0.159539
v 0.293724 0.072536 0.162204
v 0.195639 0.036753 0.161038
v 0.325645 0.127514 0.161038
v 0.195007 0.238764 0.117227
v 0.012709 0.256156 0.066909
v 0.198546 0.253685 0.066909
v 0.012709 0.241235 0.117227
v 0.012709 0.241235 0.117227
v 0.192231 0.197419 0.148961
v 0.012709 0.197358 0.148961
v 0.195007 0.238764 0.117227
v 0.195007 0.238764 0.117227
v 0.323696 0.200362 0.150460
v 0.192231 0.197419 0.148961
v 0.328552 0.237908 0.118726
v 0.328552 0.237908 0.118726
v 0.198546 0.253685 0.066909
v 0.334747 0.252829 0.068408
v 0.195007 0.238764 0.117227
v -0.181600 0.253685 0.066909
v -0.324316 0.237908 0.118726
v -0.330510 0.252829 0.068408
v -0.178061 0.238764 0.117227
v -0.324316 0.237908 0.118726
v -0.178061 0.238764 0.117227
v -0.319459 0.200362 0.150460
v -0.175286 0.197419 0.148961
v -0.175286 0.197419 0.148961
v 0.012709 0.241235 0.117227
v 0.012709 0.197358 0.148961
v -0.178061 0.238764 0.117227
v 0.012709 0.241235 0.117227
v -0.178061 0.238764 0.117227
v 0.012709 0.256156 0.066909
v -0.181600 0.253685 0.066909
v -0.176400 0.113174 0.159539
v 0.012709 0.197358 0.148961
v 0.012709 0.105514 0.159539
v -0.175286 0.197419 0.148961
v -0.321409 0.127514 0.161038
v -0.175286 0.197419 0.148961
v -0.176400 0.113174 0.159539
v -0.319459 0.200362 0.150460
v -0.321409 0.127514 0.161038
v -0.176400 0.113174 0.159539
v -0.286192 0.072536 0.162204
v -0.178693 0.036753 0.161038
v -0.178693 0.036753 0.161038
v 0.012709 0.105514 0.159539
v 0.012709 0.021496 0.161038
v -0.176400 0.113174 0.159539
v 0.012709 0.283942 0.012570
v -0.181600 0.276497 0.078902
v 0.012709 0.278969 0.078902
v -0.182780 0.281471 0.012570
v -0.182780 0.281471 0.012570
v -0.330510 0.269938 0.077403
v -0.181600 0.276497 0.078902
v -0.332575 0.274912 0.011071
v -0.182780 0.281471 0.012570
v -0.324066 0.271023 -0.052100
v -0.332575 0.274912 0.011071
v -0.178104 0.277253 -0.051471
v 0.012709 0.283942 0.012570
v -0.178104 0.277253 -0.051471
v -0.182780 0.281471 0.012570
v 0.012384 0.279536 -0.051756
v 0.336812 0.274912 0.011071
v 0.199726 0.281471 0.012570
v 0.334747 0.269938 0.077403
v 0.198546 0.276497 0.078902
v 0.198546 0.276497 0.078902
v 0.012709 0.283942 0.012570
v 0.012709 0.278969 0.078902
v 0.199726 0.281471 0.012570
v 0.012709 0.283942 0.012570
v 0.194616 0.277253 -0.051471
v 0.012384 0.279536 -0.051756
v 0.199726 0.281471 0.012570
v 0.328195 0.271023 -0.052100
v 0.199726 0.281471 0.012570
v 0.336812 0.274912 0.011071
v 0.194616 0.277253 -0.051471
v 0.195639 0.053863 0.170033
v 0.012709 0.128327 0.171532
v 0.012709 0.038605 0.170033
v 0.193345 0.135986 0.171532
v 0.193345 0.135986 0.171532
v 0.012709 0.220171 0.160954
v 0.012709 0.128327 0.171532
v 0.192231 0.220232 0.160954
v 0.325645 0.144624 0.170033
v 0.192231 0.220232 0.160954
v 0.193345 0.135986 0.171532
v 0.323696 0.217472 0.159455
v 0.325645 0.144624 0.170033
v 0.193345 0.135986 0.171532
v 0.293724 0.085210 0.168867
v 0.195639 0.053863 0.170033
v 0.328552 0.255017 0.127721
v 0.195007 0.261577 0.129220
v 0.323696 0.217472 0.159455
v 0.192231 0.220232 0.160954
v 0.192231 0.220232 0.160954
v 0.012709 0.264048 0.129220
v 0.012709 0.220171 0.160954
v 0.195007 0.261577 0.129220
v 0.195007 0.261577 0.129220
v 0.012709 0.278969 0.078902
v 0.012709 0.264048 0.129220
v 0.198546 0.276497 0.078902
v 0.328552 0.255017 0.127721
v 0.198546 0.276497 0.078902
v 0.195007 0.261577 0.129220
v 0.334747 0.269938 0.077403
v 0.012709 0.264048 0.129220
v -0.175286 0.220232 0.160954
v 0.012709 0.220171 0.160954
v -0.178061 0.261577 0.129220
v -0.178061 0.261577 0.129220
v -0.319459 0.217472 0.159455
v -0.175286 0.220232 0.160954
v -0.324316 0.255017 0.127721
v -0.324316 0.255017 0.127721
v -0.181600 0.276497 0.078902
v -0.330510 0.269938 0.077403
v -0.178061 0.261577 0.129220
v 0.012709 0.278969 0.078902
v -0.178061 0.261577 0.129220
v 0.012709 0.264048 0.129220
v -0.181600 0.276497 0.078902
v -0.176400 0.135986 0.171532
v -0.286192 0.085210 0.168867
v -0.178693 0.053863 0.170033
v -0.321409 0.144624 0.170033
v -0.321409 0.144624 0.170033
v -0.175286 0.220232 0.160954
v -0.319459 0.217472 0.159455
v -0.176400 0.135986 0.171532
v 0.012709 0.220171 0.160954
v -0.176400 0.135986 0.171532
v 0.012709 0.128327 0.171532
v -0.175286 0.220232 0.160954
v 0.012709 0.128327 0.171532
v -0.178693 0.053863 0.170033
v 0.012709 0.038605 0.170033
v -0.176400 0.135986 0.171532
v 0.385060 0.034217 0.112213
v 0.325332 -0.027579 0.155290
v 0.381975 -0.038895 0.122092
v 0.329621 0.035876 0.142258
v 0.385060 0.034217 0.112213
v 0.335617 0.085190 0.131061
v 0.329621 0.035876 0.142258
v 0.389281 0.095191 0.103468
v 0.396368 0.022782 0.046438
v 0.389281 0.095191 0.103468
v 0.385060 0.034217 0.112213
v 0.397828 0.096980 0.042249
v 0.381975 -0.038895 0.122092
v 0.396368 0.022782 0.046438
v 0.385060 0.034217 0.112213
v 0.395193 -0.059107 0.052979
v -0.176518 0.010361 0.153872
v -0.321095 -0.027579 0.155290
v -0.173703 -0.047526 0.168755
v -0.325385 0.035876 0.142258
v -0.325385 0.035876 0.142258
v -0.180470 0.059956 0.140658
v -0.331380 0.085190 0.131061
v -0.176518 0.010361 0.153872
v 0.012709 0.043531 0.140958
v -0.176518 0.010361 0.153872
v 0.012709 -0.009191 0.155071
v -0.180470 0.059956 0.140658
v 0.012709 -0.009191 0.155071
v -0.173703 -0.047526 0.168755
v 0.012709 -0.065316 0.170554
v -0.176518 0.010361 0.153872
v 0.190649 -0.047526 0.168755
v 0.012709 -0.009191 0.155071
v 0.012709 -0.065316 0.170554
v 0.193464 0.010361 0.153872
v 0.193464 0.010361 0.153872
v 0.012709 0.043531 0.140958
v 0.012709 -0.009191 0.155071
v 0.197415 0.059956 0.140658
v 0.329621 0.035876 0.142258
v 0.197415 0.059956 0.140658
v 0.193464 0.010361 0.153872
v 0.335617 0.085190 0.131061
v 0.329621 0.035876 0.142258
v 0.193464 0.010361 0.153872
v 0.325332 -0.027579 0.155290
v 0.190649 -0.047526 0.168755
v 0.399599 -0.065844 -0.068228
v 0.396368 0.022782 0.046438
v 0.395193 -0.059107 0.052979
v 0.400138 0.018970 -0.072363
v 0.396368 0.022782 0.046438
v 0.400677 0.097576 -0.068228
v 0.397828 0.096980 0.042249
v 0.400138 0.018970 -0.072363
v 0.300720 0.098704 -0.169144
v 0.400138 0.018970 -0.072363
v 0.300103 0.018970 -0.181350
v 0.400677 0.097576 -0.068228
v 0.400138 0.018970 -0.072363
v 0.399599 -0.065844 -0.068228
v 0.299911 -0.067282 -0.178256
v 0.300103 0.018970 -0.181350
v -0.381975 -0.038895 0.122092
v -0.396368 0.022782 0.046438
v -0.395192 -0.059107 0.052979
v -0.385059 0.034217 0.112213
v -0.396368 0.022782 0.046438
v -0.389281 0.095191 0.103468
v -0.397828 0.096980 0.042249
v -0.385059 0.034217 0.112213
v -0.331380 0.085190 0.131061
v -0.385059 0.034217 0.112213
v -0.325385 0.035876 0.142258
v -0.389281 0.095191 0.103468
v -0.385059 0.034217 0.112213
v -0.381975 -0.038895 0.122092
v -0.321095 -0.027579 0.155290
v -0.325385 0.035876 0.142258
v -0.400138 0.018970 -0.072363
v -0.299487 -0.067282 -0.178256
v -0.399598 -0.065844 -0.068228
v -0.300103 0.018970 -0.181350
v -0.400138 0.018970 -0.072363
v -0.300296 0.098704 -0.169144
v -0.300103 0.018970 -0.181350
v -0.400677 0.097576 -0.068228
v -0.396368 0.022782 0.046438
v -0.400677 0.097576 -0.068228
v -0.400138 0.018970 -0.072363
v -0.397828 0.096980 0.042249
v -0.399598 -0.065844 -0.068228
v -0.396368 0.022782 0.046438
v -0.400138 0.018970 -0.072363
v -0.395192 -0.059107 0.052979
v -0.400857 0.183918 -0.055824
v -0.300296 0.098704 -0.169144
v -0.400677 0.097576 -0.068228
v -0.299795 0.188428 -0.144677
v -0.348632 0.251574 -0.043419
v -0.299795 0.188428 -0.144677
v -0.400857 0.183918 -0.055824
v -0.286307 0.236038 -0.109267
v -0.398315 0.180866 0.043609
v -0.348632 0.251574 -0.043419
v -0.400857 0.183918 -0.055824
v -0.346407 0.247413 0.046710
v -0.400857 0.183918 -0.055824
v -0.400677 0.097576 -0.068228
v -0.397828 0.096980 0.042249
v -0.398315 0.180866 0.043609
v -0.390688 0.171710 0.100553
v -0.397828 0.096980 0.042249
v -0.389281 0.095191 0.103468
v -0.398315 0.180866 0.043609
v -0.398315 0.180866 0.043609
v -0.339734 0.234929 0.100553
v -0.346407 0.247413 0.046710
v -0.390688 0.171710 0.100553
v -0.333379 0.157940 0.127329
v -0.339734 0.234929 0.100553
v -0.390688 0.171710 0.100553
v -0.296148 0.208391 0.120387
v -0.389281 0.095191 0.103468
v -0.333379 0.157940 0.127329
v -0.390688 0.171710 0.100553
v -0.331380 0.085190 0.131061
v 0.400857 0.183918 -0.055824
v 0.397828 0.096980 0.042249
v 0.400677 0.097576 -0.068228
v 0.398315 0.180866 0.043609
v 0.352868 0.251574 -0.043419
v 0.398315 0.180866 0.043609
v 0.400857 0.183918 -0.055824
v 0.350644 0.247413 0.046710
v 0.301490 0.188428 -0.144677
v 0.352868 0.251574 -0.043419
v 0.400857 0.183918 -0.055824
v 0.292709 0.236038 -0.109267
v 0.400857 0.183918 -0.055824
v 0.400677 0.097576 -0.068228
v 0.300720 0.098704 -0.169144
v 0.301490 0.188428 -0.144677
v 0.012709 -0.285853 -0.039284
v 0.206821 -0.285558 0.063942
v 0.012709 -0.285558 0.063942
v 0.208182 -0.285853 -0.039284
v 0.348943 -0.255684 0.062624
v 0.208182 -0.285853 -0.039284
v 0.351610 -0.257092 -0.043419
v 0.206821 -0.285558 0.063942
v 0.208182 -0.285853 -0.039284
v 0.156984 -0.262845 -0.136151
v 0.291670 -0.237280 -0.118266
v 0.351610 -0.257092 -0.043419
v 0.156984 -0.262845 -0.136151
v 0.012709 -0.285853 -0.039284
v 0.009791 -0.275627 -0.109077
v 0.208182 -0.285853 -0.039284
v 0.012709 0.274127 -0.039284
v -0.190685 0.269596 0.047744
v 0.012709 0.269596 0.047744
v -0.191956 0.274127 -0.039284
v -0.191956 0.274127 -0.039284
v -0.346407 0.247413 0.046710
v -0.190685 0.269596 0.047744
v -0.348632 0.251574 -0.043419
v -0.191956 0.274127 -0.039284
v -0.286307 0.236038 -0.109267
v -0.348632 0.251574 -0.043419
v -0.143119 0.256085 -0.124002
v 0.012709 0.274127 -0.039284
v -0.143119 0.256085 -0.124002
v -0.191956 0.274127 -0.039284
v 0.009791 0.266108 -0.100078
v 0.351610 -0.257092 -0.043419
v 0.395559 -0.166065 0.058672
v 0.348943 -0.255684 0.062624
v 0.399419 -0.170811 -0.055824
v 0.399419 -0.170811 -0.055824
v 0.395193 -0.059107 0.052979
v 0.395559 -0.166065 0.058672
v 0.399599 -0.065844 -0.068228
v 0.300411 -0.176563 -0.156826
v 0.399599 -0.065844 -0.068228
v 0.399419 -0.170811 -0.055824
v 0.299911 -0.067282 -0.178256
v 0.399419 -0.170811 -0.055824
v 0.351610 -0.257092 -0.043419
v 0.291670 -0.237280 -0.118266
v 0.300411 -0.176563 -0.156826
v -0.399419 -0.170811 -0.055824
v -0.285268 -0.237280 -0.118266
v -0.347373 -0.257092 -0.043419
v -0.298717 -0.176563 -0.156825
v -0.298717 -0.176563 -0.156825
v -0.399598 -0.065844 -0.068228
v -0.299487 -0.067282 -0.178256
v -0.399419 -0.170811 -0.055824
v -0.395192 -0.059107 0.052979
v -0.399419 -0.170811 -0.055824
v -0.395558 -0.166065 0.058672
v -0.399598 -0.065844 -0.068228
v -0.347373 -0.257092 -0.043419
v -0.395558 -0.166065 0.058672
v -0.399419 -0.170811 -0.055824
v -0.344706 -0.255684 0.062625
v -0.336705 -0.251461 0.131815
v -0.395558 -0.166065 0.058672
v -0.344706 -0.255684 0.062625
v -0.383978 -0.151828 0.128411
v -0.383978 -0.151828 0.128411
v -0.395192 -0.059107 0.052979
v -0.395558 -0.166065 0.058672
v -0.381975 -0.038895 0.122092
v -0.324212 -0.142752 0.164530
v -0.381975 -0.038895 0.122092
v -0.383978 -0.151828 0.128411
v -0.321095 -0.027579 0.155290
v -0.324212 -0.142752 0.164530
v -0.336705 -0.251461 0.131815
v -0.291153 -0.221334 0.158519
v -0.383978 -0.151828 0.128411
v 0.208901 0.274127 -0.039284
v 0.207630 0.269596 0.047744
v 0.350644 0.247413 0.046710
v 0.352868 0.251574 -0.043419
v 0.207630 0.269596 0.047744
v 0.012709 0.274127 -0.039284
v 0.012709 0.269596 0.047744
v 0.208901 0.274127 -0.039284
v 0.157523 0.256085 -0.124002
v 0.012709 0.274127 -0.039284
v 0.208901 0.274127 -0.039284
v 0.009791 0.266108 -0.100078
v 0.208901 0.274127 -0.039284
v 0.352868 0.251574 -0.043419
v 0.292709 0.236038 -0.109267
v 0.157523 0.256085 -0.124002
v -0.191236 -0.285853 -0.039284
v -0.344706 -0.255684 0.062625
v -0.347373 -0.257092 -0.043419
v -0.189875 -0.285558 0.063942
v 0.012709 -0.285853 -0.039284
v -0.189875 -0.285558 0.063942
v -0.191236 -0.285853 -0.039284
v 0.012709 -0.285558 0.063942
v 0.012709 -0.285853 -0.039284
v -0.142580 -0.262845 -0.136151
v 0.009791 -0.275627 -0.109077
v -0.191236 -0.285853 -0.039284
v -0.191236 -0.285853 -0.039284
v -0.285268 -0.237280 -0.118266
v -0.142580 -0.262845 -0.136151
v -0.347373 -0.257092 -0.043419
v 0.197415 0.059956 0.140658
v 0.012709 0.131814 0.136254
v 0.012709 0.043531 0.140958
v 0.198733 0.141043 0.136254
v 0.198733 0.141043 0.136254
v 0.012709 0.215892 0.127329
v 0.012709 0.131814 0.136254
v 0.200004 0.218200 0.127329
v 0.198733 0.141043 0.136254
v 0.337615 0.157940 0.127329
v 0.303680 0.208391 0.120387
v 0.200004 0.218200 0.127329
v 0.337615 0.157940 0.127329
v 0.198733 0.141043 0.136254
v 0.335617 0.085190 0.131061
v 0.197415 0.059956 0.140658
v -0.336705 -0.251461 0.131815
v -0.185790 -0.284672 0.132950
v -0.291153 -0.221334 0.158519
v -0.180568 -0.251285 0.170204
v 0.012709 -0.284672 0.132950
v -0.180568 -0.251285 0.170204
v -0.185790 -0.284672 0.132950
v 0.012709 -0.253866 0.170504
v 0.012709 -0.284672 0.132950
v -0.185790 -0.284672 0.132950
v 0.012709 -0.285558 0.063942
v -0.189875 -0.285558 0.063942
v -0.189875 -0.285558 0.063942
v -0.336705 -0.251461 0.131815
v -0.344706 -0.255684 0.062625
v -0.185790 -0.284672 0.132950
v 0.343970 0.234929 0.100553
v 0.203817 0.256002 0.100553
v 0.303680 0.208391 0.120387
v 0.200004 0.218200 0.127329
v 0.200004 0.218200 0.127329
v 0.012709 0.256002 0.100553
v 0.012709 0.215892 0.127329
v 0.203817 0.256002 0.100553
v 0.203817 0.256002 0.100553
v 0.012709 0.269596 0.047744
v 0.012709 0.256002 0.100553
v 0.207630 0.269596 0.047744
v 0.343970 0.234929 0.100553
v 0.207630 0.269596 0.047744
v 0.203817 0.256002 0.100553
v 0.350644 0.247413 0.046710
v 0.197514 -0.251285 0.170204
v 0.012709 -0.163811 0.179368
v 0.012709 -0.253866 0.170504
v 0.192742 -0.153489 0.178169
v 0.192742 -0.153489 0.178169
v 0.012709 -0.065316 0.170554
v 0.012709 -0.163811 0.179368
v 0.190649 -0.047526 0.168755
v 0.328449 -0.142752 0.164530
v 0.190649 -0.047526 0.168755
v 0.192742 -0.153489 0.178169
v 0.325332 -0.027579 0.155290
v 0.192742 -0.153489 0.178169
v 0.197514 -0.251285 0.170204
v 0.298685 -0.221334 0.158519
v 0.328449 -0.142752 0.164530
v 0.340942 -0.251461 0.131815
v 0.383978 -0.151828 0.128411
v 0.298685 -0.221334 0.158519
v 0.328449 -0.142752 0.164530
v 0.328449 -0.142752 0.164530
v 0.381975 -0.038895 0.122092
v 0.325332 -0.027579 0.155290
v 0.383978 -0.151828 0.128411
v 0.395193 -0.059107 0.052979
v 0.383978 -0.151828 0.128411
v 0.395559 -0.166065 0.058672
v 0.381975 -0.038895 0.122092
v 0.340942 -0.251461 0.131815
v 0.395559 -0.166065 0.058672
v 0.383978 -0.151828 0.128411
v 0.348943 -0.255684 0.062624
v -0.175796 -0.153489 0.178169
v -0.291153 -0.221334 0.158519
v -0.180568 -0.251285 0.170204
v -0.324212 -0.142752 0.164530
v -0.324212 -0.142752 0.164530
v -0.173703 -0.047526 0.168755
v -0.321095 -0.027579 0.155290
v -0.175796 -0.153489 0.178169
v 0.012709 -0.065316 0.170554
v -0.175796 -0.153489 0.178169
v 0.012709 -0.163811 0.179368
v -0.173703 -0.047526 0.168755
v 0.012709 -0.163811 0.179368
v -0.180568 -0.251285 0.170204
v 0.012709 -0.253866 0.170504
v -0.175796 -0.153489 0.178169
v 0.012709 0.256002 0.100553
v -0.183058 0.218200 0.127329
v 0.012709 0.215892 0.127329
v -0.186871 0.256002 0.100553
v -0.186871 0.256002 0.100553
v -0.296148 0.208391 0.120387
v -0.183058 0.218200 0.127329
v -0.339734 0.234929 0.100553
v -0.339734 0.234929 0.100553
v -0.190685 0.269596 0.047744
v -0.346407 0.247413 0.046710
v -0.186871 0.256002 0.100553
v 0.012709 0.269596 0.047744
v -0.186871 0.256002 0.100553
v 0.012709 0.256002 0.100553
v -0.190685 0.269596 0.047744
v 0.012709 -0.284672 0.132950
v 0.197514 -0.251285 0.170204
v 0.012709 -0.253866 0.170504
v 0.202736 -0.284672 0.132950
v 0.202736 -0.284672 0.132950
v 0.340942 -0.251461 0.131815
v 0.298685 -0.221334 0.158519
v 0.197514 -0.251285 0.170204
v 0.340942 -0.251461 0.131815
v 0.206821 -0.285558 0.063942
v 0.348943 -0.255684 0.062624
v 0.202736 -0.284672 0.132950
v 0.202736 -0.284672 0.132950
v 0.012709 -0.285558 0.063942
v 0.206821 -0.285558 0.063942
v 0.012709 -0.284672 0.132950
v -0.181787 0.141043 0.136254
v -0.331380 0.085190 0.131061
v -0.180470 0.059956 0.140658
v -0.333379 0.157940 0.127329
v -0.181787 0.141043 0.136254
v -0.296148 0.208391 0.120387
v -0.333379 0.157940 0.127329
v -0.183058 0.218200 0.127329
v 0.012709 0.215892 0.127329
v -0.181787 0.141043 0.136254
v 0.012709 0.131814 0.136254
v -0.183058 0.218200 0.127329
v 0.012709 0.131814 0.136254
v -0.180470 0.059956 0.140658
v 0.012709 0.043531 0.140958
v -0.181787 0.141043 0.136254
v 0.389281 0.095191 0.103468
v 0.337615 0.157940 0.127329
v 0.335617 0.085190 0.131061
v 0.390688 0.171710 0.100553
v 0.343970 0.234929 0.100553
v 0.337615 0.157940 0.127329
v 0.390688 0.171710 0.100553
v 0.303680 0.208391 0.120387
v 0.398315 0.180866 0.043609
v 0.343970 0.234929 0.100553
v 0.390688 0.171710 0.100553
v 0.350644 0.247413 0.046710
v 0.390688 0.171710 0.100553
v 0.389281 0.095191 0.103468
v 0.397828 0.096980 0.042249
v 0.398315 0.180866 0.043609
vn 0.144469 0.348280 -0.926191
vn 0.144469 0.348280 -0.926191
vn 0.144469 0.348280 -0.926191
vn 0.144469 0.348280 -0.926191
vn 0.155174 -0.924137 -0.349131
vn 0.155174 -0.924137 -0.349131
vn 0.155174 -0.924137 -0.349131
vn 0.155174 -0.924137 -0.349131
vn 0.157332 -0.970901 0.180549
vn 0.157332 -0.970901 0.180549
vn 0.157332 -0.970901 0.180549
vn 0.157332 -0.970901 0.180549
vn 0.186093 0.898991 -0.396466
vn 0.186093 0.898991 -0.396466
vn 0.186093 0.898991 -0.396466
vn 0.186093 0.898991 -0.396466
vn 0.013700 0.815638 -0.578400
vn 0.013700 0.815638 -0.578400
vn 0.013700 0.815638 -0.578400
vn 0.013700 0.815638 -0.578400
vn 0.047512 0.754176 -0.654952
vn 0.047512 0.754176 -0.654952
vn 0.047512 0.754176 -0.654952
vn 0.047512 0.754176 -0.654952
vn 0.044217 0.953898 -0.296855
vn 0.044217 0.953898 -0.296855
vn 0.044217 0.953898 -0.296855
vn 0.044217 0.953898 -0.296855
vn 0.012106 0.958492 -0.284861
vn 0.012106 0.958492 -0.284861
vn 0.012106 0.958492 -0.284861
vn 0.012106 0.958492 -0.284861
vn -0.043873 0.760828 -0.647469
vn -0.043873 0.760828 -0.647469
vn -0.043873 0.760828 -0.647469
vn -0.043873 0.760828 -0.647469
vn -0.013216 0.817283 -0.576085
vn -0.013216 0.817283 -0.576085
vn -0.013216 0.817283 -0.576085
vn -0.013216 0.817283 -0.576085
vn -0.011581 0.958642 -0.284378
vn -0.011581 0.958642 -0.284378
vn -0.011581 0.958642 -0.284378
vn -0.011581 0.958642 -0.284378
vn -0.040491 0.954790 -0.294510
vn -0.040491 0.954790 -0.294510
vn -0.040491 0.954790 -0.294510
vn -0.040491 0.954790 -0.294510
vn -0.143408 -0.945014 -0.293908
vn -0.143408 -0.945014 -0.293908
vn -0.143408 -0.945014 -0.293908
vn -0.143408 -0.945014 -0.293908
vn -0.134995 0.379962 -0.915098
vn -0.134995 0.379962 -0.915098
vn -0.134995 0.379962 -0.915098
vn -0.134995 0.379962 -0.915098
vn -0.171789 0.905724 -0.387496
vn -0.171789 0.905724 -0.387496
vn -0.171789 0.905724 -0.387496
vn -0.171789 0.905724 -0.387496
vn -0.143589 -0.970806 0.192143
vn -0.143589 -0.970806 0.192143
vn -0.143589 -0.970806 0.192143
vn -0.143589 -0.970806 0.192143
vn 0.002344 -0.890232 0.455501
vn 0.002344 -0.890232 0.455501
vn 0.002344 -0.890232 0.455501
vn 0.002344 -0.890232 0.455501
vn -0.006242 -0.825433 0.564466
vn -0.006242 -0.825433 0.564466
vn -0.006242 -0.825433 0.564466
vn -0.006242 -0.825433 0.564466
vn -0.012123 -0.940922 0.338405
vn -0.012123 -0.940922 0.338405
vn -0.012123 -0.940922 0.338405
vn -0.012123 -0.940922 0.338405
vn -0.005630 -0.945277 0.326220
vn -0.005630 -0.945277 0.326220
vn -0.005630 -0.945277 0.326220
vn -0.005630 -0.945277 0.326220
vn -0.000000 0.302369 -0.953191
vn -0.000000 0.302369 -0.953191
vn -0.000000 0.302369 -0.953191
vn -0.000000 0.302369 -0.953191
vn -0.047643 -0.128853 -0.990519
vn -0.047643 -0.128853 -0.990519
vn -0.047643 -0.128853 -0.990519
vn -0.047643 -0.128853 -0.990519
vn -0.033269 -0.846776 -0.530909
vn -0.033269 -0.846776 -0.530909
vn -0.033269 -0.846776 -0.530909
vn -0.033269 -0.846776 -0.530909
vn 0.000000 -0.998847 -0.047998
vn 0.000000 -0.998847 -0.047998
vn 0.000000 -0.998847 -0.047998
vn 0.000000 -0.998847 -0.047998
vn 0.035206 -0.830792 -0.555469
vn 0.035206 -0.830792 -0.555469
vn 0.035206 -0.830792 -0.555469
vn 0.035206 -0.830792 -0.555469
vn 0.049541 -0.156045 -0.986507
vn 0.049541 -0.156045 -0.986507
vn 0.049541 -0.156045 -0.986507
vn 0.049541 -0.156045 -0.986507
vn 0.006022 -0.826517 0.562879
vn 0.006022 -0.826517 0.562879
vn 0.006022 -0.826517 0.562879
vn 0.006022 -0.826517 0.562879
vn -0.002154 -0.889899 0.456153
vn -0.002154 -0.889899 0.456153
vn -0.002154 -0.889899 0.456153
vn -0.002154 -0.889899 0.456153
vn 0.005149 -0.945412 0.325837
vn 0.005149 -0.945412 0.325837
vn 0.005149 -0.945412 0.325837
vn 0.005149 -0.945412 0.325837
vn 0.011598 -0.941150 0.337790
vn 0.011598 -0.941150 0.337790
vn 0.011598 -0.941150 0.337790
vn 0.011598 -0.941150 0.337790
vn 0.118099 0.511406 -0.851185
vn 0.118099 0.511406 -0.851185
vn 0.118099 0.511406 -0.851185
vn 0.118099 0.511406 -0.851185
vn -0.000000 0.736313 -0.676641
vn -0.000000 0.736313 -0.676641
vn -0.000000 0.736313 -0.676641
vn -0.000000 0.736313 -0.676641
vn -0.114935 0.524040 -0.843903
vn -0.114935 0.524040 -0.843903
vn -0.114935 0.524040 -0.843903
vn -0.114935 0.524040 -0.843903
vn -0.099073 0.284552 -0.953528
vn -0.099073 0.284552 -0.953528
vn -0.099073 0.284552 -0.953528
vn -0.099073 0.284552 -0.953528
vn 0.100117 0.281453 -0.954338
vn 0.100117 0.281453 -0.954338
vn 0.100117 0.281453 -0.954338
vn 0.100117 0.281453 -0.954338
vn 0.113337 0.168558 -0.979154
vn 0.113337 0.168558 -0.979154
vn 0.113337 0.168558 -0.979154
vn 0.113337 0.168558 -0.979154
vn -0.113081 0.169993 -0.978936
vn -0.113081 0.169993 -0.978936
vn -0.113081 0.169993 -0.978936
vn -0.113081 0.169993 -0.978936
vn -0.119088 -0.039943 -0.992080
vn -0.119088 -0.039943 -0.992080
vn -0.119088 -0.039943 -0.992080
vn -0.119088 -0.039943 -0.992080
vn 0.119333 -0.038517 -0.992107
vn 0.119333 -0.038517 -0.992107
vn 0.119333 -0.038517 -0.992107
vn 0.119333 -0.038517 -0.992107
vn 0.140750 -0.445793 -0.884001
vn 0.140750 -0.445793 -0.884001
vn 0.140750 -0.445793 -0.884001
vn 0.140750 -0.445793 -0.884001
vn 0.113154 -0.205030 -0.972193
vn 0.113154 -0.205030 -0.972193
vn 0.113154 -0.205030 -0.972193
vn 0.113154 -0.205030 -0.972193
vn -0.112014 -0.208013 -0.971691
vn -0.112014 -0.208013 -0.971691
vn -0.112014 -0.208013 -0.971691
vn -0.112014 -0.208013 -0.971691
vn -0.137207 -0.458665 -0.877952
vn -0.137207 -0.458665 -0.877952
vn -0.137207 -0.458665 -0.877952
vn -0.137207 -0.458665 -0.877952
vn -0.000000 -0.685410 -0.728157
vn -0.000000 -0.685410 -0.728157
vn -0.000000 -0.685410 -0.728157
vn -0.000000 -0.685410 -0.728157
vn -0.188598 0.624792 0.757672
vn -0.188598 0.624792 0.757672
vn -0.188598 0.624792 0.757672
vn -0.188598 0.624792 0.757672
vn -0.175957 -0.655886 -0.734066
vn -0.175957 -0.655886 -0.734066
vn -0.175957 -0.655886 -0.734066
vn -0.175957 -0.655886 -0.734066
vn -0.165323 -0.951276 -0.260273
vn -0.165323 -0.951276 -0.260273
vn -0.165323 -0.951276 -0.260273
vn -0.165323 -0.951276 -0.260273
vn -0.212597 0.928824 0.303462
vn -0.212597 0.928824 0.303462
vn -0.212597 0.928824 0.303462
vn -0.212597 0.928824 0.303462
vn 0.122953 0.149885 0.981029
vn 0.122953 0.149885 0.981029
vn 0.122953 0.149885 0.981029
vn 0.122953 0.149885 0.981029
vn 0.134260 -0.142262 -0.980681
vn 0.134260 -0.142262 -0.980681
vn 0.134260 -0.142262 -0.980681
vn 0.134260 -0.142262 -0.980681
vn 0.103008 -0.067169 -0.992410
vn 0.103008 -0.067169 -0.992410
vn 0.103008 -0.067169 -0.992410
vn 0.103008 -0.067169 -0.992410
vn 0.082145 -0.053564 0.995180
vn 0.082145 -0.053564 0.995180
vn 0.082145 -0.053564 0.995180
vn 0.082145 -0.053564 0.995180
vn 0.201812 0.975399 -0.088705
vn 0.201812 0.975399 -0.088705
vn 0.201812 0.975399 -0.088705
vn 0.201812 0.975399 -0.088705
vn 0.156644 -0.987028 0.035185
vn 0.156644 -0.987028 0.035185
vn 0.156644 -0.987028 0.035185
vn 0.156644 -0.987028 0.035185
vn 0.164852 -0.983952 -0.068279
vn 0.164852 -0.983952 -0.068279
vn 0.164852 -0.983952 -0.068279
vn 0.164852 -0.983952 -0.068279
vn 0.217038 0.972864 0.080185
vn 0.217038 0.972864 0.080185
vn 0.217038 0.972864 0.080185
vn 0.217038 0.972864 0.080185
vn -0.010599 -0.123023 0.992347
vn -0.010599 -0.123023 0.992347
vn -0.010599 -0.123023 0.992347
vn -0.010599 -0.123023 0.992347
vn -0.019677 -0.228381 -0.973373
vn -0.019677 -0.228381 -0.973373
vn -0.019677 -0.228381 -0.973373
vn -0.019677 -0.228381 -0.973373
vn -0.071908 -0.203680 -0.976393
vn -0.071908 -0.203680 -0.976393
vn -0.071908 -0.203680 -0.976393
vn -0.071908 -0.203680 -0.976393
vn -0.040752 -0.115431 0.992479
vn -0.040752 -0.115431 0.992479
vn -0.040752 -0.115431 0.992479
vn -0.040752 -0.115431 0.992479
vn -0.075013 -0.053947 0.995722
vn -0.075013 -0.053947 0.995722
vn -0.075013 -0.053947 0.995722
vn -0.075013 -0.053947 0.995722
vn -0.094252 -0.067784 -0.993238
vn -0.094252 -0.067784 -0.993238
vn -0.094252 -0.067784 -0.993238
vn -0.094252 -0.067784 -0.993238
vn -0.122713 -0.142814 -0.982113
vn -0.122713 -0.142814 -0.982113
vn -0.122713 -0.142814 -0.982113
vn -0.122713 -0.142814 -0.982113
vn -0.112250 0.149763 0.982329
vn -0.112250 0.149763 0.982329
vn -0.112250 0.149763 0.982329
vn -0.112250 0.149763 0.982329
vn 0.231665 0.923904 0.304519
vn 0.231665 0.923904 0.304519
vn 0.231665 0.923904 0.304519
vn 0.231665 0.923904 0.304519
vn 0.180315 -0.949252 -0.257695
vn 0.180315 -0.949252 -0.257695
vn 0.180315 -0.949252 -0.257695
vn 0.180315 -0.949252 -0.257695
vn 0.192352 -0.655189 -0.730567
vn 0.192352 -0.655189 -0.730567
vn 0.192352 -0.655189 -0.730567
vn 0.192352 -0.655189 -0.730567
vn 0.205779 0.621120 0.756218
vn 0.205779 0.621120 0.756218
vn 0.205779 0.621120 0.756218
vn 0.205779 0.621120 0.756218
vn 0.044603 -0.115290 0.992330
vn 0.044603 -0.115290 0.992330
vn 0.044603 -0.115290 0.992330
vn 0.044603 -0.115290 0.992330
vn 0.078615 -0.203203 -0.975976
vn 0.078615 -0.203203 -0.975976
vn 0.078615 -0.203203 -0.975976
vn 0.078615 -0.203203 -0.975976
vn 0.020585 -0.228358 -0.973360
vn 0.020585 -0.228358 -0.973360
vn 0.020585 -0.228358 -0.973360
vn 0.020585 -0.228358 -0.973360
vn 0.011089 -0.123017 0.992343
vn 0.011089 -0.123017 0.992343
vn 0.011089 -0.123017 0.992343
vn 0.011089 -0.123017 0.992343
vn -0.199291 0.976679 0.079879
vn -0.199291 0.976679 0.079879
vn -0.199291 0.976679 0.079879
vn -0.199291 0.976679 0.079879
vn -0.151195 -0.986100 -0.068896
vn -0.151195 -0.986100 -0.068896
vn -0.151195 -0.986100 -0.068896
vn -0.151195 -0.986100 -0.068896
vn -0.143462 -0.988948 0.037412
vn -0.143462 -0.988948 0.037412
vn -0.143462 -0.988948 0.037412
vn -0.143462 -0.988948 0.037412
vn -0.185543 0.978834 -0.086354
vn -0.185543 0.978834 -0.086354
vn -0.185543 0.978834 -0.086354
vn -0.185543 0.978834 -0.086354
vn 0.005601 -0.998045 0.062252
vn 0.005601 -0.998045 0.062252
vn 0.005601 -0.998045 0.062252
vn 0.005601 -0.998045 0.062252
vn 0.004962 -0.997179 -0.074890
vn 0.004962 -0.997179 -0.074890
vn 0.004962 -0.997179 -0.074890
vn 0.004962 -0.997179 -0.074890
vn 0.012645 -0.997113 -0.074877
vn 0.012645 -0.997113 -0.074877
vn 0.012645 -0.997113 -0.074877
vn 0.012645 -0.997113 -0.074877
vn 0.012339 -0.997780 0.065444
vn 0.012339 -0.997780 0.065444
vn 0.012339 -0.997780 0.065444
vn 0.012339 -0.997780 0.065444
vn -0.012898 -0.997764 0.065578
vn -0.012898 -0.997764 0.065578
vn -0.012898 -0.997764 0.065578
vn -0.012898 -0.997764 0.065578
vn -0.013219 -0.997105 -0.074881
vn -0.013219 -0.997105 -0.074881
vn -0.013219 -0.997105 -0.074881
vn -0.013219 -0.997105 -0.074881
vn -0.005424 -0.997176 -0.074902
vn -0.005424 -0.997176 -0.074902
vn -0.005424 -0.997176 -0.074902
vn -0.005424 -0.997176 -0.074902
vn -0.006121 -0.998036 0.062336
vn -0.006121 -0.998036 0.062336
vn -0.006121 -0.998036 0.062336
vn -0.006121 -0.998036 0.062336
vn 0.019983 -0.133058 -0.990907
vn 0.019983 -0.133058 -0.990907
vn 0.019983 -0.133058 -0.990907
vn 0.019983 -0.133058 -0.990907
vn 0.002557 -0.119270 -0.992859
vn 0.002557 -0.119270 -0.992859
vn 0.002557 -0.119270 -0.992859
vn 0.002557 -0.119270 -0.992859
vn 0.001177 -0.018669 -0.999825
vn 0.001177 -0.018669 -0.999825
vn 0.001177 -0.018669 -0.999825
vn 0.001177 -0.018669 -0.999825
vn 0.016799 -0.024062 -0.999569
vn 0.016799 -0.024062 -0.999569
vn 0.016799 -0.024062 -0.999569
vn 0.016799 -0.024062 -0.999569
vn -0.012871 -0.958535 -0.284684
vn -0.012871 -0.958535 -0.284684
vn -0.012871 -0.958535 -0.284684
vn -0.012871 -0.958535 -0.284684
vn -0.003979 -0.597206 -0.802078
vn -0.003979 -0.597206 -0.802078
vn -0.003979 -0.597206 -0.802078
vn -0.003979 -0.597206 -0.802078
vn 0.013751 -0.627583 -0.778429
vn 0.013751 -0.627583 -0.778429
vn 0.013751 -0.627583 -0.778429
vn 0.013751 -0.627583 -0.778429
vn -0.002920 -0.958657 -0.284550
vn -0.002920 -0.958657 -0.284550
vn -0.002920 -0.958657 -0.284550
vn -0.002920 -0.958657 -0.284550
vn 0.002669 -0.958664 -0.284528
vn 0.002669 -0.958664 -0.284528
vn 0.002669 -0.958664 -0.284528
vn 0.002669 -0.958664 -0.284528
vn -0.012547 -0.627522 -0.778498
vn -0.012547 -0.627522 -0.778498
vn -0.012547 -0.627522 -0.778498
vn -0.012547 -0.627522 -0.778498
vn 0.003801 -0.597211 -0.802076
vn 0.003801 -0.597211 -0.802076
vn 0.003801 -0.597211 -0.802076
vn 0.003801 -0.597211 -0.802076
vn 0.012305 -0.958547 -0.284668
vn 0.012305 -0.958547 -0.284668
vn 0.012305 -0.958547 -0.284668
vn 0.012305 -0.958547 -0.284668
vn -0.002442 -0.119270 -0.992859
vn -0.002442 -0.119270 -0.992859
vn -0.002442 -0.119270 -0.992859
vn -0.002442 -0.119270 -0.992859
vn -0.018229 -0.133095 -0.990936
vn -0.018229 -0.133095 -0.990936
vn -0.018229 -0.133095 -0.990936
vn -0.018229 -0.133095 -0.990936
vn -0.015338 -0.024118 -0.999591
vn -0.015338 -0.024118 -0.999591
vn -0.015338 -0.024118 -0.999591
vn -0.015338 -0.024118 -0.999591
vn -0.001124 -0.018669 -0.999825
vn -0.001124 -0.018669 -0.999825
vn -0.001124 -0.018669 -0.999825
vn -0.001124 -0.018669 -0.999825
vn -0.012645 0.997113 0.074877
vn -0.012645 0.997113 0.074877
vn -0.012645 0.997113 0.074877
vn -0.012645 0.997113 0.074877
vn -0.044507 0.996131 0.075779
vn -0.044507 0.996131 0.075779
vn -0.044507 0.996131 0.075779
vn -0.044507 0.996131 0.075779
vn -0.042615 0.996779 -0.067940
vn -0.042615 0.996779 -0.067940
vn -0.042615 0.996779 -0.067940
vn -0.042615 0.996779 -0.067940
vn -0.012339 0.997647 -0.067445
vn -0.012339 0.997647 -0.067445
vn -0.012339 0.997647 -0.067445
vn -0.012339 0.997647 -0.067445
vn 0.048638 0.995931 0.075865
vn 0.048638 0.995931 0.075865
vn 0.048638 0.995931 0.075865
vn 0.048638 0.995931 0.075865
vn 0.013219 0.997105 0.074881
vn 0.013219 0.997105 0.074881
vn 0.013219 0.997105 0.074881
vn 0.013219 0.997105 0.074881
vn 0.012897 0.997631 -0.067572
vn 0.012897 0.997631 -0.067572
vn 0.012897 0.997631 -0.067572
vn 0.012897 0.997631 -0.067572
vn 0.046551 0.996562 -0.068533
vn 0.046551 0.996562 -0.068533
vn 0.046551 0.996562 -0.068533
vn 0.046551 0.996562 -0.068533
vn 0.001099 -0.017430 0.999847
vn 0.001099 -0.017430 0.999847
vn 0.001099 -0.017430 0.999847
vn 0.001099 -0.017430 0.999847
vn -0.002557 0.119270 0.992859
vn -0.002557 0.119270 0.992859
vn -0.002557 0.119270 0.992859
vn -0.002557 0.119270 0.992859
vn 0.008288 0.133621 0.990998
vn 0.008288 0.133621 0.990998
vn 0.008288 0.133621 0.990998
vn 0.008288 0.133621 0.990998
vn 0.015390 -0.022044 0.999639
vn 0.015390 -0.022044 0.999639
vn 0.015390 -0.022044 0.999639
vn 0.015390 -0.022044 0.999639
vn 0.030796 0.624727 0.780236
vn 0.030796 0.624727 0.780236
vn 0.030796 0.624727 0.780236
vn 0.030796 0.624727 0.780236
vn 0.003979 0.597206 0.802078
vn 0.003979 0.597206 0.802078
vn 0.003979 0.597206 0.802078
vn 0.003979 0.597206 0.802078
vn 0.012871 0.958535 0.284684
vn 0.012871 0.958535 0.284684
vn 0.012871 0.958535 0.284684
vn 0.012871 0.958535 0.284684
vn 0.049708 0.956232 0.288356
vn 0.049708 0.956232 0.288356
vn 0.049708 0.956232 0.288356
vn 0.049708 0.956232 0.288356
vn -0.003801 0.597210 0.802076
vn -0.003801 0.597210 0.802076
vn -0.003801 0.597210 0.802076
vn -0.003801 0.597210 0.802076
vn -0.028107 0.624935 0.780171
vn -0.028107 0.624935 0.780171
vn -0.028107 0.624935 0.780171
vn -0.028107 0.624935 0.780171
vn -0.045437 0.956541 0.288035
vn -0.045437 0.956541 0.288035
vn -0.045437 0.956541 0.288035
vn -0.045437 0.956541 0.288035
vn -0.012305 0.958547 0.284668
vn -0.012305 0.958547 0.284668
vn -0.012305 0.958547 0.284668
vn -0.012305 0.958547 0.284668
vn -0.014049 -0.022091 0.999657
vn -0.014049 -0.022091 0.999657
vn -0.014049 -0.022091 0.999657
vn -0.014049 -0.022091 0.999657
vn -0.007560 0.133607 0.991006
vn -0.007560 0.133607 0.991006
vn -0.007560 0.133607 0.991006
vn -0.007560 0.133607 0.991006
vn 0.002442 0.119270 0.992859
vn 0.002442 0.119270 0.992859
vn 0.002442 0.119270 0.992859
vn 0.002442 0.119270 0.992859
vn -0.001050 -0.017431 0.999848
vn -0.001050 -0.017431 0.999848
vn -0.001050 -0.017431 0.999848
vn -0.001050 -0.017431 0.999848
vn 0.498300 0.117213 0.859045
vn 0.498300 0.117213 0.859045
vn 0.498300 0.117213 0.859045
vn 0.498300 0.117213 0.859045
vn 0.456885 0.117110 0.881783
vn 0.456885 0.117110 0.881783
vn 0.456885 0.117110 0.881783
vn 0.456885 0.117110 0.881783
vn 0.987339 -0.026535 0.156389
vn 0.987339 -0.026535 0.156389
vn 0.987339 -0.026535 0.156389
vn 0.987339 -0.026535 0.156389
vn 0.983510 -0.007892 0.180682
vn 0.983510 -0.007892 0.180682
vn 0.983510 -0.007892 0.180682
vn 0.983510 -0.007892 0.180682
vn -0.048499 0.221240 0.974013
vn -0.048499 0.221240 0.974013
vn -0.048499 0.221240 0.974013
vn -0.048499 0.221240 0.974013
vn -0.028628 0.236792 0.971138
vn -0.028628 0.236792 0.971138
vn -0.028628 0.236792 0.971138
vn -0.028628 0.236792 0.971138
vn 0.020554 0.258715 0.965735
vn 0.020554 0.258715 0.965735
vn 0.020554 0.258715 0.965735
vn 0.020554 0.258715 0.965735
vn 0.017912 0.257738 0.966049
vn 0.017912 0.257738 0.966049
vn 0.017912 0.257738 0.966049
vn 0.017912 0.257738 0.966049
vn -0.018760 0.257753 0.966029
vn -0.018760 0.257753 0.966029
vn -0.018760 0.257753 0.966029
vn -0.018760 0.257753 0.966029
vn -0.021511 0.258744 0.965707
vn -0.021511 0.258744 0.965707
vn -0.021511 0.258744 0.965707
vn -0.021511 0.258744 0.965707
vn 0.031330 0.236514 0.971123
vn 0.031330 0.236514 0.971123
vn 0.031330 0.236514 0.971123
vn 0.031330 0.236514 0.971123
vn 0.053087 0.220931 0.973843
vn 0.053087 0.220931 0.973843
vn 0.053087 0.220931 0.973843
vn 0.053087 0.220931 0.973843
vn 0.999376 -0.008078 0.034397
vn 0.999376 -0.008078 0.034397
vn 0.999376 -0.008078 0.034397
vn 0.999376 -0.008078 0.034397
vn 0.999493 -0.013067 0.029035
vn 0.999493 -0.013067 0.029035
vn 0.999493 -0.013067 0.029035
vn 0.999493 -0.013067 0.029035
vn 0.722602 0.065740 -0.688132
vn 0.722602 0.065740 -0.688132
vn 0.722602 0.065740 -0.688132
vn 0.722602 0.065740 -0.688132
vn 0.738634 -0.031615 -0.673365
vn 0.738634 -0.031615 -0.673365
vn 0.738634 -0.031615 -0.673365
vn 0.738634 -0.031615 -0.673365
vn -0.983510 -0.007893 0.180682
vn -0.983510 -0.007893 0.180682
vn -0.983510 -0.007893 0.180682
vn -0.983510 -0.007893 0.180682
vn -0.987339 -0.026535 0.156389
vn -0.987339 -0.026535 0.156389
vn -0.987339 -0.026535 0.156389
vn -0.987339 -0.026535 0.156389
vn -0.429904 0.121929 0.894604
vn -0.429904 0.121929 0.894604
vn -0.429904 0.121929 0.894604
vn -0.429904 0.121929 0.894604
vn -0.471334 0.121112 0.873600
vn -0.471334 0.121112 0.873600
vn -0.471334 0.121112 0.873600
vn -0.471334 0.121112 0.873600
vn -0.737884 -0.033471 -0.674097
vn -0.737884 -0.033471 -0.674097
vn -0.737884 -0.033471 -0.674097
vn -0.737884 -0.033471 -0.674097
vn -0.721782 0.067745 -0.688797
vn -0.721782 0.067745 -0.688797
vn -0.721782 0.067745 -0.688797
vn -0.721782 0.067745 -0.688797
vn -0.999493 -0.013067 0.029036
vn -0.999493 -0.013067 0.029036
vn -0.999493 -0.013067 0.029036
vn -0.999493 -0.013067 0.029036
vn -0.999376 -0.008080 0.034397
vn -0.999376 -0.008080 0.034397
vn -0.999376 -0.008080 0.034397
vn -0.999376 -0.008080 0.034397
vn -0.680033 0.151471 -0.717364
vn -0.680033 0.151471 -0.717364
vn -0.680033 0.151471 -0.717364
vn -0.680033 0.151471 -0.717364
vn -0.545815 0.567057 -0.616872
vn -0.545815 0.567057 -0.616872
vn -0.545815 0.567057 -0.616872
vn -0.545815 0.567057 -0.616872
vn -0.791732 0.609347 0.043095
vn -0.791732 0.609347 0.043095
vn -0.791732 0.609347 0.043095
vn -0.791732 0.609347 0.043095
vn -0.999655 -0.005982 0.025571
vn -0.999655 -0.005982 0.025571
vn -0.999655 -0.005982 0.025571
vn -0.999655 -0.005982 0.025571
vn -0.990837 -0.010393 0.134659
vn -0.990837 -0.010393 0.134659
vn -0.990837 -0.010393 0.134659
vn -0.990837 -0.010393 0.134659
vn -0.767525 0.603212 0.216890
vn -0.767525 0.603212 0.216890
vn -0.767525 0.603212 0.216890
vn -0.767525 0.603212 0.216890
vn -0.303149 0.290606 0.907551
vn -0.303149 0.290606 0.907551
vn -0.303149 0.290606 0.907551
vn -0.303149 0.290606 0.907551
vn -0.421373 0.030748 0.906366
vn -0.421373 0.030748 0.906366
vn -0.421373 0.030748 0.906366
vn -0.421373 0.030748 0.906366
vn 0.999655 -0.005981 0.025571
vn 0.999655 -0.005981 0.025571
vn 0.999655 -0.005981 0.025571
vn 0.999655 -0.005981 0.025571
vn 0.815886 0.576652 0.042458
vn 0.815886 0.576652 0.042458
vn 0.815886 0.576652 0.042458
vn 0.815886 0.576652 0.042458
vn 0.567360 0.538027 -0.623401
vn 0.567360 0.538027 -0.623401
vn 0.567360 0.538027 -0.623401
vn 0.567360 0.538027 -0.623401
vn 0.684315 0.145926 -0.714436
vn 0.684315 0.145926 -0.714436
vn 0.684315 0.145926 -0.714436
vn 0.684315 0.145926 -0.714436
vn 0.000000 -0.999996 0.002861
vn 0.000000 -0.999996 0.002861
vn 0.000000 -0.999996 0.002861
vn 0.000000 -0.999996 0.002861
vn 0.201343 -0.979449 0.011848
vn 0.201343 -0.979449 0.011848
vn 0.201343 -0.979449 0.011848
vn 0.201343 -0.979449 0.011848
vn 0.196105 -0.914113 -0.354882
vn 0.196105 -0.914113 -0.354882
vn 0.196105 -0.914113 -0.354882
vn 0.196105 -0.914113 -0.354882
vn 0.020571 -0.979181 -0.201942
vn 0.020571 -0.979181 -0.201942
vn 0.020571 -0.979181 -0.201942
vn 0.020571 -0.979181 -0.201942
vn 0.000000 0.998647 0.051996
vn 0.000000 0.998647 0.051996
vn 0.000000 0.998647 0.051996
vn 0.000000 0.998647 0.051996
vn -0.142397 0.988479 0.051312
vn -0.142397 0.988479 0.051312
vn -0.142397 0.988479 0.051312
vn -0.142397 0.988479 0.051312
vn -0.144386 0.937797 -0.315737
vn -0.144386 0.937797 -0.315737
vn -0.144386 0.937797 -0.315737
vn -0.144386 0.937797 -0.315737
vn -0.015455 0.983363 -0.180992
vn -0.015455 0.983363 -0.180992
vn -0.015455 0.983363 -0.180992
vn -0.015455 0.983363 -0.180992
vn 0.881916 -0.469774 0.039209
vn 0.881916 -0.469774 0.039209
vn 0.881916 -0.469774 0.039209
vn 0.881916 -0.469774 0.039209
vn 0.999385 0.003855 0.034860
vn 0.999385 0.003855 0.034860
vn 0.999385 0.003855 0.034860
vn 0.999385 0.003855 0.034860
vn 0.725746 -0.106256 -0.679708
vn 0.725746 -0.106256 -0.679708
vn 0.725746 -0.106256 -0.679708
vn 0.725746 -0.106256 -0.679708
vn 0.640239 -0.459681 -0.615458
vn 0.640239 -0.459681 -0.615458
vn 0.640239 -0.459681 -0.615458
vn 0.640239 -0.459681 -0.615458
vn -0.620243 -0.488991 -0.613341
vn -0.620243 -0.488991 -0.613341
vn -0.620243 -0.488991 -0.613341
vn -0.620243 -0.488991 -0.613341
vn -0.721828 -0.111080 -0.683100
vn -0.721828 -0.111080 -0.683100
vn -0.721828 -0.111080 -0.683100
vn -0.721828 -0.111080 -0.683100
vn -0.999385 0.003855 0.034860
vn -0.999385 0.003855 0.034860
vn -0.999385 0.003855 0.034860
vn -0.999385 0.003855 0.034860
vn -0.864084 -0.501789 0.039575
vn -0.864084 -0.501789 0.039575
vn -0.864084 -0.501789 0.039575
vn -0.864084 -0.501789 0.039575
vn -0.875689 -0.446933 0.182811
vn -0.875689 -0.446933 0.182811
vn -0.875689 -0.446933 0.182811
vn -0.875689 -0.446933 0.182811
vn -0.985073 0.019955 0.170977
vn -0.985073 0.019955 0.170977
vn -0.985073 0.019955 0.170977
vn -0.985073 0.019955 0.170977
vn -0.505831 0.070001 0.859788
vn -0.505831 0.070001 0.859788
vn -0.505831 0.070001 0.859788
vn -0.505831 0.070001 0.859788
vn -0.441355 -0.211706 0.872002
vn -0.441355 -0.211706 0.872002
vn -0.441355 -0.211706 0.872002
vn -0.441355 -0.211706 0.872002
vn 0.154722 0.986617 0.051464
vn 0.154722 0.986617 0.051464
vn 0.154722 0.986617 0.051464
vn 0.154722 0.986617 0.051464
vn 0.000000 0.998647 0.051996
vn 0.000000 0.998647 0.051996
vn 0.000000 0.998647 0.051996
vn 0.000000 0.998647 0.051996
vn 0.015989 0.983160 -0.182045
vn 0.015989 0.983160 -0.182045
vn 0.015989 0.983160 -0.182045
vn 0.015989 0.983160 -0.182045
vn 0.154745 0.933710 -0.322861
vn 0.154745 0.933710 -0.322861
vn 0.154745 0.933710 -0.322861
vn 0.154745 0.933710 -0.322861
vn -0.185471 -0.982582 0.011568
vn -0.185471 -0.982582 0.011568
vn -0.185471 -0.982582 0.011568
vn -0.185471 -0.982582 0.011568
vn -0.000000 -0.999996 0.002861
vn -0.000000 -0.999996 0.002861
vn -0.000000 -0.999996 0.002861
vn -0.000000 -0.999996 0.002861
vn -0.019881 -0.979437 -0.200770
vn -0.019881 -0.979437 -0.200770
vn -0.019881 -0.979437 -0.200770
vn -0.019881 -0.979437 -0.200770
vn -0.183174 -0.919621 -0.347484
vn -0.183174 -0.919621 -0.347484
vn -0.183174 -0.919621 -0.347484
vn -0.183174 -0.919621 -0.347484
vn -0.002911 0.053724 0.998552
vn -0.002911 0.053724 0.998552
vn -0.002911 0.053724 0.998552
vn -0.002911 0.053724 0.998552
vn -0.003402 0.110064 0.993919
vn -0.003402 0.110064 0.993919
vn -0.003402 0.110064 0.993919
vn -0.003402 0.110064 0.993919
vn 0.060618 0.138431 0.988515
vn 0.060618 0.138431 0.988515
vn 0.060618 0.138431 0.988515
vn 0.060618 0.138431 0.988515
vn 0.058818 0.051462 0.996941
vn 0.058818 0.051462 0.996941
vn 0.058818 0.051462 0.996941
vn 0.058818 0.051462 0.996941
vn -0.186885 -0.618876 0.762933
vn -0.186885 -0.618876 0.762933
vn -0.186885 -0.618876 0.762933
vn -0.186885 -0.618876 0.762933
vn -0.005496 -0.758700 0.651417
vn -0.005496 -0.758700 0.651417
vn -0.005496 -0.758700 0.651417
vn -0.005496 -0.758700 0.651417
vn 0.000000 -0.999918 0.012839
vn 0.000000 -0.999918 0.012839
vn 0.000000 -0.999918 0.012839
vn 0.000000 -0.999918 0.012839
vn -0.202192 -0.977865 0.053839
vn -0.202192 -0.977865 0.053839
vn -0.202192 -0.977865 0.053839
vn -0.202192 -0.977865 0.053839
vn 0.092407 0.541832 0.835391
vn 0.092407 0.541832 0.835391
vn 0.092407 0.541832 0.835391
vn 0.092407 0.541832 0.835391
vn -0.003455 0.566545 0.824024
vn -0.003455 0.566545 0.824024
vn -0.003455 0.566545 0.824024
vn -0.003455 0.566545 0.824024
vn 0.000000 0.968430 0.249285
vn 0.000000 0.968430 0.249285
vn 0.000000 0.968430 0.249285
vn 0.000000 0.968430 0.249285
vn 0.147152 0.957374 0.248558
vn 0.147152 0.957374 0.248558
vn 0.147152 0.957374 0.248558
vn 0.147152 0.957374 0.248558
vn 0.007241 -0.089047 0.996001
vn 0.007241 -0.089047 0.996001
vn 0.007241 -0.089047 0.996001
vn 0.007241 -0.089047 0.996001
vn 0.001367 0.088817 0.996047
vn 0.001367 0.088817 0.996047
vn 0.001367 0.088817 0.996047
vn 0.001367 0.088817 0.996047
vn 0.089723 0.085816 0.992263
vn 0.089723 0.085816 0.992263
vn 0.089723 0.085816 0.992263
vn 0.089723 0.085816 0.992263
vn 0.122033 -0.095577 0.987914
vn 0.122033 -0.095577 0.987914
vn 0.122033 -0.095577 0.987914
vn 0.122033 -0.095577 0.987914
vn 0.469761 -0.204465 0.858789
vn 0.469761 -0.204465 0.858789
vn 0.469761 -0.204465 0.858789
vn 0.469761 -0.204465 0.858789
vn 0.533523 0.069473 0.842927
vn 0.533523 0.069473 0.842927
vn 0.533523 0.069473 0.842927
vn 0.533523 0.069473 0.842927
vn 0.985073 0.019955 0.170978
vn 0.985073 0.019955 0.170978
vn 0.985073 0.019955 0.170978
vn 0.985073 0.019955 0.170978
vn 0.891525 -0.415306 0.180841
vn 0.891525 -0.415306 0.180841
vn 0.891525 -0.415306 0.180841
vn 0.891525 -0.415306 0.180841
vn -0.111835 -0.096312 0.989049
vn -0.111835 -0.096312 0.989049
vn -0.111835 -0.096312 0.989049
vn -0.111835 -0.096312 0.989049
vn -0.082087 0.085693 0.992934
vn -0.082087 0.085693 0.992934
vn -0.082087 0.085693 0.992934
vn -0.082087 0.085693 0.992934
vn -0.001305 0.088817 0.996047
vn -0.001305 0.088817 0.996047
vn -0.001305 0.088817 0.996047
vn -0.001305 0.088817 0.996047
vn -0.006920 -0.089056 0.996003
vn -0.006920 -0.089056 0.996003
vn -0.006920 -0.089056 0.996003
vn -0.006920 -0.089056 0.996003
vn 0.003307 0.566540 0.824028
vn 0.003307 0.566540 0.824028
vn 0.003307 0.566540 0.824028
vn 0.003307 0.566540 0.824028
vn -0.084837 0.542801 0.835566
vn -0.084837 0.542801 0.835566
vn -0.084837 0.542801 0.835566
vn -0.084837 0.542801 0.835566
vn -0.135298 0.959301 0.247864
vn -0.135298 0.959301 0.247864
vn -0.135298 0.959301 0.247864
vn -0.135298 0.959301 0.247864
vn 0.000000 0.968430 0.249285
vn 0.000000 0.968430 0.249285
vn 0.000000 0.968430 0.249285
vn 0.000000 0.968430 0.249285
vn 0.005744 -0.758691 0.651426
vn 0.005744 -0.758691 0.651426
vn 0.005744 -0.758691 0.651426
vn 0.005744 -0.758691 0.651426
vn 0.203129 -0.615221 0.761736
vn 0.203129 -0.615221 0.761736
vn 0.203129 -0.615221 0.761736
vn 0.203129 -0.615221 0.761736
vn 0.219671 -0.974010 0.055225
vn 0.219671 -0.974010 0.055225
vn 0.219671 -0.974010 0.055225
vn 0.219671 -0.974010 0.055225
vn 0.000000 -0.999918 0.012839
vn 0.000000 -0.999918 0.012839
vn 0.000000 -0.999918 0.012839
vn 0.000000 -0.999918 0.012839
vn -0.053876 0.051583 0.997214
vn -0.053876 0.051583 0.997214
vn -0.053876 0.051583 0.997214
vn -0.053876 0.051583 0.997214
vn -0.055563 0.138606 0.988788
vn -0.055563 0.138606 0.988788
vn -0.055563 0.138606 0.988788
vn -0.055563 0.138606 0.988788
vn 0.003254 0.110063 0.993919
vn 0.003254 0.110063 0.993919
vn 0.003254 0.110063 0.993919
vn 0.003254 0.110063 0.993919
vn 0.002783 0.053724 0.998552
vn 0.002783 0.053724 0.998552
vn 0.002783 0.053724 0.998552
vn 0.002783 0.053724 0.998552
vn 0.448446 0.029549 0.893321
vn 0.448446 0.029549 0.893321
vn 0.448446 0.029549 0.893321
vn 0.448446 0.029549 0.893321
vn 0.326103 0.286402 0.900906
vn 0.326103 0.286402 0.900906
vn 0.326103 0.286402 0.900906
vn 0.326103 0.286402 0.900906
vn 0.792410 0.571271 0.213861
vn 0.792410 0.571271 0.213861
vn 0.792410 0.571271 0.213861
vn 0.792410 0.571271 0.213861
vn 0.990838 -0.010393 0.134658
vn 0.990838 -0.010393 0.134658
vn 0.990838 -0.010393 0.134658
vn 0.990838 -0.010393 0.134658
usemtl purse_Brown
f 1//1 2//2 3//3
f 2//2 1//1 4//4
f 5//5 6//6 7//7
f 5//5 7//7 8//8
f 9//9 10//10 11//11
f 12//12 10//10 9//9
f 13//13 14//14 15//15
f 16//16 14//14 13//13
f 17//17 18//18 19//19
f 18//18 17//17 20//20
f 21//21 22//22 23//23
f 23//23 24//24 21//21
f 25//25 26//26 27//27
f 26//26 25//25 28//28
f 29//29 30//30 31//31
f 29//29 32//32 30//30
f 33//33 34//34 35//35
f 36//36 35//35 34//34
f 37//37 38//38 39//39
f 38//38 37//37 40//40
f 41//41 42//42 43//43
f 44//44 43//43 42//42
f 45//45 46//46 47//47
f 46//46 45//45 48//48
f 49//49 50//50 51//51
f 52//52 50//50 49//49
f 53//53 54//54 55//55
f 54//54 53//53 56//56
f 57//57 58//58 59//59
f 59//59 60//60 57//57
f 61//61 62//62 63//63
f 63//63 64//64 61//61
f 65//65 66//66 67//67
f 68//68 67//67 66//66
f 69//69 70//70 71//71
f 71//71 70//70 72//72
f 73//73 74//74 75//75
f 76//76 74//74 73//73
f 77//77 78//78 79//79
f 78//78 77//77 80//80
f 81//81 82//82 83//83
f 84//84 83//83 82//82
f 85//85 86//86 87//87
f 88//88 86//86 85//85
f 89//89 90//90 91//91
f 91//91 92//92 89//89
f 93//93 94//94 95//95
f 96//96 93//93 95//95
f 97//97 98//98 99//99
f 100//100 98//98 97//97
f 101//101 102//102 103//103
f 103//103 104//104 101//101
f 105//105 106//106 107//107
f 105//105 107//107 108//108
f 109//109 110//110 111//111
f 111//111 112//112 109//109
f 113//113 114//114 115//115
f 114//114 113//113 116//116
f 117//117 118//118 119//119
f 117//117 119//119 120//120
f 121//121 122//122 123//123
f 122//122 121//121 124//124
f 125//125 126//126 127//127
f 127//127 128//128 125//125
f 129//129 130//130 131//131
f 130//130 129//129 132//132
f 133//133 134//134 135//135
f 134//134 133//133 136//136
f 137//137 138//138 139//139
f 138//138 137//137 140//140
f 141//141 142//142 143//143
f 142//142 141//141 144//144
f 145//145 146//146 147//147
f 145//145 147//147 148//148
f 149//149 150//150 151//151
f 152//152 151//151 150//150
f 153//153 154//154 155//155
f 154//154 153//153 156//156
f 157//157 158//158 159//159
f 158//158 157//157 160//160
f 161//161 162//162 163//163
f 162//162 161//161 164//164
f 165//165 166//166 167//167
f 166//166 165//165 168//168
f 169//169 170//170 171//171
f 170//170 169//169 172//172
f 173//173 174//174 175//175
f 175//175 176//176 173//173
f 177//177 178//178 179//179
f 180//180 179//179 178//178
f 181//181 182//182 183//183
f 182//182 181//181 184//184
f 185//185 186//186 187//187
f 188//188 185//185 187//187
f 189//189 190//190 191//191
f 189//189 192//192 190//190
f 193//193 194//194 195//195
f 194//194 193//193 196//196
f 197//197 198//198 199//199
f 197//197 200//200 198//198
f 201//201 202//202 203//203
f 202//202 201//201 204//204
f 205//205 206//206 207//207
f 206//206 205//205 208//208
f 209//209 210//210 211//211
f 210//210 209//209 212//212
f 213//213 214//214 215//215
f 214//214 213//213 216//216
f 217//217 218//218 219//219
f 218//218 217//217 220//220
f 221//221 222//222 223//223
f 222//222 221//221 224//224
f 225//225 226//226 227//227
f 225//225 228//228 226//226
f 229//229 230//230 231//231
f 230//230 229//229 232//232
f 233//233 234//234 235//235
f 235//235 236//236 233//233
f 237//237 238//238 239//239
f 239//239 238//238 240//240
f 241//241 242//242 243//243
f 242//242 241//241 244//244
f 245//245 246//246 247//247
f 246//246 245//245 248//248
f 249//249 250//250 251//251
f 250//250 249//249 252//252
f 253//253 254//254 255//255
f 254//254 253//253 256//256
f 257//257 258//258 259//259
f 258//258 257//257 260//260
f 261//261 262//262 263//263
f 262//262 261//261 264//264
f 265//265 266//266 267//267
f 266//266 265//265 268//268
f 269//269 270//270 271//271
f 269//269 272//272 270//270
f 273//273 274//274 275//275
f 275//275 276//276 273//273
f 277//277 278//278 279//279
f 279//279 278//278 280//280
f 281//281 282//282 283//283
f 281//281 283//283 284//284
f 285//285 286//286 287//287
f 286//286 285//285 288//288
f 289//289 290//290 291//291
f 290//290 289//289 292//292
f 293//293 294//294 295//295
f 293//293 296//296 294//294
f 297//297 298//298 299//299
f 298//298 297//297 300//300
f 301//301 302//302 303//303
f 302//302 301//301 304//304
f 305//305 306//306 307//307
f 305//305 308//308 306//306
f 309//309 310//310 311//311
f 310//310 309//309 312//312
f 313//313 314//314 315//315
f 314//314 313//313 316//316
f 317//317 318//318 319//319
f 318//318 317//317 320//320
f 321//321 322//322 323//323
f 322//322 321//321 324//324
f 325//325 326//326 327//327
f 326//326 325//325 328//328
f 329//329 330//330 331//331
f 329//329 332//332 330//330
f 333//333 334//334 335//335
f 336//336 335//335 334//334
f 337//337 338//338 339//339
f 338//338 337//337 340//340
f 341//341 342//342 343//343
f 341//341 344//344 342//342
f 345//345 346//346 347//347
f 346//346 345//345 348//348
f 349//349 350//350 351//351
f 349//349 352//352 350//350
f 353//353 354//354 355//355
f 353//353 356//356 354//354
f 357//357 358//358 359//359
f 358//358 357//357 360//360
f 361//361 362//362 363//363
f 362//362 361//361 364//364
f 365//365 366//366 367//367
f 366//366 365//365 368//368
f 369//369 370//370 371//371
f 370//370 369//369 372//372
f 373//373 374//374 375//375
f 376//376 375//375 374//374
f 377//377 378//378 379//379
f 378//378 377//377 380//380
f 381//381 382//382 383//383
f 384//384 383//383 382//382
f 385//385 386//386 387//387
f 386//386 385//385 388//388
f 389//389 390//390 391//391
f 390//390 389//389 392//392
f 393//393 394//394 395//395
f 396//396 395//395 394//394
f 397//397 398//398 399//399
f 398//398 397//397 400//400
f 401//401 402//402 403//403
f 402//402 401//401 404//404
f 405//405 406//406 407//407
f 405//405 408//408 406//406
f 409//409 410//410 411//411
f 410//410 409//409 412//412
f 413//413 414//414 415//415
f 414//414 413//413 416//416
f 417//417 418//418 419//419
f 420//420 419//419 418//418
f 421//421 422//422 423//423
f 422//422 421//421 424//424
f 425//425 426//426 427//427
f 426//426 425//425 428//428
f 429//429 430//430 431//431
f 429//429 432//432 430//430
f 433//433 434//434 435//435
f 434//434 433//433 436//436
f 437//437 438//438 439//439
f 438//438 437//437 440//440
f 441//441 442//442 443//443
f 442//442 441//441 444//444
f 445//445 446//446 447//447
f 448//448 447//447 446//446
f 449//449 450//450 451//451
f 452//452 451//451 450//450
f 453//453 454//454 455//455
f 454//454 453//453 456//456
f 457//457 458//458 459//459
f 458//458 457//457 460//460
f 461//461 462//462 463//463
f 462//462 461//461 464//464
f 465//465 466//466 467//467
f 466//466 465//465 468//468
f 469//469 470//470 471//471
f 470//470 469//469 472//472
f 473//473 474//474 475//475
f 474//474 473//473 476//476
f 477//477 478//478 479//479
f 477//477 480//480 478//478
f 481//481 482//482 483//483
f 481//481 484//484 482//482
f 485//485 486//486 487//487
f 486//486 485//485 488//488
f 489//489 490//490 491//491
f 489//489 492//492 490//490
f 493//493 494//494 495//495
f 494//494 493//493 496//496
f 497//497 498//498 499//499
f 500//500 498//498 497//497
f 501//501 502//502 503//503
f 502//502 501//501 504//504
f 505//505 506//506 507//507
f 506//506 505//505 508//508
f 509//509 510//510 511//511
f 510//510 509//509 512//512
f 513//513 514//514 515//515
f 513//513 516//516 514//514
f 517//517 518//518 519//519
f 518//518 517//517 520//520
f 521//521 522//522 523//523
f 521//521 524//524 522//522
f 525//525 526//526 527//527
f 526//526 525//525 528//528
f 529//529 530//530 531//531
f 530//530 529//529 532//532
f 533//533 534//534 535//535
f 534//534 533//533 536//536
f 537//537 538//538 539//539
f 538//538 537//537 540//540
f 541//541 542//542 543//543
f 544//544 543//543 542//542
f 545//545 546//546 547//547
f 546//546 545//545 548//548
f 549//549 550//550 551//551
f 550//550 549//549 552//552
f 553//553 554//554 555//555
f 553//553 556//556 554//554
f 557//557 558//558 559//559
f 560//560 557//557 559//559
f 561//561 562//562 563//563
f 562//562 561//561 564//564
f 565//565 566//566 567//567
f 566//566 565//565 568//568
f 569//569 570//570 571//571
f 569//569 572//572 570//570
f 573//573 574//574 575//575
f 576//576 573//573 575//575
f 577//577 578//578 579//579
f 580//580 578//578 577//577
f 581//581 582//582 583//583
f 582//582 581//581 584//584
f 585//585 586//586 587//587
f 586//586 585//585 588//588
f 589//589 590//590 591//591
f 590//590 589//589 592//592
f 593//593 594//594 595//595
f 596//596 594//594 593//593
f 597//597 598//598 599//599
f 598//598 597//597 600//600
f 601//601 602//602 603//603
f 602//602 601//601 604//604
f 605//605 606//606 607//607
f 608//608 605//605 607//607
f 609//609 610//610 611//611
f 612//612 610//610 609//609
f 613//613 614//614 615//615
f 614//614 613//613 616//616
f 617//617 618//618 619//619
f 618//618 617//617 620//620
f 621//621 622//622 623//623
f 622//622 621//621 624//624
f 625//625 626//626 627//627
f 626//626 625//625 628//628
f 629//629 630//630 631//631
f 630//630 629//629 632//632
f 633//633 634//634 635//635
f 634//634 633//633 636//636
f 637//637 638//638 639//639
f 640//640 637//637 639//639
f 641//641 642//642 643//643
f 642//642 641//641 644//644
f 645//645 646//646 647//647
f 645//645 648//648 646//646
f 649//649 650//650 651//651
f 652//652 649//649 651//651
f 653//653 654//654 655//655
f 654//654 653//653 656//656
f 657//657 658//658 659//659
f 658//658 657//657 660//660
f 661//661 662//662 663//663
f 661//661 664//664 662//662
f 665//665 666//666 667//667
f 668//668 666//666 665//665
f 669//669 670//670 671//671
f 670//670 669//669 672//672
f 673//673 674//674 675//675
f 674//674 673//673 676//676
f 677//677 678//678 679//679
f 678//678 677//677 680//680
f 681//681 682//682 683//683
f 682//682 681//681 684//684
f 685//685 686//686 687//687
f 688//688 685//685 687//687
f 689//689 690//690 691//691
f 690//690 689//689 692//692
f 693//693 694//694 695//695
f 694//694 693//693 696//696
f 697//697 698//698 699//699
f 697//697 700//700 698//698
f 701//701 702//702 703//703
f 702//702 701//701 704//704
f 705//705 706//706 707//707
f 706//706 705//705 708//708
f 709//709 710//710 711//711
f 710//710 709//709 712//712
f 713//713 714//714 715//715
f 714//714 713//713 716//716
f 717//717 718//718 719//719
f 718//718 717//717 720//720
f 721//721 722//722 723//723
f 724//724 721//721 723//723
f 725//725 726//726 727//727
f 726//726 725//725 728//728
f 729//729 730//730 731//731
f 730//730 729//729 732//732
f 733//733 734//734 735//735
f 735//735 736//736 733//733
f 737//737 738//738 739//739
f 738//738 737//737 740//740
f 741//741 742//742 743//743
f 742//742 741//741 744//744
f 745//745 746//746 747//747
f 746//746 745//745 748//748
f 749//749 750//750 751//751
f 752//752 750//750 749//749
f 753//753 754//754 755//755
f 754//754 753//753 756//756
f 757//757 758//758 759//759
f 758//758 757//757 760//760
f 761//761 762//762 763//763
f 763//763 764//764 761//761
f 765//765 766//766 767//767
f 768//768 767//767 766//766
f 769//769 770//770 771//771
f 771//771 770//770 772//772
f 773//773 774//774 775//775
f 774//774 773//773 776//776
f 777//777 778//778 779//779
f 780//780 779//779 778//778
f 781//781 782//782 783//783
f 782//782 781//781 784//784
f 785//785 786//786 787//787
f 788//788 787//787 786//786
f 789//789 790//790 791//791
f 790//790 789//789 792//792
f 793//793 794//794 795//795
f 794//794 793//793 796//796
f 797//797 798//798 799//799
f 798//798 797//797 800//800
f 801//801 802//802 803//803
f 802//802 801//801 804//804
f 805//805 806//806 807//807
f 806//806 805//805 808//808
f 809//809 810//810 811//811
f 810//810 809//809 812//812
f 813//813 814//814 815//815
f 816//816 813//813 815//815
f 817//817 818//818 819//819
f 820//820 819//819 818//818
f 821//821 822//822 823//823
f 822//822 821//821 824//824
f 825//825 826//826 827//827
f 825//825 828//828 826//826
f 829//829 830//830 831//831
f 830//830 829//829 832//832
f 833//833 834//834 835//835
f 836//836 834//834 833//833
f 837//837 838//838 839//839
f 838//838 837//837 840//840
f 841//841 842//842 843//843
f 841//841 844//844 842//842
f 845//845 846//846 847//847
f 846//846 845//845 848//848
f 849//849 850//850 851//851
f 850//850 849//849 852//852
f 853//853 854//854 855//855
f 854//854 853//853 856//856
f 857//857 858//858 859//859
f 858//858 857//857 860//860
f 861//861 862//862 863//863
f 861//861 864//864 862//862
f 865//865 866//866 867//867
f 866//866 865//865 868//868
f 869//869 870//870 871//871
f 871//871 872//872 869//869
f 873//873 874//874 875//875
f 874//874 873//873 876//876
f 877//877 878//878 879//879
f 877//877 880//880 878//878
f 881//881 882//882 883//883
f 881//881 884//884 882//882
f 885//885 886//886 887//887
f 886//886 885//885 888//888
f 889//889 890//890 891//891
f 889//889 892//892 890//890
f 893//893 894//894 895//895
f 894//894 893//893 896//896
f 897//897 898//898 899//899
f 898//898 897//897 900//900
f 901//901 902//902 903//903
f 902//902 901//901 904//904
f 905//905 906//906 907//907
f 906//906 905//905 908//908
f 909//909 910//910 911//911
f 912//912 909//909 911//911
v -0.016777 -0.123938 -0.228723
v -0.028013 -0.183739 -0.194611
v -0.027669 -0.118219 -0.214622
v -0.017121 -0.191799 -0.207427
v -0.027669 -0.118219 -0.214622
v -0.017121 -0.175649 -0.181804
v -0.016777 -0.112448 -0.200534
v -0.028013 -0.183739 -0.194611
v -0.028013 -0.183739 -0.194611
v -0.017465 -0.224591 -0.159226
v -0.017121 -0.175649 -0.181804
v -0.028357 -0.235057 -0.170152
v -0.028357 -0.235057 -0.170152
v -0.017121 -0.191799 -0.207427
v -0.017465 -0.245516 -0.181082
v -0.028013 -0.183739 -0.194611
v 0.015558 -0.172913 -0.177547
v -0.016777 -0.112448 -0.200534
v -0.017121 -0.175649 -0.181804
v 0.015902 -0.110456 -0.195857
v 0.048580 -0.112293 -0.200576
v 0.015558 -0.172913 -0.177547
v 0.048236 -0.175561 -0.181831
v 0.015902 -0.110456 -0.195857
v 0.015214 -0.221093 -0.155586
v 0.048236 -0.175561 -0.181831
v 0.015558 -0.172913 -0.177547
v 0.047892 -0.224569 -0.159232
v 0.015214 -0.221093 -0.155586
v -0.017121 -0.175649 -0.181804
v -0.017465 -0.224591 -0.159226
v 0.015558 -0.172913 -0.177547
v 0.048236 -0.175561 -0.181831
v 0.059472 -0.118012 -0.214677
v 0.048580 -0.112293 -0.200576
v 0.059129 -0.183621 -0.194647
v 0.059129 -0.183621 -0.194647
v 0.048580 -0.123782 -0.228764
v 0.059472 -0.118012 -0.214677
v 0.048236 -0.191711 -0.207454
v 0.058785 -0.235028 -0.170161
v 0.048236 -0.191711 -0.207454
v 0.059129 -0.183621 -0.194647
v 0.047892 -0.245494 -0.181088
v 0.058785 -0.235028 -0.170161
v 0.059129 -0.183621 -0.194647
v 0.047892 -0.224569 -0.159232
v 0.048236 -0.175561 -0.181831
v 0.048236 -0.191711 -0.207454
v 0.015902 -0.125775 -0.233442
v 0.048580 -0.123782 -0.228764
v 0.015558 -0.194447 -0.211711
v -0.017121 -0.191799 -0.207427
v 0.015902 -0.125775 -0.233442
v 0.015558 -0.194447 -0.211711
v -0.016777 -0.123938 -0.228723
v 0.015558 -0.194447 -0.211711
v 0.015214 -0.248992 -0.184727
v -0.017465 -0.245516 -0.181082
v -0.017121 -0.191799 -0.207427
v 0.015558 -0.194447 -0.211711
v 0.047892 -0.245494 -0.181088
v 0.015214 -0.248992 -0.184727
v 0.048236 -0.191711 -0.207454
v 0.047777 -0.280519 -0.156275
v 0.015214 -0.248992 -0.184727
v 0.047892 -0.245494 -0.181088
v 0.015099 -0.284695 -0.159077
v -0.017579 -0.280519 -0.156275
v 0.015214 -0.248992 -0.184727
v 0.015099 -0.284695 -0.159077
v -0.017465 -0.245516 -0.181082
v -0.017579 -0.280519 -0.156275
v 0.015099 -0.304857 -0.119909
v -0.017579 -0.300161 -0.118051
v 0.015099 -0.284695 -0.159077
v 0.047777 -0.280519 -0.156275
v 0.015099 -0.304857 -0.119909
v 0.015099 -0.284695 -0.159077
v 0.047777 -0.300161 -0.118051
v -0.028472 -0.267991 -0.147868
v -0.028357 -0.235057 -0.170152
v -0.017465 -0.245516 -0.181082
v -0.017579 -0.280519 -0.156275
v -0.028357 -0.235057 -0.170152
v -0.017579 -0.255462 -0.139461
v -0.017465 -0.224591 -0.159226
v -0.028472 -0.267991 -0.147868
v -0.017579 -0.255462 -0.139461
v -0.028472 -0.286074 -0.112477
v -0.017579 -0.271987 -0.106902
v -0.028472 -0.267991 -0.147868
v -0.017579 -0.300161 -0.118051
v -0.028472 -0.267991 -0.147868
v -0.017579 -0.280519 -0.156275
v -0.028472 -0.286074 -0.112477
v 0.015099 -0.251286 -0.136659
v -0.017465 -0.224591 -0.159226
v -0.017579 -0.255462 -0.139461
v 0.015214 -0.221093 -0.155586
v 0.047892 -0.224569 -0.159232
v 0.015099 -0.251286 -0.136659
v 0.047777 -0.255462 -0.139461
v 0.015214 -0.221093 -0.155586
v 0.015099 -0.251286 -0.136659
v 0.015099 -0.267291 -0.105044
v 0.047777 -0.271987 -0.106902
v 0.047777 -0.255462 -0.139461
v 0.015099 -0.251286 -0.136659
v -0.017579 -0.271987 -0.106902
v 0.015099 -0.267291 -0.105044
v -0.017579 -0.255462 -0.139461
v 0.047777 -0.255462 -0.139461
v 0.058785 -0.235028 -0.170161
v 0.047892 -0.224569 -0.159232
v 0.058670 -0.267991 -0.147868
v 0.058670 -0.267991 -0.147868
v 0.047892 -0.245494 -0.181088
v 0.058785 -0.235028 -0.170161
v 0.047777 -0.280519 -0.156275
v 0.058670 -0.267991 -0.147868
v 0.047777 -0.300161 -0.118051
v 0.047777 -0.280519 -0.156275
v 0.058670 -0.286074 -0.112477
v 0.047777 -0.255462 -0.139461
v 0.058670 -0.286074 -0.112477
v 0.058670 -0.267991 -0.147868
v 0.047777 -0.271987 -0.106902
v 0.015902 -0.110456 -0.195857
v 0.048694 -0.038623 -0.208788
v 0.016016 -0.037430 -0.203834
v 0.048580 -0.112293 -0.200576
v 0.015902 -0.110456 -0.195857
v -0.016662 -0.038803 -0.208755
v -0.016777 -0.112448 -0.200534
v 0.016016 -0.037430 -0.203834
v 0.016016 -0.037430 -0.203834
v -0.016662 0.038006 -0.206688
v -0.016662 -0.038803 -0.208755
v 0.016016 0.038699 -0.201663
v 0.048694 0.038188 -0.206697
v 0.016016 -0.037430 -0.203834
v 0.048694 -0.038623 -0.208788
v 0.016016 0.038699 -0.201663
v -0.027555 -0.042681 -0.223562
v -0.027669 -0.118219 -0.214622
v -0.016777 -0.112448 -0.200534
v -0.016662 -0.038803 -0.208755
v -0.027669 -0.118219 -0.214622
v -0.016662 -0.046500 -0.238380
v -0.016777 -0.123938 -0.228723
v -0.027555 -0.042681 -0.223562
v -0.027555 -0.042681 -0.223562
v -0.016662 0.034395 -0.236868
v -0.016662 -0.046500 -0.238380
v -0.027555 0.036170 -0.221777
v -0.016662 -0.038803 -0.208755
v -0.027555 0.036170 -0.221777
v -0.027555 -0.042681 -0.223562
v -0.016662 0.038006 -0.206688
v 0.016016 -0.047692 -0.243334
v 0.015902 -0.125775 -0.233442
v -0.016777 -0.123938 -0.228723
v -0.016662 -0.046500 -0.238380
v 0.016016 -0.047692 -0.243334
v 0.048580 -0.123782 -0.228764
v 0.015902 -0.125775 -0.233442
v 0.048694 -0.046319 -0.238413
v 0.048694 -0.046319 -0.238413
v 0.016016 0.033884 -0.241902
v 0.048694 0.034577 -0.236876
v 0.016016 -0.047692 -0.243334
v -0.016662 -0.046500 -0.238380
v 0.016016 0.033884 -0.241902
v 0.016016 -0.047692 -0.243334
v -0.016662 0.034395 -0.236868
v 0.059472 -0.118012 -0.214677
v 0.048694 -0.046319 -0.238413
v 0.059587 -0.042441 -0.223606
v 0.048580 -0.123782 -0.228764
v 0.059472 -0.118012 -0.214677
v 0.059587 -0.042441 -0.223606
v 0.048580 -0.112293 -0.200576
v 0.048694 -0.038623 -0.208788
v 0.048694 -0.038623 -0.208788
v 0.059587 0.036413 -0.221788
v 0.048694 0.038188 -0.206697
v 0.059587 -0.042441 -0.223606
v 0.048694 0.034577 -0.236876
v 0.059587 -0.042441 -0.223606
v 0.048694 -0.046319 -0.238413
v 0.059587 0.036413 -0.221788
v -0.027555 0.111634 -0.209610
v -0.027555 0.036170 -0.221777
v -0.016662 0.038006 -0.206688
v -0.016662 0.110698 -0.194558
v -0.027555 0.036170 -0.221777
v -0.016662 0.112628 -0.224654
v -0.016662 0.034395 -0.236868
v -0.027555 0.111634 -0.209610
v -0.027555 0.111634 -0.209610
v -0.016662 0.181648 -0.203161
v -0.016662 0.112628 -0.224654
v -0.027555 0.177038 -0.189395
v -0.016662 0.110698 -0.194558
v -0.027555 0.177038 -0.189395
v -0.027555 0.111634 -0.209610
v -0.016662 0.172483 -0.175607
v 0.016016 0.113040 -0.229658
v 0.016016 0.033884 -0.241902
v -0.016662 0.034395 -0.236868
v -0.016662 0.112628 -0.224654
v 0.016016 0.113040 -0.229658
v 0.048694 0.034577 -0.236876
v 0.016016 0.033884 -0.241902
v 0.048694 0.112808 -0.224629
v 0.016016 0.113040 -0.229658
v 0.048694 0.181808 -0.203094
v 0.048694 0.112808 -0.224629
v 0.016016 0.183256 -0.207720
v -0.016662 0.181648 -0.203161
v 0.016016 0.113040 -0.229658
v -0.016662 0.112628 -0.224654
v 0.016016 0.183256 -0.207720
v 0.059587 0.036413 -0.221788
v 0.048694 0.112808 -0.224629
v 0.059587 0.111872 -0.209577
v 0.048694 0.034577 -0.236876
v 0.059587 0.111872 -0.209577
v 0.048694 0.038188 -0.206697
v 0.059587 0.036413 -0.221788
v 0.048694 0.110877 -0.194534
v 0.059587 0.177253 -0.189306
v 0.048694 0.110877 -0.194534
v 0.059587 0.111872 -0.209577
v 0.048694 0.172643 -0.175540
v 0.059587 0.177253 -0.189306
v 0.059587 0.111872 -0.209577
v 0.048694 0.181808 -0.203094
v 0.048694 0.112808 -0.224629
v 0.016016 0.038699 -0.201663
v 0.048694 0.110877 -0.194534
v 0.016016 0.110466 -0.189530
v 0.048694 0.038188 -0.206697
v 0.016016 0.038699 -0.201663
v -0.016662 0.110698 -0.194558
v -0.016662 0.038006 -0.206688
v 0.016016 0.110466 -0.189530
v -0.016662 0.110698 -0.194558
v 0.016016 0.171035 -0.170981
v -0.016662 0.172483 -0.175607
v 0.016016 0.110466 -0.189530
v 0.048694 0.110877 -0.194534
v 0.016016 0.171035 -0.170981
v 0.016016 0.110466 -0.189530
v 0.048694 0.172643 -0.175540
v 0.016016 0.183256 -0.207720
v -0.016662 0.234901 -0.173811
v 0.016016 0.238014 -0.177207
v -0.016662 0.181648 -0.203161
v 0.016016 0.183256 -0.207720
v 0.048694 0.235017 -0.173692
v 0.048694 0.181808 -0.203094
v 0.016016 0.238014 -0.177207
v 0.015961 0.278022 -0.136611
v 0.048694 0.235017 -0.173692
v 0.016016 0.238014 -0.177207
v 0.048639 0.273689 -0.134492
v 0.015961 0.278022 -0.136611
v -0.016662 0.234901 -0.173811
v -0.016717 0.273625 -0.134654
v 0.016016 0.238014 -0.177207
v 0.059587 0.225870 -0.163305
v 0.059587 0.177253 -0.189306
v 0.048694 0.181808 -0.203094
v 0.048694 0.235017 -0.173692
v 0.048694 0.216684 -0.152959
v 0.059587 0.177253 -0.189306
v 0.059587 0.225870 -0.163305
v 0.048694 0.172643 -0.175540
v 0.059587 0.225870 -0.163305
v 0.059532 0.260604 -0.128350
v 0.048639 0.247498 -0.122262
v 0.048694 0.216684 -0.152959
v 0.059532 0.260604 -0.128350
v 0.048694 0.235017 -0.173692
v 0.048639 0.273689 -0.134492
v 0.059587 0.225870 -0.163305
v 0.016016 0.213571 -0.149562
v 0.016016 0.171035 -0.170981
v 0.048694 0.172643 -0.175540
v 0.048694 0.216684 -0.152959
v 0.016016 0.213571 -0.149562
v -0.016662 0.172483 -0.175607
v 0.016016 0.171035 -0.170981
v -0.016662 0.216568 -0.153077
v -0.016662 0.216568 -0.153077
v 0.015961 0.243100 -0.120305
v -0.016717 0.247434 -0.122425
v 0.016016 0.213571 -0.149562
v 0.048694 0.216684 -0.152959
v 0.015961 0.243100 -0.120305
v 0.016016 0.213571 -0.149562
v 0.048639 0.247498 -0.122262
v -0.027555 0.177038 -0.189395
v -0.016662 0.216568 -0.153077
v -0.027555 0.225715 -0.163464
v -0.016662 0.172483 -0.175607
v -0.027555 0.177038 -0.189395
v -0.027555 0.225715 -0.163464
v -0.016662 0.181648 -0.203161
v -0.016662 0.234901 -0.173811
v -0.027610 0.260518 -0.128566
v -0.016662 0.234901 -0.173811
v -0.027555 0.225715 -0.163464
v -0.016717 0.273625 -0.134654
v -0.027555 0.225715 -0.163464
v -0.016717 0.247434 -0.122425
v -0.027610 0.260518 -0.128566
v -0.016662 0.216568 -0.153077
v 0.015099 0.009511 0.172420
v 0.015099 -0.065338 0.190270
v -0.010251 -0.064973 0.195314
v -0.010251 0.010207 0.177427
v 0.015099 0.009511 0.172420
v 0.040449 -0.064973 0.195314
v 0.015099 -0.065338 0.190270
v 0.040449 0.010207 0.177427
v 0.040449 0.010207 0.177427
v 0.015099 0.099813 0.151345
v 0.040449 0.100908 0.156306
v 0.015099 0.009511 0.172420
v -0.010251 0.010207 0.177427
v 0.015099 0.099813 0.151345
v 0.015099 0.009511 0.172420
v -0.010251 0.100908 0.156306
v 0.040449 0.107481 0.186072
v 0.015099 0.015081 0.212471
v 0.040449 0.014385 0.207465
v 0.015099 0.108577 0.191033
v 0.015099 -0.062415 0.230622
v 0.040449 0.014385 0.207465
v 0.015099 0.015081 0.212471
v 0.040449 -0.062780 0.225578
v 0.015099 -0.062415 0.230622
v -0.010251 0.014385 0.207465
v -0.010251 -0.062780 0.225578
v 0.015099 0.015081 0.212471
v 0.015099 0.015081 0.212471
v -0.010251 0.107481 0.186072
v -0.010251 0.014385 0.207465
v 0.015099 0.108577 0.191033
v 0.048899 0.012296 0.192446
v 0.048899 -0.063877 0.210446
v 0.040449 -0.064973 0.195314
v 0.040449 0.010207 0.177427
v 0.048899 -0.063877 0.210446
v 0.040449 0.014385 0.207465
v 0.040449 -0.062780 0.225578
v 0.048899 0.012296 0.192446
v 0.048899 0.012296 0.192446
v 0.040449 0.107481 0.186072
v 0.040449 0.014385 0.207465
v 0.048899 0.104195 0.171189
v 0.040449 0.010207 0.177427
v 0.048899 0.104195 0.171189
v 0.048899 0.012296 0.192446
v 0.040449 0.100908 0.156306
v -0.018701 -0.063877 0.210446
v -0.010251 -0.109112 0.206736
v -0.018701 -0.108598 0.221934
v -0.010251 -0.064973 0.195314
v -0.018701 -0.108598 0.221934
v -0.010251 -0.108085 0.237132
v -0.010251 -0.062780 0.225578
v -0.018701 -0.063877 0.210446
v -0.018701 -0.108598 0.221934
v -0.010251 -0.130345 0.228108
v -0.003679 -0.124438 0.237777
v -0.010251 -0.108085 0.237132
v -0.018701 -0.108598 0.221934
v -0.003679 -0.124975 0.215236
v -0.010251 -0.130345 0.228108
v -0.010251 -0.109112 0.206736
v 0.015099 -0.137594 0.230165
v -0.003679 -0.124975 0.215236
v 0.015099 -0.130607 0.212881
v -0.010251 -0.130345 0.228108
v 0.015099 -0.137594 0.230165
v -0.003679 -0.124438 0.237777
v -0.010251 -0.130345 0.228108
v 0.015099 -0.130083 0.243334
v 0.015099 -0.137594 0.230165
v 0.040449 -0.130345 0.228108
v 0.033877 -0.124438 0.237777
v 0.015099 -0.130083 0.243334
v 0.015099 -0.137594 0.230165
v 0.015099 -0.130607 0.212881
v 0.033877 -0.124975 0.215236
v 0.040449 -0.130345 0.228108
v -0.018701 0.104195 0.171189
v -0.010251 0.010207 0.177427
v -0.018701 0.012296 0.192446
v -0.010251 0.100908 0.156306
v -0.018701 0.104195 0.171189
v -0.018701 0.012296 0.192446
v -0.010251 0.107481 0.186072
v -0.010251 0.014385 0.207465
v -0.018701 -0.063877 0.210446
v -0.010251 0.014385 0.207465
v -0.018701 0.012296 0.192446
v -0.010251 -0.062780 0.225578
v -0.018701 0.012296 0.192446
v -0.010251 -0.064973 0.195314
v -0.018701 -0.063877 0.210446
v -0.010251 0.010207 0.177427
v 0.048899 -0.108598 0.221934
v 0.040449 -0.130345 0.228108
v 0.033877 -0.124975 0.215236
v 0.040449 -0.109112 0.206736
v 0.040449 -0.130345 0.228108
v 0.048899 -0.108598 0.221934
v 0.033877 -0.124438 0.237777
v 0.040449 -0.108085 0.237132
v 0.048899 -0.108598 0.221934
v 0.040449 -0.062780 0.225578
v 0.040449 -0.108085 0.237132
v 0.048899 -0.063877 0.210446
v 0.040449 -0.109112 0.206736
v 0.048899 -0.063877 0.210446
v 0.048899 -0.108598 0.221934
v 0.040449 -0.064973 0.195314
v 0.040449 -0.062780 0.225578
v 0.015099 -0.107913 0.242198
v 0.040449 -0.108085 0.237132
v 0.015099 -0.062415 0.230622
v 0.015099 -0.107913 0.242198
v 0.015099 -0.130083 0.243334
v 0.033877 -0.124438 0.237777
v 0.040449 -0.108085 0.237132
v 0.015099 -0.107913 0.242198
v -0.003679 -0.124438 0.237777
v 0.015099 -0.130083 0.243334
v -0.010251 -0.108085 0.237132
v 0.015099 -0.107913 0.242198
v -0.010251 -0.062780 0.225578
v -0.010251 -0.108085 0.237132
v 0.015099 -0.062415 0.230622
v 0.015099 -0.109283 0.201670
v 0.015099 -0.130607 0.212881
v -0.003679 -0.124975 0.215236
v -0.010251 -0.109112 0.206736
v 0.015099 -0.109283 0.201670
v 0.033877 -0.124975 0.215236
v 0.015099 -0.130607 0.212881
v 0.040449 -0.109112 0.206736
v 0.040449 -0.109112 0.206736
v 0.015099 -0.065338 0.190270
v 0.040449 -0.064973 0.195314
v 0.015099 -0.109283 0.201670
v -0.010251 -0.109112 0.206736
v 0.015099 -0.065338 0.190270
v 0.015099 -0.109283 0.201670
v -0.010251 -0.064973 0.195314
v -0.017579 -0.277890 -0.045940
v 0.015099 -0.267291 -0.105044
v -0.017579 -0.271987 -0.106902
v 0.015099 -0.272906 -0.045021
v 0.047777 -0.277890 -0.045940
v 0.015099 -0.267291 -0.105044
v 0.015099 -0.272906 -0.045021
v 0.047777 -0.271987 -0.106902
v 0.015099 -0.272906 -0.045021
v 0.015099 -0.273254 0.019660
v 0.047777 -0.278309 0.019871
v 0.047777 -0.277890 -0.045940
v 0.015099 -0.272906 -0.045021
v -0.017579 -0.278309 0.019871
v 0.015099 -0.273254 0.019660
v -0.017579 -0.277890 -0.045940
v 0.058670 -0.292842 -0.048696
v 0.058670 -0.286074 -0.112477
v 0.047777 -0.271987 -0.106902
v 0.047777 -0.277890 -0.045940
v 0.058670 -0.286074 -0.112477
v 0.047777 -0.307794 -0.051452
v 0.047777 -0.300161 -0.118051
v 0.058670 -0.292842 -0.048696
v 0.058670 -0.292842 -0.048696
v 0.047777 -0.308637 0.021140
v 0.047777 -0.307794 -0.051452
v 0.058670 -0.293473 0.020506
v 0.058670 -0.293473 0.020506
v 0.047777 -0.277890 -0.045940
v 0.047777 -0.278309 0.019871
v 0.058670 -0.292842 -0.048696
v 0.015099 -0.312778 -0.052370
v 0.015099 -0.304857 -0.119909
v 0.047777 -0.300161 -0.118051
v 0.047777 -0.307794 -0.051452
v 0.015099 -0.312778 -0.052370
v -0.017579 -0.300161 -0.118051
v 0.015099 -0.304857 -0.119909
v -0.017579 -0.307794 -0.051452
v -0.017579 -0.307794 -0.051452
v 0.015099 -0.313691 0.021352
v -0.017579 -0.308637 0.021140
v 0.015099 -0.312778 -0.052370
v 0.047777 -0.307794 -0.051452
v 0.015099 -0.313691 0.021352
v 0.015099 -0.312778 -0.052370
v 0.047777 -0.308637 0.021140
v 0.015099 -0.273460 0.065250
v -0.017579 -0.278309 0.019871
v -0.017579 -0.278381 0.066978
v 0.015099 -0.273254 0.019660
v 0.047777 -0.278309 0.019871
v 0.015099 -0.273460 0.065250
v 0.047777 -0.278381 0.066978
v 0.015099 -0.273254 0.019660
v 0.015099 -0.271933 0.095351
v 0.047777 -0.278381 0.066978
v 0.015099 -0.273460 0.065250
v 0.047777 -0.276499 0.098615
v 0.015099 -0.271933 0.095351
v -0.017579 -0.278381 0.066978
v -0.017579 -0.276499 0.098615
v 0.015099 -0.273460 0.065250
v 0.058670 -0.293473 0.020506
v 0.047777 -0.278381 0.066978
v 0.058670 -0.293144 0.072160
v 0.047777 -0.278309 0.019871
v 0.058670 -0.293473 0.020506
v 0.058670 -0.293144 0.072160
v 0.047777 -0.308637 0.021140
v 0.047777 -0.307907 0.077343
v 0.047777 -0.307907 0.077343
v 0.058670 -0.290197 0.108406
v 0.047777 -0.303894 0.118198
v 0.058670 -0.293144 0.072160
v 0.058670 -0.293144 0.072160
v 0.047777 -0.276499 0.098615
v 0.058670 -0.290197 0.108406
v 0.047777 -0.278381 0.066978
v 0.015099 -0.313691 0.021352
v 0.047777 -0.307907 0.077343
v 0.015099 -0.312828 0.079070
v 0.047777 -0.308637 0.021140
v 0.015099 -0.313691 0.021352
v -0.017579 -0.307907 0.077343
v -0.017579 -0.308637 0.021140
v 0.015099 -0.312828 0.079070
v 0.015099 -0.312828 0.079070
v -0.017579 -0.303894 0.118198
v -0.017579 -0.307907 0.077343
v 0.015099 -0.308460 0.121461
v 0.047777 -0.303894 0.118198
v 0.015099 -0.312828 0.079070
v 0.047777 -0.307907 0.077343
v 0.015099 -0.308460 0.121461
v -0.017579 -0.307794 -0.051452
v -0.028472 -0.286074 -0.112477
v -0.017579 -0.300161 -0.118051
v -0.028472 -0.292842 -0.048696
v -0.028472 -0.292842 -0.048696
v -0.017579 -0.271987 -0.106902
v -0.028472 -0.286074 -0.112477
v -0.017579 -0.277890 -0.045940
v -0.028472 -0.293473 0.020506
v -0.017579 -0.277890 -0.045940
v -0.028472 -0.292842 -0.048696
v -0.017579 -0.278309 0.019871
v -0.028472 -0.293473 0.020506
v -0.028472 -0.292842 -0.048696
v -0.017579 -0.308637 0.021140
v -0.017579 -0.307794 -0.051452
v 0.015961 0.243100 -0.120305
v 0.048474 0.269581 -0.078926
v 0.015796 0.264652 -0.078243
v 0.048639 0.247498 -0.122262
v 0.015961 0.243100 -0.120305
v -0.016882 0.269556 -0.079106
v -0.016717 0.247434 -0.122425
v 0.015796 0.264652 -0.078243
v 0.015796 0.264652 -0.078243
v -0.017107 0.279526 -0.024426
v -0.016882 0.269556 -0.079106
v 0.015571 0.274638 -0.024954
v 0.048249 0.279514 -0.024248
v 0.015796 0.264652 -0.078243
v 0.048474 0.269581 -0.078926
v 0.015571 0.274638 -0.024954
v -0.016882 0.269556 -0.079106
v -0.027610 0.260518 -0.128566
v -0.016717 0.247434 -0.122425
v -0.027775 0.284302 -0.081455
v -0.027610 0.260518 -0.128566
v -0.027775 0.284302 -0.081455
v -0.016717 0.273625 -0.134654
v -0.016882 0.299056 -0.083744
v -0.028000 0.294173 -0.022605
v -0.016882 0.299056 -0.083744
v -0.027775 0.284302 -0.081455
v -0.017107 0.308815 -0.020724
v -0.028000 0.294173 -0.022605
v -0.027775 0.284302 -0.081455
v -0.017107 0.279526 -0.024426
v -0.016882 0.269556 -0.079106
v 0.015796 0.303984 -0.084427
v -0.016717 0.273625 -0.134654
v -0.016882 0.299056 -0.083744
v 0.015961 0.278022 -0.136611
v 0.048639 0.273689 -0.134492
v 0.015796 0.303984 -0.084427
v 0.048474 0.299080 -0.083564
v 0.015961 0.278022 -0.136611
v 0.015571 0.313691 -0.020018
v 0.048474 0.299080 -0.083564
v 0.015796 0.303984 -0.084427
v 0.048249 0.308804 -0.020546
v 0.015571 0.313691 -0.020018
v -0.016882 0.299056 -0.083744
v -0.017107 0.308815 -0.020724
v 0.015796 0.303984 -0.084427
v -0.017341 0.273930 0.040313
v -0.028000 0.294173 -0.022605
v -0.017107 0.279526 -0.024426
v -0.028234 0.287237 0.047511
v -0.028234 0.287237 0.047511
v -0.017107 0.308815 -0.020724
v -0.028000 0.294173 -0.022605
v -0.017341 0.300526 0.054763
v -0.028412 0.266274 0.110085
v -0.017341 0.300526 0.054763
v -0.028234 0.287237 0.047511
v -0.017520 0.276664 0.122619
v -0.028234 0.287237 0.047511
v -0.017341 0.273930 0.040313
v -0.017520 0.255854 0.097593
v -0.028412 0.266274 0.110085
v 0.015337 0.269471 0.037985
v 0.015571 0.274638 -0.024954
v 0.048249 0.279514 -0.024248
v 0.048016 0.273877 0.040473
v 0.015337 0.269471 0.037985
v -0.017107 0.279526 -0.024426
v 0.015571 0.274638 -0.024954
v -0.017341 0.273930 0.040313
v -0.017341 0.273930 0.040313
v 0.015159 0.252339 0.093485
v -0.017520 0.255854 0.097593
v 0.015337 0.269471 0.037985
v 0.048016 0.273877 0.040473
v 0.015159 0.252339 0.093485
v 0.015337 0.269471 0.037985
v 0.047837 0.255762 0.097719
v 0.048249 0.308804 -0.020546
v 0.058908 0.287166 0.047725
v 0.059142 0.294157 -0.022368
v 0.048016 0.300473 0.054924
v 0.059142 0.294157 -0.022368
v 0.048016 0.273877 0.040473
v 0.048249 0.279514 -0.024248
v 0.058908 0.287166 0.047725
v 0.058908 0.287166 0.047725
v 0.047837 0.255762 0.097719
v 0.048016 0.273877 0.040473
v 0.058730 0.266152 0.110253
v 0.048016 0.300473 0.054924
v 0.058730 0.266152 0.110253
v 0.058908 0.287166 0.047725
v 0.047837 0.276572 0.122745
v 0.048639 0.273689 -0.134492
v 0.048474 0.299080 -0.083564
v 0.059367 0.284334 -0.081215
v 0.059532 0.260604 -0.128350
v 0.048474 0.269581 -0.078926
v 0.059532 0.260604 -0.128350
v 0.059367 0.284334 -0.081215
v 0.048639 0.247498 -0.122262
v 0.059367 0.284334 -0.081215
v 0.048249 0.279514 -0.024248
v 0.048474 0.269581 -0.078926
v 0.059142 0.294157 -0.022368
v 0.059142 0.294157 -0.022368
v 0.048474 0.299080 -0.083564
v 0.048249 0.308804 -0.020546
v 0.059367 0.284334 -0.081215
v -0.017579 -0.202084 0.170563
v 0.015099 -0.249225 0.150002
v -0.017579 -0.251533 0.155943
v 0.015099 -0.200660 0.164255
v 0.015099 -0.249225 0.150002
v -0.017579 -0.262558 0.134142
v -0.017579 -0.251533 0.155943
v 0.015099 -0.259358 0.128807
v 0.047777 -0.262558 0.134142
v 0.015099 -0.249225 0.150002
v 0.047777 -0.251533 0.155943
v 0.015099 -0.259358 0.128807
v 0.015099 -0.249225 0.150002
v 0.047777 -0.202084 0.170563
v 0.047777 -0.251533 0.155943
v 0.015099 -0.200660 0.164255
v 0.047777 -0.265377 0.191584
v 0.015099 -0.212050 0.214722
v 0.015099 -0.267685 0.197524
v 0.047777 -0.210627 0.208413
v 0.015099 -0.284957 0.171490
v 0.047777 -0.265377 0.191584
v 0.015099 -0.267685 0.197524
v 0.047777 -0.281757 0.166154
v 0.015099 -0.284957 0.171490
v -0.017579 -0.265377 0.191584
v -0.017579 -0.281757 0.166154
v 0.015099 -0.267685 0.197524
v -0.017579 -0.265377 0.191584
v 0.015099 -0.212050 0.214722
v -0.017579 -0.210627 0.208413
v 0.015099 -0.267685 0.197524
v -0.028472 -0.258455 0.173763
v -0.017579 -0.210627 0.208413
v -0.028472 -0.206355 0.189488
v -0.017579 -0.265377 0.191584
v -0.017579 -0.281757 0.166154
v -0.017579 -0.265377 0.191584
v -0.028472 -0.258455 0.173763
v -0.028472 -0.272158 0.150148
v -0.017579 -0.251533 0.155943
v -0.028472 -0.272158 0.150148
v -0.028472 -0.258455 0.173763
v -0.017579 -0.262558 0.134142
v -0.017579 -0.251533 0.155943
v -0.028472 -0.206355 0.189488
v -0.017579 -0.202084 0.170563
v -0.028472 -0.258455 0.173763
v 0.058670 0.139320 0.169364
v 0.058670 0.056044 0.173169
v 0.047777 0.056555 0.153575
v 0.047777 0.139332 0.149717
v 0.058670 0.056044 0.173169
v 0.047777 0.139332 0.189011
v 0.047777 0.055539 0.192763
v 0.058670 0.139320 0.169364
v 0.058670 0.139320 0.169364
v 0.047777 0.192759 0.182462
v 0.047777 0.139332 0.189011
v 0.058670 0.191323 0.163624
v 0.047777 0.139332 0.149717
v 0.058670 0.191323 0.163624
v 0.058670 0.139320 0.169364
v 0.047777 0.189927 0.144779
v -0.028472 0.191483 0.163601
v -0.017579 0.139404 0.149717
v -0.028472 0.139416 0.169364
v -0.017579 0.190047 0.144762
v -0.028472 0.139416 0.169364
v -0.017579 0.139404 0.189011
v -0.017579 0.192880 0.182445
v -0.028472 0.191483 0.163601
v -0.028472 0.056068 0.173169
v -0.017579 0.139404 0.189011
v -0.028472 0.139416 0.169364
v -0.017579 0.055557 0.192763
v -0.028472 0.139416 0.169364
v -0.017579 0.056573 0.153575
v -0.028472 0.056068 0.173169
v -0.017579 0.139404 0.149717
v 0.047777 0.239587 0.162815
v 0.015159 0.280087 0.126853
v 0.015099 0.241536 0.168256
v 0.047837 0.276572 0.122745
v 0.015099 0.193292 0.188734
v 0.047777 0.239587 0.162815
v 0.015099 0.241536 0.168256
v 0.047777 0.192759 0.182462
v 0.015099 0.193292 0.188734
v -0.017579 0.239708 0.162747
v -0.017579 0.192880 0.182445
v 0.015099 0.241536 0.168256
v -0.017579 0.239708 0.162747
v 0.015159 0.280087 0.126853
v -0.017520 0.276664 0.122619
v 0.015099 0.241536 0.168256
v 0.015099 0.226430 0.124458
v 0.015099 0.189515 0.138490
v -0.017579 0.190047 0.144762
v -0.017579 0.228378 0.129898
v 0.015099 0.226430 0.124458
v 0.047777 0.189927 0.144779
v 0.015099 0.189515 0.138490
v 0.047777 0.228258 0.129967
v 0.015099 0.226430 0.124458
v 0.015159 0.252339 0.093485
v 0.047837 0.255762 0.097719
v 0.047777 0.228258 0.129967
v 0.015099 0.226430 0.124458
v -0.017520 0.255854 0.097593
v 0.015159 0.252339 0.093485
v -0.017579 0.228378 0.129898
v 0.047777 -0.251533 0.155943
v 0.058670 -0.206355 0.189488
v 0.058670 -0.258455 0.173763
v 0.047777 -0.202084 0.170563
v 0.047777 -0.251533 0.155943
v 0.058670 -0.272158 0.150148
v 0.047777 -0.262558 0.134142
v 0.058670 -0.258455 0.173763
v 0.047777 -0.281757 0.166154
v 0.058670 -0.258455 0.173763
v 0.047777 -0.265377 0.191584
v 0.058670 -0.272158 0.150148
v 0.047777 -0.210627 0.208413
v 0.058670 -0.258455 0.173763
v 0.058670 -0.206355 0.189488
v 0.047777 -0.265377 0.191584
v 0.058670 -0.272158 0.150148
v 0.058670 -0.282970 0.131382
v 0.047777 -0.262558 0.134142
v 0.047777 -0.271052 0.118018
v 0.058670 -0.290197 0.108406
v 0.047777 -0.271052 0.118018
v 0.058670 -0.282970 0.131382
v 0.047777 -0.276499 0.098615
v 0.058670 -0.282970 0.131382
v 0.047777 -0.294887 0.144747
v 0.047777 -0.303894 0.118198
v 0.058670 -0.290197 0.108406
v 0.058670 -0.272158 0.150148
v 0.047777 -0.294887 0.144747
v 0.058670 -0.282970 0.131382
v 0.047777 -0.281757 0.166154
v -0.028472 -0.272158 0.150148
v -0.017579 -0.294887 0.144747
v -0.017579 -0.281757 0.166154
v -0.028472 -0.282970 0.131382
v -0.028472 -0.282970 0.131382
v -0.017579 -0.303894 0.118198
v -0.017579 -0.294887 0.144747
v -0.028472 -0.290197 0.108406
v -0.017579 -0.271052 0.118018
v -0.028472 -0.290197 0.108406
v -0.028472 -0.282970 0.131382
v -0.017579 -0.276499 0.098615
v -0.028472 -0.282970 0.131382
v -0.028472 -0.272158 0.150148
v -0.017579 -0.262558 0.134142
v -0.017579 -0.271052 0.118018
v 0.047777 -0.281757 0.166154
v 0.015099 -0.298859 0.149202
v 0.047777 -0.294887 0.144747
v 0.015099 -0.284957 0.171490
v 0.015099 -0.308460 0.121461
v 0.047777 -0.294887 0.144747
v 0.015099 -0.298859 0.149202
v 0.047777 -0.303894 0.118198
v 0.015099 -0.308460 0.121461
v -0.017579 -0.294887 0.144747
v -0.017579 -0.303894 0.118198
v 0.015099 -0.298859 0.149202
v 0.015099 -0.298859 0.149202
v -0.017579 -0.281757 0.166154
v -0.017579 -0.294887 0.144747
v 0.015099 -0.284957 0.171490
v -0.028472 -0.293144 0.072160
v -0.028472 -0.293473 0.020506
v -0.017579 -0.308637 0.021140
v -0.017579 -0.307907 0.077343
v -0.017579 -0.278381 0.066978
v -0.028472 -0.293473 0.020506
v -0.028472 -0.293144 0.072160
v -0.017579 -0.278309 0.019871
v -0.028472 -0.293144 0.072160
v -0.028472 -0.290197 0.108406
v -0.017579 -0.276499 0.098615
v -0.017579 -0.278381 0.066978
v -0.028472 -0.290197 0.108406
v -0.017579 -0.307907 0.077343
v -0.017579 -0.303894 0.118198
v -0.028472 -0.293144 0.072160
v -0.017341 0.300526 0.054763
v 0.015571 0.313691 -0.020018
v -0.017107 0.308815 -0.020724
v 0.015337 0.304932 0.057252
v 0.048016 0.300473 0.054924
v 0.015571 0.313691 -0.020018
v 0.015337 0.304932 0.057252
v 0.048249 0.308804 -0.020546
v 0.015337 0.304932 0.057252
v 0.015159 0.280087 0.126853
v 0.047837 0.276572 0.122745
v 0.048016 0.300473 0.054924
v 0.015337 0.304932 0.057252
v -0.017520 0.276664 0.122619
v 0.015159 0.280087 0.126853
v -0.017341 0.300526 0.054763
v -0.028472 0.056068 0.173169
v -0.017579 -0.078319 0.165149
v -0.028472 -0.080352 0.184583
v -0.017579 0.056573 0.153575
v -0.028472 -0.080352 0.184583
v -0.017579 -0.082384 0.204018
v -0.017579 0.055557 0.192763
v -0.028472 0.056068 0.173169
v -0.028472 -0.206355 0.189488
v -0.017579 -0.082384 0.204018
v -0.028472 -0.080352 0.184583
v -0.017579 -0.210627 0.208413
v -0.028472 -0.080352 0.184583
v -0.017579 -0.202084 0.170563
v -0.028472 -0.206355 0.189488
v -0.017579 -0.078319 0.165149
v -0.028412 0.266274 0.110085
v -0.017579 0.228378 0.129898
v -0.028472 0.234063 0.146311
v -0.017520 0.255854 0.097593
v -0.028412 0.266274 0.110085
v -0.028472 0.234063 0.146311
v -0.017520 0.276664 0.122619
v -0.017579 0.239708 0.162747
v -0.017579 0.239708 0.162747
v -0.028472 0.191483 0.163601
v -0.017579 0.192880 0.182445
v -0.028472 0.234063 0.146311
v -0.028472 0.234063 0.146311
v -0.017579 0.190047 0.144762
v -0.028472 0.191483 0.163601
v -0.017579 0.228378 0.129898
v 0.015099 -0.259358 0.128807
v -0.017579 -0.271052 0.118018
v -0.017579 -0.262558 0.134142
v 0.015099 -0.267080 0.113563
v 0.015099 -0.267080 0.113563
v -0.017579 -0.276499 0.098615
v -0.017579 -0.271052 0.118018
v 0.015099 -0.271933 0.095351
v 0.047777 -0.276499 0.098615
v 0.015099 -0.267080 0.113563
v 0.047777 -0.271052 0.118018
v 0.015099 -0.271933 0.095351
v 0.015099 -0.259358 0.128807
v 0.047777 -0.271052 0.118018
v 0.015099 -0.267080 0.113563
v 0.047777 -0.262558 0.134142
v 0.058670 -0.080352 0.184583
v 0.058670 -0.206355 0.189488
v 0.047777 -0.202084 0.170563
v 0.047777 -0.078319 0.165149
v 0.058670 -0.206355 0.189488
v 0.047777 -0.082384 0.204018
v 0.047777 -0.210627 0.208413
v 0.058670 -0.080352 0.184583
v 0.058670 -0.080352 0.184583
v 0.047777 0.055539 0.192763
v 0.047777 -0.082384 0.204018
v 0.058670 0.056044 0.173169
v 0.047777 -0.078319 0.165149
v 0.058670 0.056044 0.173169
v 0.058670 -0.080352 0.184583
v 0.047777 0.056555 0.153575
v 0.047777 0.192759 0.182462
v 0.015099 0.139368 0.195560
v 0.047777 0.139332 0.189011
v 0.015099 0.193292 0.188734
v 0.015099 0.139368 0.195560
v 0.015099 0.055378 0.199294
v 0.047777 0.055539 0.192763
v 0.047777 0.139332 0.189011
v 0.015099 0.139368 0.195560
v -0.017579 0.055557 0.192763
v 0.015099 0.055378 0.199294
v -0.017579 0.139404 0.189011
v 0.015099 0.139368 0.195560
v -0.017579 0.192880 0.182445
v -0.017579 0.139404 0.189011
v 0.015099 0.193292 0.188734
v 0.047777 -0.082384 0.204018
v 0.015099 0.055378 0.199294
v 0.015099 -0.083062 0.210496
v 0.047777 0.055539 0.192763
v 0.015099 -0.083062 0.210496
v 0.015099 -0.212050 0.214722
v 0.047777 -0.210627 0.208413
v 0.047777 -0.082384 0.204018
v 0.015099 -0.083062 0.210496
v -0.017579 -0.210627 0.208413
v 0.015099 -0.212050 0.214722
v -0.017579 -0.082384 0.204018
v -0.017579 -0.082384 0.204018
v 0.015099 0.055378 0.199294
v -0.017579 0.055557 0.192763
v 0.015099 -0.083062 0.210496
v 0.015099 0.056734 0.147043
v -0.017579 0.139404 0.149717
v 0.015099 0.139368 0.143167
v -0.017579 0.056573 0.153575
v 0.015099 0.056734 0.147043
v 0.047777 0.139332 0.149717
v 0.047777 0.056555 0.153575
v 0.015099 0.139368 0.143167
v 0.047777 0.139332 0.149717
v 0.015099 0.189515 0.138490
v 0.047777 0.189927 0.144779
v 0.015099 0.139368 0.143167
v -0.017579 0.139404 0.149717
v 0.015099 0.189515 0.138490
v 0.015099 0.139368 0.143167
v -0.017579 0.190047 0.144762
v 0.015099 -0.200660 0.164255
v -0.017579 -0.078319 0.165149
v 0.015099 -0.077641 0.158671
v -0.017579 -0.202084 0.170563
v 0.015099 -0.200660 0.164255
v 0.047777 -0.078319 0.165149
v 0.047777 -0.202084 0.170563
v 0.015099 -0.077641 0.158671
v 0.015099 -0.077641 0.158671
v 0.047777 0.056555 0.153575
v 0.047777 -0.078319 0.165149
v 0.015099 0.056734 0.147043
v -0.017579 0.056573 0.153575
v 0.015099 -0.077641 0.158671
v -0.017579 -0.078319 0.165149
v 0.015099 0.056734 0.147043
v 0.058670 0.233902 0.146403
v 0.058670 0.191323 0.163624
v 0.047777 0.189927 0.144779
v 0.047777 0.228258 0.129967
v 0.058670 0.191323 0.163624
v 0.047777 0.239587 0.162815
v 0.047777 0.192759 0.182462
v 0.058670 0.233902 0.146403
v 0.058670 0.233902 0.146403
v 0.047837 0.276572 0.122745
v 0.047777 0.239587 0.162815
v 0.058730 0.266152 0.110253
v 0.047777 0.228258 0.129967
v 0.058730 0.266152 0.110253
v 0.058670 0.233902 0.146403
v 0.047837 0.255762 0.097719
vn -0.806837 -0.170965 -0.565495
vn -0.806837 -0.170965 -0.565495
vn -0.806837 -0.170965 -0.565495
vn -0.806837 -0.170965 -0.565495
vn -0.807147 0.174090 0.564098
vn -0.807147 0.174090 0.564098
vn -0.807147 0.174090 0.564098
vn -0.807147 0.174090 0.564098
vn -0.803683 0.257247 0.536579
vn -0.803683 0.257247 0.536579
vn -0.803683 0.257247 0.536579
vn -0.803683 0.257247 0.536579
vn -0.803344 -0.255031 -0.538143
vn -0.803344 -0.255031 -0.538143
vn -0.803344 -0.255031 -0.538143
vn -0.803344 -0.255031 -0.538143
vn -0.149892 0.280306 0.948135
vn -0.149892 0.280306 0.948135
vn -0.149892 0.280306 0.948135
vn -0.149892 0.280306 0.948135
vn 0.149799 0.278767 0.948604
vn 0.149799 0.278767 0.948604
vn 0.149799 0.278767 0.948604
vn 0.149799 0.278767 0.948604
vn 0.147675 0.411330 0.899444
vn 0.147675 0.411330 0.899444
vn 0.147675 0.411330 0.899444
vn 0.147675 0.411330 0.899444
vn -0.147974 0.413120 0.898574
vn -0.147974 0.413120 0.898574
vn -0.147974 0.413120 0.898574
vn -0.147974 0.413120 0.898574
vn 0.806402 0.166432 0.567465
vn 0.806402 0.166432 0.567465
vn 0.806402 0.166432 0.567465
vn 0.806402 0.166432 0.567465
vn 0.807520 -0.178229 -0.562269
vn 0.807520 -0.178229 -0.562269
vn 0.807520 -0.178229 -0.562269
vn 0.807520 -0.178229 -0.562269
vn 0.804365 -0.262841 -0.532833
vn 0.804365 -0.262841 -0.532833
vn 0.804365 -0.262841 -0.532833
vn 0.804365 -0.262841 -0.532833
vn 0.802526 0.248770 0.542278
vn 0.802526 0.248770 0.542278
vn 0.802526 0.248770 0.542278
vn 0.802526 0.248770 0.542278
vn 0.150417 -0.297794 -0.942705
vn 0.150417 -0.297794 -0.942705
vn 0.150417 -0.297794 -0.942705
vn 0.150417 -0.297794 -0.942705
vn -0.150260 -0.296463 -0.943150
vn -0.150260 -0.296463 -0.943150
vn -0.150260 -0.296463 -0.943150
vn -0.150260 -0.296463 -0.943150
vn -0.148556 -0.436225 -0.887490
vn -0.148556 -0.436225 -0.887490
vn -0.148556 -0.436225 -0.887490
vn -0.148556 -0.436225 -0.887490
vn 0.148884 -0.437640 -0.886738
vn 0.148884 -0.437640 -0.886738
vn 0.148884 -0.437640 -0.886738
vn 0.148884 -0.437640 -0.886738
vn 0.146841 -0.574824 -0.804994
vn 0.146841 -0.574824 -0.804994
vn 0.146841 -0.574824 -0.804994
vn 0.146841 -0.574824 -0.804994
vn -0.146706 -0.574273 -0.805412
vn -0.146706 -0.574273 -0.805412
vn -0.146706 -0.574273 -0.805412
vn -0.146706 -0.574273 -0.805412
vn -0.151558 -0.879010 -0.452075
vn -0.151558 -0.879010 -0.452075
vn -0.151558 -0.879010 -0.452075
vn -0.151558 -0.879010 -0.452075
vn 0.151558 -0.879009 -0.452076
vn 0.151558 -0.879009 -0.452076
vn 0.151558 -0.879009 -0.452076
vn 0.151558 -0.879009 -0.452076
vn -0.799109 -0.340661 -0.495354
vn -0.799109 -0.340661 -0.495354
vn -0.799109 -0.340661 -0.495354
vn -0.799109 -0.340661 -0.495354
vn -0.797834 0.333744 0.502072
vn -0.797834 0.333744 0.502072
vn -0.797834 0.333744 0.502072
vn -0.797834 0.333744 0.502072
vn -0.809730 0.522891 0.266310
vn -0.809730 0.522891 0.266310
vn -0.809730 0.522891 0.266310
vn -0.809730 0.522891 0.266310
vn -0.809739 -0.522214 -0.267611
vn -0.809739 -0.522214 -0.267611
vn -0.809739 -0.522214 -0.267611
vn -0.809739 -0.522214 -0.267611
vn -0.144592 0.529989 0.835587
vn -0.144592 0.529989 0.835587
vn -0.144592 0.529989 0.835587
vn -0.144592 0.529989 0.835587
vn 0.144455 0.529153 0.836140
vn 0.144455 0.529153 0.836140
vn 0.144455 0.529153 0.836140
vn 0.144455 0.529153 0.836140
vn 0.151547 0.881652 0.446903
vn 0.151547 0.881652 0.446903
vn 0.151547 0.881652 0.446903
vn 0.151547 0.881652 0.446903
vn -0.151549 0.881652 0.446903
vn -0.151549 0.881652 0.446903
vn -0.151549 0.881652 0.446903
vn -0.151549 0.881652 0.446903
vn 0.797110 0.330174 0.505570
vn 0.797110 0.330174 0.505570
vn 0.797110 0.330174 0.505570
vn 0.797110 0.330174 0.505570
vn 0.799696 -0.343761 -0.492256
vn 0.799696 -0.343761 -0.492256
vn 0.799696 -0.343761 -0.492256
vn 0.799696 -0.343761 -0.492256
vn 0.809739 -0.522213 -0.267611
vn 0.809739 -0.522213 -0.267611
vn 0.809739 -0.522213 -0.267611
vn 0.809739 -0.522213 -0.267611
vn 0.809731 0.522891 0.266311
vn 0.809731 0.522891 0.266311
vn 0.809731 0.522891 0.266311
vn 0.809731 0.522891 0.266311
vn 0.150456 0.108207 0.982677
vn 0.150456 0.108207 0.982677
vn 0.150456 0.108207 0.982677
vn 0.150456 0.108207 0.982677
vn -0.149920 0.108755 0.982698
vn -0.149920 0.108755 0.982698
vn -0.149920 0.108755 0.982698
vn -0.149920 0.108755 0.982698
vn -0.149557 -0.027384 0.988374
vn -0.149557 -0.027384 0.988374
vn -0.149557 -0.027384 0.988374
vn -0.149557 -0.027384 0.988374
vn 0.150313 -0.027540 0.988255
vn 0.150313 -0.027540 0.988255
vn 0.150313 -0.027540 0.988255
vn 0.150313 -0.027540 0.988255
vn -0.807479 0.068637 0.585890
vn -0.807479 0.068637 0.585890
vn -0.807479 0.068637 0.585890
vn -0.807479 0.068637 0.585890
vn -0.807722 -0.069958 -0.585398
vn -0.807722 -0.069958 -0.585398
vn -0.807722 -0.069958 -0.585398
vn -0.807722 -0.069958 -0.585398
vn -0.807162 0.012184 -0.590204
vn -0.807162 0.012184 -0.590204
vn -0.807162 0.012184 -0.590204
vn -0.807162 0.012184 -0.590204
vn -0.806761 -0.014616 0.590698
vn -0.806761 -0.014616 0.590698
vn -0.806761 -0.014616 0.590698
vn -0.806761 -0.014616 0.590698
vn -0.150876 -0.123077 -0.980861
vn -0.150876 -0.123077 -0.980861
vn -0.150876 -0.123077 -0.980861
vn -0.150876 -0.123077 -0.980861
vn 0.150412 -0.123450 -0.980885
vn 0.150412 -0.123450 -0.980885
vn 0.150412 -0.123450 -0.980885
vn 0.150412 -0.123450 -0.980885
vn 0.149878 0.018069 -0.988539
vn 0.149878 0.018069 -0.988539
vn 0.149878 0.018069 -0.988539
vn 0.149878 0.018069 -0.988539
vn -0.150590 0.017917 -0.988434
vn -0.150590 0.017917 -0.988434
vn -0.150590 0.017917 -0.988434
vn -0.150590 0.017917 -0.988434
vn 0.807837 -0.072222 -0.584964
vn 0.807837 -0.072222 -0.584964
vn 0.807837 -0.072222 -0.584964
vn 0.807837 -0.072222 -0.584964
vn 0.807335 0.066107 0.586379
vn 0.807335 0.066107 0.586379
vn 0.807335 0.066107 0.586379
vn 0.807335 0.066107 0.586379
vn 0.806896 -0.014829 0.590507
vn 0.806896 -0.014829 0.590507
vn 0.806896 -0.014829 0.590507
vn 0.806896 -0.014829 0.590507
vn 0.806986 0.012401 -0.590440
vn 0.806986 0.012401 -0.590440
vn 0.806986 0.012401 -0.590440
vn 0.806986 0.012401 -0.590440
vn -0.805355 -0.095931 0.584978
vn -0.805355 -0.095931 0.584978
vn -0.805355 -0.095931 0.584978
vn -0.805355 -0.095931 0.584978
vn -0.805769 0.092780 -0.584918
vn -0.805769 0.092780 -0.584918
vn -0.805769 0.092780 -0.584918
vn -0.805769 0.092780 -0.584918
vn -0.801276 0.177295 -0.571422
vn -0.801276 0.177295 -0.571422
vn -0.801276 0.177295 -0.571422
vn -0.801276 0.177295 -0.571422
vn -0.801301 -0.176067 0.571766
vn -0.801301 -0.176067 0.571766
vn -0.801301 -0.176067 0.571766
vn -0.801301 -0.176067 0.571766
vn -0.149816 0.151818 -0.976988
vn -0.149816 0.151818 -0.976988
vn -0.149816 0.151818 -0.976988
vn -0.149816 0.151818 -0.976988
vn 0.149232 0.152035 -0.977044
vn 0.149232 0.152035 -0.977044
vn 0.149232 0.152035 -0.977044
vn 0.149232 0.152035 -0.977044
vn 0.147045 0.294830 -0.944168
vn 0.147045 0.294830 -0.944168
vn 0.147045 0.294830 -0.944168
vn 0.147045 0.294830 -0.944168
vn -0.147251 0.294525 -0.944231
vn -0.147251 0.294525 -0.944231
vn -0.147251 0.294525 -0.944231
vn -0.147251 0.294525 -0.944231
vn 0.805613 0.093104 -0.585081
vn 0.805613 0.093104 -0.585081
vn 0.805613 0.093104 -0.585081
vn 0.805613 0.093104 -0.585081
vn 0.805461 -0.096209 0.584787
vn 0.805461 -0.096209 0.584787
vn 0.805461 -0.096209 0.584787
vn 0.805461 -0.096209 0.584787
vn 0.801316 -0.176519 0.571606
vn 0.801316 -0.176519 0.571606
vn 0.801316 -0.176519 0.571606
vn 0.801316 -0.176519 0.571606
vn 0.801207 0.177755 -0.571375
vn 0.801207 0.177755 -0.571375
vn 0.801207 0.177755 -0.571375
vn 0.801207 0.177755 -0.571375
vn 0.149504 -0.163993 0.975067
vn 0.149504 -0.163993 0.975067
vn 0.149504 -0.163993 0.975067
vn 0.149504 -0.163993 0.975067
vn -0.148864 -0.163789 0.975199
vn -0.148864 -0.163789 0.975199
vn -0.148864 -0.163789 0.975199
vn -0.148864 -0.163789 0.975199
vn -0.147140 -0.289844 0.945696
vn -0.147140 -0.289844 0.945696
vn -0.147140 -0.289844 0.945696
vn -0.147140 -0.289844 0.945696
vn 0.147314 -0.290173 0.945568
vn 0.147314 -0.290173 0.945568
vn 0.147314 -0.290173 0.945568
vn 0.147314 -0.290173 0.945568
vn -0.140084 0.479982 -0.866022
vn -0.140084 0.479982 -0.866022
vn -0.140084 0.479982 -0.866022
vn -0.140084 0.479982 -0.866022
vn 0.140505 0.480423 -0.865709
vn 0.140505 0.480423 -0.865709
vn 0.140505 0.480423 -0.865709
vn 0.140505 0.480423 -0.865709
vn 0.139037 0.705251 -0.695190
vn 0.139037 0.705251 -0.695190
vn 0.139037 0.705251 -0.695190
vn 0.139037 0.705251 -0.695190
vn -0.137988 0.704745 -0.695913
vn -0.137988 0.704745 -0.695913
vn -0.137988 0.704745 -0.695913
vn -0.137988 0.704745 -0.695913
vn 0.786934 0.294904 -0.542002
vn 0.786934 0.294904 -0.542002
vn 0.786934 0.294904 -0.542002
vn 0.786934 0.294904 -0.542002
vn 0.786689 -0.286674 0.546752
vn 0.786689 -0.286674 0.546752
vn 0.786689 -0.286674 0.546752
vn 0.786689 -0.286674 0.546752
vn 0.782527 -0.439949 0.440563
vn 0.782527 -0.439949 0.440563
vn 0.782527 -0.439949 0.440563
vn 0.782527 -0.439949 0.440563
vn 0.783102 0.442555 -0.436917
vn 0.783102 0.442555 -0.436917
vn 0.783102 0.442555 -0.436917
vn 0.783102 0.442555 -0.436917
vn 0.139852 -0.448624 0.882711
vn 0.139852 -0.448624 0.882711
vn 0.139852 -0.448624 0.882711
vn 0.139852 -0.448624 0.882711
vn -0.140443 -0.447982 0.882943
vn -0.140443 -0.447982 0.882943
vn -0.140443 -0.447982 0.882943
vn -0.140443 -0.447982 0.882943
vn -0.138840 -0.697555 0.702951
vn -0.138840 -0.697555 0.702951
vn -0.138840 -0.697555 0.702951
vn -0.138840 -0.697555 0.702951
vn 0.137771 -0.697963 0.702756
vn 0.137771 -0.697963 0.702756
vn 0.137771 -0.697963 0.702756
vn 0.137771 -0.697963 0.702756
vn -0.786806 -0.285793 0.547046
vn -0.786806 -0.285793 0.547046
vn -0.786806 -0.285793 0.547046
vn -0.786806 -0.285793 0.547046
vn -0.786816 0.294246 -0.542531
vn -0.786816 0.294246 -0.542531
vn -0.786816 0.294246 -0.542531
vn -0.786816 0.294246 -0.542531
vn -0.782663 0.441122 -0.439147
vn -0.782663 0.441122 -0.439147
vn -0.782663 0.441122 -0.439147
vn -0.782663 0.441122 -0.439147
vn -0.782851 -0.440228 0.439709
vn -0.782851 -0.440228 0.439709
vn -0.782851 -0.440228 0.439709
vn -0.782851 -0.440228 0.439709
vn -0.193932 -0.227322 -0.954314
vn -0.193932 -0.227322 -0.954314
vn -0.193932 -0.227322 -0.954314
vn -0.193932 -0.227322 -0.954314
vn 0.193932 -0.227322 -0.954314
vn 0.193932 -0.227322 -0.954314
vn 0.193932 -0.227322 -0.954314
vn 0.193932 -0.227322 -0.954314
vn 0.195627 -0.222649 -0.955069
vn 0.195627 -0.222649 -0.955069
vn 0.195627 -0.222649 -0.955069
vn 0.195627 -0.222649 -0.955069
vn -0.195627 -0.222649 -0.955069
vn -0.195627 -0.222649 -0.955069
vn -0.195627 -0.222649 -0.955069
vn -0.195627 -0.222649 -0.955069
vn 0.195659 0.219402 0.955814
vn 0.195659 0.219402 0.955814
vn 0.195659 0.219402 0.955814
vn 0.195659 0.219402 0.955814
vn 0.194017 0.223944 0.955095
vn 0.194017 0.223944 0.955095
vn 0.194017 0.223944 0.955095
vn 0.194017 0.223944 0.955095
vn -0.194017 0.223944 0.955095
vn -0.194017 0.223944 0.955095
vn -0.194017 0.223944 0.955095
vn -0.194017 0.223944 0.955095
vn -0.195659 0.219402 0.955814
vn -0.195659 0.219402 0.955814
vn -0.195659 0.219402 0.955814
vn -0.195659 0.219402 0.955814
vn 0.871768 -0.113033 -0.476702
vn 0.871768 -0.113033 -0.476702
vn 0.871768 -0.113033 -0.476702
vn 0.871768 -0.113033 -0.476702
vn 0.871807 0.112295 0.476804
vn 0.871807 0.112295 0.476804
vn 0.871807 0.112295 0.476804
vn 0.871807 0.112295 0.476804
vn 0.873647 0.109307 0.474124
vn 0.873647 0.109307 0.474124
vn 0.873647 0.109307 0.474124
vn 0.873647 0.109307 0.474124
vn 0.873632 -0.110003 -0.473989
vn 0.873632 -0.110003 -0.473989
vn 0.873632 -0.110003 -0.473989
vn 0.873632 -0.110003 -0.473989
vn -0.869649 -0.123245 -0.478038
vn -0.869649 -0.123245 -0.478038
vn -0.869649 -0.123245 -0.478038
vn -0.869649 -0.123245 -0.478038
vn -0.869724 0.122375 0.478127
vn -0.869724 0.122375 0.478127
vn -0.869724 0.122375 0.478127
vn -0.869724 0.122375 0.478127
vn -0.808441 -0.221131 0.545457
vn -0.808441 -0.221131 0.545457
vn -0.808441 -0.221131 0.545457
vn -0.808441 -0.221131 0.545457
vn -0.736132 -0.480148 -0.477040
vn -0.736132 -0.480148 -0.477040
vn -0.736132 -0.480148 -0.477040
vn -0.736132 -0.480148 -0.477040
vn -0.257633 -0.873096 -0.413918
vn -0.257633 -0.873096 -0.413918
vn -0.257633 -0.873096 -0.413918
vn -0.257633 -0.873096 -0.413918
vn -0.320378 -0.773627 0.546680
vn -0.320378 -0.773627 0.546680
vn -0.320378 -0.773627 0.546680
vn -0.320378 -0.773627 0.546680
vn 0.320378 -0.773627 0.546681
vn 0.320378 -0.773627 0.546681
vn 0.320378 -0.773627 0.546681
vn 0.320378 -0.773627 0.546681
vn 0.257633 -0.873096 -0.413918
vn 0.257633 -0.873096 -0.413918
vn 0.257633 -0.873096 -0.413918
vn 0.257633 -0.873096 -0.413918
vn -0.873632 -0.110003 -0.473989
vn -0.873632 -0.110003 -0.473989
vn -0.873632 -0.110003 -0.473989
vn -0.873632 -0.110003 -0.473989
vn -0.873646 0.109307 0.474124
vn -0.873646 0.109307 0.474124
vn -0.873646 0.109307 0.474124
vn -0.873646 0.109307 0.474124
vn -0.871807 0.112295 0.476804
vn -0.871807 0.112295 0.476804
vn -0.871807 0.112295 0.476804
vn -0.871807 0.112295 0.476804
vn -0.871768 -0.113033 -0.476702
vn -0.871768 -0.113033 -0.476702
vn -0.871768 -0.113033 -0.476702
vn -0.871768 -0.113033 -0.476702
vn 0.736132 -0.480149 -0.477040
vn 0.736132 -0.480149 -0.477040
vn 0.736132 -0.480149 -0.477040
vn 0.736132 -0.480149 -0.477040
vn 0.808441 -0.221131 0.545457
vn 0.808441 -0.221131 0.545457
vn 0.808441 -0.221131 0.545457
vn 0.808441 -0.221131 0.545457
vn 0.869724 0.122375 0.478127
vn 0.869724 0.122375 0.478127
vn 0.869724 0.122375 0.478127
vn 0.869724 0.122375 0.478127
vn 0.869649 -0.123245 -0.478038
vn 0.869649 -0.123245 -0.478038
vn 0.869649 -0.123245 -0.478038
vn 0.869649 -0.123245 -0.478038
vn 0.192196 0.242244 0.950988
vn 0.192196 0.242244 0.950988
vn 0.192196 0.242244 0.950988
vn 0.192196 0.242244 0.950988
vn 0.233432 0.005145 0.972360
vn 0.233432 0.005145 0.972360
vn 0.233432 0.005145 0.972360
vn 0.233432 0.005145 0.972360
vn -0.233432 0.005145 0.972360
vn -0.233432 0.005145 0.972360
vn -0.233432 0.005145 0.972360
vn -0.233432 0.005145 0.972360
vn -0.192196 0.242244 0.950988
vn -0.192196 0.242244 0.950988
vn -0.192196 0.242244 0.950988
vn -0.192196 0.242244 0.950988
vn -0.206734 -0.486491 -0.848874
vn -0.206734 -0.486491 -0.848874
vn -0.206734 -0.486491 -0.848874
vn -0.206734 -0.486491 -0.848874
vn 0.206734 -0.486491 -0.848874
vn 0.206734 -0.486491 -0.848874
vn 0.206734 -0.486491 -0.848874
vn 0.206734 -0.486491 -0.848874
vn 0.192043 -0.246136 -0.950019
vn 0.192043 -0.246136 -0.950019
vn 0.192043 -0.246136 -0.950019
vn 0.192043 -0.246136 -0.950019
vn -0.192044 -0.246136 -0.950019
vn -0.192044 -0.246136 -0.950019
vn -0.192044 -0.246136 -0.950019
vn -0.192044 -0.246136 -0.950019
vn -0.149760 0.984272 0.093701
vn -0.149760 0.984272 0.093701
vn -0.149760 0.984272 0.093701
vn -0.149760 0.984272 0.093701
vn 0.149757 0.984273 0.093701
vn 0.149757 0.984273 0.093701
vn 0.149757 0.984273 0.093701
vn 0.149757 0.984273 0.093701
vn 0.151877 0.988382 0.005814
vn 0.151877 0.988382 0.005814
vn 0.151877 0.988382 0.005814
vn 0.151877 0.988382 0.005814
vn -0.151877 0.988382 0.005814
vn -0.151877 0.988382 0.005814
vn -0.151877 0.988382 0.005814
vn -0.151877 0.988382 0.005814
vn 0.806643 0.588014 0.059728
vn 0.806643 0.588014 0.059728
vn 0.806643 0.588014 0.059728
vn 0.806643 0.588014 0.059728
vn 0.807076 -0.586878 -0.064823
vn 0.807076 -0.586878 -0.064823
vn 0.807076 -0.586878 -0.064823
vn 0.807076 -0.586878 -0.064823
vn 0.810421 -0.585816 -0.006087
vn 0.810421 -0.585816 -0.006087
vn 0.810421 -0.585816 -0.006087
vn 0.810421 -0.585816 -0.006087
vn 0.810377 0.585891 0.004556
vn 0.810377 0.585891 0.004556
vn 0.810377 0.585891 0.004556
vn 0.810377 0.585891 0.004556
vn 0.150289 -0.982062 -0.113878
vn 0.150289 -0.982062 -0.113878
vn 0.150289 -0.982062 -0.113878
vn 0.150289 -0.982062 -0.113878
vn -0.150289 -0.982062 -0.113878
vn -0.150289 -0.982062 -0.113878
vn -0.150289 -0.982062 -0.113878
vn -0.150289 -0.982062 -0.113878
vn -0.151934 -0.988320 -0.011860
vn -0.151934 -0.988320 -0.011860
vn -0.151934 -0.988320 -0.011860
vn -0.151934 -0.988320 -0.011860
vn 0.151934 -0.988320 -0.011860
vn 0.151934 -0.988320 -0.011860
vn 0.151934 -0.988320 -0.011860
vn 0.151934 -0.988320 -0.011860
vn -0.150800 0.988560 0.002978
vn -0.150800 0.988560 0.002978
vn -0.150800 0.988560 0.002978
vn -0.150800 0.988560 0.002978
vn 0.150800 0.988560 0.002978
vn 0.150800 0.988560 0.002978
vn 0.150800 0.988560 0.002978
vn 0.150800 0.988560 0.002978
vn 0.147515 0.987555 -0.054544
vn 0.147515 0.987555 -0.054544
vn 0.147515 0.987555 -0.054544
vn 0.147515 0.987555 -0.054544
vn -0.147514 0.987555 -0.054544
vn -0.147514 0.987555 -0.054544
vn -0.147514 0.987555 -0.054544
vn -0.147514 0.987555 -0.054544
vn 0.808612 0.588340 -0.001522
vn 0.808612 0.588340 -0.001522
vn 0.808612 0.588340 -0.001522
vn 0.808612 0.588340 -0.001522
vn 0.808991 -0.587793 0.005764
vn 0.808991 -0.587793 0.005764
vn 0.808991 -0.587793 0.005764
vn 0.808991 -0.587793 0.005764
vn 0.806255 -0.589173 0.053189
vn 0.806255 -0.589173 0.053189
vn 0.806255 -0.589173 0.053189
vn 0.806255 -0.589173 0.053189
vn 0.803954 0.593191 -0.042208
vn 0.803954 0.593191 -0.042208
vn 0.803954 0.593191 -0.042208
vn 0.803954 0.593191 -0.042208
vn 0.151273 -0.988395 0.013817
vn 0.151273 -0.988395 0.013817
vn 0.151273 -0.988395 0.013817
vn 0.151273 -0.988395 0.013817
vn -0.151273 -0.988396 0.013817
vn -0.151273 -0.988396 0.013817
vn -0.151273 -0.988396 0.013817
vn -0.151273 -0.988396 0.013817
vn -0.150346 -0.983661 0.099028
vn -0.150346 -0.983661 0.099028
vn -0.150346 -0.983661 0.099028
vn -0.150346 -0.983661 0.099028
vn 0.150346 -0.983661 0.099028
vn 0.150346 -0.983661 0.099028
vn 0.150346 -0.983661 0.099028
vn 0.150346 -0.983661 0.099028
vn -0.807076 -0.586878 -0.064823
vn -0.807076 -0.586878 -0.064823
vn -0.807076 -0.586878 -0.064823
vn -0.807076 -0.586878 -0.064823
vn -0.806641 0.588016 0.059728
vn -0.806641 0.588016 0.059728
vn -0.806641 0.588016 0.059728
vn -0.806641 0.588016 0.059728
vn -0.810377 0.585892 0.004556
vn -0.810377 0.585892 0.004556
vn -0.810377 0.585892 0.004556
vn -0.810377 0.585892 0.004556
vn -0.810420 -0.585817 -0.006087
vn -0.810420 -0.585817 -0.006087
vn -0.810420 -0.585817 -0.006087
vn -0.810420 -0.585817 -0.006087
vn 0.143917 -0.880993 0.450709
vn 0.143917 -0.880993 0.450709
vn 0.143917 -0.880993 0.450709
vn 0.143917 -0.880993 0.450709
vn -0.145075 -0.881092 0.450144
vn -0.145075 -0.881092 0.450144
vn -0.145075 -0.881092 0.450144
vn -0.145075 -0.881092 0.450144
vn -0.146667 -0.972820 0.179192
vn -0.146667 -0.972820 0.179192
vn -0.146667 -0.972820 0.179192
vn -0.146667 -0.972820 0.179192
vn 0.145867 -0.972776 0.180080
vn 0.145867 -0.972776 0.180080
vn 0.145867 -0.972776 0.180080
vn 0.145867 -0.972776 0.180080
vn -0.796319 -0.540528 0.271488
vn -0.796319 -0.540528 0.271488
vn -0.796319 -0.540528 0.271488
vn -0.796319 -0.540528 0.271488
vn -0.795870 0.540016 -0.273814
vn -0.795870 0.540016 -0.273814
vn -0.795870 0.540016 -0.273814
vn -0.795870 0.540016 -0.273814
vn -0.800187 0.591648 -0.098252
vn -0.800187 0.591648 -0.098252
vn -0.800187 0.591648 -0.098252
vn -0.800187 0.591648 -0.098252
vn -0.800200 -0.591309 0.100165
vn -0.800200 -0.591309 0.100165
vn -0.800200 -0.591309 0.100165
vn -0.800200 -0.591309 0.100165
vn -0.144190 0.885423 -0.441853
vn -0.144190 0.885423 -0.441853
vn -0.144190 0.885423 -0.441853
vn -0.144190 0.885423 -0.441853
vn 0.145312 0.885813 -0.440704
vn 0.145312 0.885813 -0.440704
vn 0.145312 0.885813 -0.440704
vn 0.145312 0.885813 -0.440704
vn 0.147267 0.977872 -0.148591
vn 0.147267 0.977872 -0.148591
vn 0.147267 0.977872 -0.148591
vn 0.147267 0.977872 -0.148591
vn -0.146628 0.977770 -0.149887
vn -0.146628 0.977770 -0.149887
vn -0.146628 0.977770 -0.149887
vn -0.146628 0.977770 -0.149887
vn -0.796484 -0.601806 -0.058683
vn -0.796484 -0.601806 -0.058683
vn -0.796484 -0.601806 -0.058683
vn -0.796484 -0.601806 -0.058683
vn -0.796555 0.601547 0.060344
vn -0.796555 0.601547 0.060344
vn -0.796555 0.601547 0.060344
vn -0.796555 0.601547 0.060344
vn -0.797387 0.571374 0.194178
vn -0.797387 0.571374 0.194178
vn -0.797387 0.571374 0.194178
vn -0.797387 0.571374 0.194178
vn -0.796527 -0.574171 -0.189398
vn -0.796527 -0.574171 -0.189398
vn -0.796527 -0.574171 -0.189398
vn -0.796527 -0.574171 -0.189398
vn 0.144095 -0.986084 -0.082921
vn 0.144095 -0.986084 -0.082921
vn 0.144095 -0.986084 -0.082921
vn 0.144095 -0.986084 -0.082921
vn -0.144653 -0.985941 -0.083637
vn -0.144653 -0.985941 -0.083637
vn -0.144653 -0.985941 -0.083637
vn -0.144653 -0.985941 -0.083637
vn -0.144301 -0.944443 -0.295304
vn -0.144301 -0.944443 -0.295304
vn -0.144301 -0.944443 -0.295304
vn -0.144301 -0.944443 -0.295304
vn 0.143492 -0.944697 -0.294887
vn 0.143492 -0.944697 -0.294887
vn 0.143492 -0.944697 -0.294887
vn 0.143492 -0.944697 -0.294887
vn 0.797217 0.600104 0.065725
vn 0.797217 0.600104 0.065725
vn 0.797217 0.600104 0.065725
vn 0.797217 0.600104 0.065725
vn 0.795826 -0.603137 -0.053731
vn 0.795826 -0.603137 -0.053731
vn 0.795826 -0.603137 -0.053731
vn 0.795826 -0.603137 -0.053731
vn 0.795598 -0.576567 -0.185993
vn 0.795598 -0.576567 -0.185993
vn 0.795598 -0.576567 -0.185993
vn 0.795598 -0.576567 -0.185993
vn 0.798379 0.568627 0.198125
vn 0.798379 0.568627 0.198125
vn 0.798379 0.568627 0.198125
vn 0.798379 0.568627 0.198125
vn 0.796566 0.541598 -0.268616
vn 0.796566 0.541598 -0.268616
vn 0.796566 0.541598 -0.268616
vn 0.796566 0.541598 -0.268616
vn 0.795670 -0.539216 0.275961
vn 0.795670 -0.539216 0.275961
vn 0.795670 -0.539216 0.275961
vn 0.795670 -0.539216 0.275961
vn 0.799599 -0.591100 0.106030
vn 0.799599 -0.591100 0.106030
vn 0.799599 -0.591100 0.106030
vn 0.799599 -0.591100 0.106030
vn 0.800765 0.591874 -0.091978
vn 0.800765 0.591874 -0.091978
vn 0.800765 0.591874 -0.091978
vn 0.800765 0.591874 -0.091978
vn -0.192252 0.277307 -0.941350
vn -0.192252 0.277307 -0.941350
vn -0.192252 0.277307 -0.941350
vn -0.192252 0.277307 -0.941350
vn -0.150062 0.887083 -0.436537
vn -0.150062 0.887083 -0.436537
vn -0.150062 0.887083 -0.436537
vn -0.150062 0.887083 -0.436537
vn 0.150062 0.887083 -0.436537
vn 0.150062 0.887083 -0.436537
vn 0.150062 0.887083 -0.436537
vn 0.150062 0.887083 -0.436537
vn 0.192252 0.277307 -0.941350
vn 0.192252 0.277307 -0.941350
vn 0.192252 0.277307 -0.941350
vn 0.192252 0.277307 -0.941350
vn 0.192258 -0.289078 0.937801
vn 0.192258 -0.289078 0.937801
vn 0.192258 -0.289078 0.937801
vn 0.192258 -0.289078 0.937801
vn 0.162744 -0.825798 0.539974
vn 0.162744 -0.825798 0.539974
vn 0.162744 -0.825798 0.539974
vn 0.162744 -0.825798 0.539974
vn -0.162744 -0.825798 0.539974
vn -0.162744 -0.825798 0.539974
vn -0.162744 -0.825798 0.539974
vn -0.162744 -0.825798 0.539974
vn -0.192258 -0.289078 0.937801
vn -0.192258 -0.289078 0.937801
vn -0.192258 -0.289078 0.937801
vn -0.192258 -0.289078 0.937801
vn -0.869846 -0.143775 0.471908
vn -0.869846 -0.143775 0.471908
vn -0.869846 -0.143775 0.471908
vn -0.869846 -0.143775 0.471908
vn -0.824723 -0.482079 0.295689
vn -0.824723 -0.482079 0.295689
vn -0.824723 -0.482079 0.295689
vn -0.824723 -0.482079 0.295689
vn -0.815402 0.508417 -0.276824
vn -0.815402 0.508417 -0.276824
vn -0.815402 0.508417 -0.276824
vn -0.815402 0.508417 -0.276824
vn -0.869842 0.141249 -0.472676
vn -0.869842 0.141249 -0.472676
vn -0.869842 0.141249 -0.472676
vn -0.869842 0.141249 -0.472676
vn 0.873956 -0.022404 -0.485489
vn 0.873956 -0.022404 -0.485489
vn 0.873956 -0.022404 -0.485489
vn 0.873956 -0.022404 -0.485489
vn 0.873974 0.021959 0.485476
vn 0.873974 0.021959 0.485476
vn 0.873974 0.021959 0.485476
vn 0.873974 0.021959 0.485476
vn 0.869746 0.057136 0.490181
vn 0.869746 0.057136 0.490181
vn 0.869746 0.057136 0.490181
vn 0.869746 0.057136 0.490181
vn 0.869930 -0.051050 -0.490526
vn 0.869930 -0.051050 -0.490526
vn 0.869930 -0.051050 -0.490526
vn 0.869930 -0.051050 -0.490526
vn -0.869932 -0.051184 -0.490509
vn -0.869932 -0.051184 -0.490509
vn -0.869932 -0.051184 -0.490509
vn -0.869932 -0.051184 -0.490509
vn -0.869732 0.057263 0.490192
vn -0.869732 0.057263 0.490192
vn -0.869732 0.057263 0.490192
vn -0.869732 0.057263 0.490192
vn -0.873967 0.021942 0.485490
vn -0.873967 0.021942 0.485490
vn -0.873967 0.021942 0.485490
vn -0.873967 0.021942 0.485490
vn -0.873964 -0.022387 -0.485474
vn -0.873964 -0.022387 -0.485474
vn -0.873964 -0.022387 -0.485474
vn -0.873964 -0.022387 -0.485474
vn 0.158600 0.723926 0.671400
vn 0.158600 0.723926 0.671400
vn 0.158600 0.723926 0.671400
vn 0.158600 0.723926 0.671400
vn 0.177023 0.382696 0.906756
vn 0.177023 0.382696 0.906756
vn 0.177023 0.382696 0.906756
vn 0.177023 0.382696 0.906756
vn -0.176793 0.383127 0.906619
vn -0.176793 0.383127 0.906619
vn -0.176793 0.383127 0.906619
vn -0.176793 0.383127 0.906619
vn -0.158209 0.724565 0.670802
vn -0.158209 0.724565 0.670802
vn -0.158209 0.724565 0.670802
vn -0.158209 0.724565 0.670802
vn -0.178014 -0.352768 -0.918621
vn -0.178014 -0.352768 -0.918621
vn -0.178014 -0.352768 -0.918621
vn -0.178014 -0.352768 -0.918621
vn 0.177940 -0.352228 -0.918843
vn 0.177940 -0.352228 -0.918843
vn 0.177940 -0.352228 -0.918843
vn 0.177940 -0.352228 -0.918843
vn 0.155641 -0.754707 -0.637334
vn 0.155641 -0.754707 -0.637334
vn 0.155641 -0.754707 -0.637334
vn 0.155641 -0.754707 -0.637334
vn -0.156168 -0.754807 -0.637086
vn -0.156168 -0.754807 -0.637086
vn -0.156168 -0.754807 -0.637086
vn -0.156168 -0.754807 -0.637086
vn 0.869842 0.141249 -0.472676
vn 0.869842 0.141249 -0.472676
vn 0.869842 0.141249 -0.472676
vn 0.869842 0.141249 -0.472676
vn 0.815403 0.508416 -0.276824
vn 0.815403 0.508416 -0.276824
vn 0.815403 0.508416 -0.276824
vn 0.815403 0.508416 -0.276824
vn 0.824722 -0.482081 0.295689
vn 0.824722 -0.482081 0.295689
vn 0.824722 -0.482081 0.295689
vn 0.824722 -0.482081 0.295689
vn 0.869846 -0.143776 0.471908
vn 0.869846 -0.143776 0.471908
vn 0.869846 -0.143776 0.471908
vn 0.869846 -0.143776 0.471908
vn 0.834903 0.481586 -0.266481
vn 0.834903 0.481586 -0.266481
vn 0.834903 0.481586 -0.266481
vn 0.834903 0.481586 -0.266481
vn 0.819693 0.548789 -0.164115
vn 0.819693 0.548789 -0.164115
vn 0.819693 0.548789 -0.164115
vn 0.819693 0.548789 -0.164115
vn 0.822915 -0.539898 0.176980
vn 0.822915 -0.539898 0.176980
vn 0.822915 -0.539898 0.176980
vn 0.822915 -0.539898 0.176980
vn 0.838466 -0.468126 0.278986
vn 0.838466 -0.468126 0.278986
vn 0.838466 -0.468126 0.278986
vn 0.838466 -0.468126 0.278986
vn -0.838466 -0.468126 0.278985
vn -0.838466 -0.468126 0.278985
vn -0.838466 -0.468126 0.278985
vn -0.838466 -0.468126 0.278985
vn -0.822914 -0.539898 0.176980
vn -0.822914 -0.539898 0.176980
vn -0.822914 -0.539898 0.176980
vn -0.822914 -0.539898 0.176980
vn -0.819694 0.548788 -0.164116
vn -0.819694 0.548788 -0.164116
vn -0.819694 0.548788 -0.164116
vn -0.819694 0.548788 -0.164116
vn -0.834903 0.481586 -0.266481
vn -0.834903 0.481586 -0.266481
vn -0.834903 0.481586 -0.266481
vn -0.834903 0.481586 -0.266481
vn 0.169639 -0.838090 0.518486
vn 0.169639 -0.838090 0.518486
vn 0.169639 -0.838090 0.518486
vn 0.169639 -0.838090 0.518486
vn 0.159797 -0.933817 0.320080
vn 0.159797 -0.933817 0.320080
vn 0.159797 -0.933817 0.320080
vn 0.159797 -0.933817 0.320080
vn -0.159797 -0.933817 0.320080
vn -0.159797 -0.933817 0.320080
vn -0.159797 -0.933817 0.320080
vn -0.159797 -0.933817 0.320080
vn -0.169639 -0.838090 0.518486
vn -0.169639 -0.838090 0.518486
vn -0.169639 -0.838090 0.518486
vn -0.169639 -0.838090 0.518486
vn -0.808991 -0.587793 0.005764
vn -0.808991 -0.587793 0.005764
vn -0.808991 -0.587793 0.005764
vn -0.808991 -0.587793 0.005764
vn -0.808612 0.588340 -0.001523
vn -0.808612 0.588340 -0.001523
vn -0.808612 0.588340 -0.001523
vn -0.808612 0.588340 -0.001523
vn -0.803955 0.593190 -0.042207
vn -0.803955 0.593190 -0.042207
vn -0.803955 0.593190 -0.042207
vn -0.803955 0.593190 -0.042207
vn -0.806254 -0.589173 0.053188
vn -0.806254 -0.589173 0.053188
vn -0.806254 -0.589173 0.053188
vn -0.806254 -0.589173 0.053188
vn -0.145002 0.983375 0.109309
vn -0.145002 0.983375 0.109309
vn -0.145002 0.983375 0.109309
vn -0.145002 0.983375 0.109309
vn 0.145431 0.983184 0.110454
vn 0.145431 0.983184 0.110454
vn 0.145431 0.983184 0.110454
vn 0.145431 0.983184 0.110454
vn 0.146326 0.932200 0.331047
vn 0.146326 0.932200 0.331047
vn 0.146326 0.932200 0.331047
vn 0.146326 0.932200 0.331047
vn -0.145670 0.932640 0.330096
vn -0.145670 0.932640 0.330096
vn -0.145670 0.932640 0.330096
vn -0.145670 0.932640 0.330096
vn -0.871281 -0.041437 -0.489032
vn -0.871281 -0.041437 -0.489032
vn -0.871281 -0.041437 -0.489032
vn -0.871281 -0.041437 -0.489032
vn -0.871343 0.040406 0.489008
vn -0.871343 0.040406 0.489008
vn -0.871343 0.040406 0.489008
vn -0.871343 0.040406 0.489008
vn -0.868125 0.018143 0.496014
vn -0.868125 0.018143 0.496014
vn -0.868125 0.018143 0.496014
vn -0.868125 0.018143 0.496014
vn -0.867919 -0.020504 -0.496283
vn -0.867919 -0.020504 -0.496283
vn -0.867919 -0.020504 -0.496283
vn -0.867919 -0.020504 -0.496283
vn -0.819470 -0.431482 -0.377217
vn -0.819470 -0.431482 -0.377217
vn -0.819470 -0.431482 -0.377217
vn -0.819470 -0.431482 -0.377217
vn -0.820892 0.423881 0.382703
vn -0.820892 0.423881 0.382703
vn -0.820892 0.423881 0.382703
vn -0.820892 0.423881 0.382703
vn -0.850933 0.200800 0.485379
vn -0.850933 0.200800 0.485379
vn -0.850933 0.200800 0.485379
vn -0.850933 0.200800 0.485379
vn -0.851579 -0.193596 -0.487169
vn -0.851579 -0.193596 -0.487169
vn -0.851579 -0.193596 -0.487169
vn -0.851579 -0.193596 -0.487169
vn -0.164022 0.876293 -0.452998
vn -0.164022 0.876293 -0.452998
vn -0.164022 0.876293 -0.452998
vn -0.164022 0.876293 -0.452998
vn -0.155287 0.952798 -0.260888
vn -0.155287 0.952798 -0.260888
vn -0.155287 0.952798 -0.260888
vn -0.155287 0.952798 -0.260888
vn 0.155287 0.952798 -0.260888
vn 0.155287 0.952798 -0.260888
vn 0.155287 0.952798 -0.260888
vn 0.155287 0.952798 -0.260888
vn 0.164022 0.876293 -0.452998
vn 0.164022 0.876293 -0.452998
vn 0.164022 0.876293 -0.452998
vn 0.164022 0.876293 -0.452998
vn 0.867918 -0.020504 -0.496283
vn 0.867918 -0.020504 -0.496283
vn 0.867918 -0.020504 -0.496283
vn 0.867918 -0.020504 -0.496283
vn 0.868125 0.018143 0.496013
vn 0.868125 0.018143 0.496013
vn 0.868125 0.018143 0.496013
vn 0.868125 0.018143 0.496013
vn 0.871345 0.040412 0.489003
vn 0.871345 0.040412 0.489003
vn 0.871345 0.040412 0.489003
vn 0.871345 0.040412 0.489003
vn 0.871277 -0.041444 -0.489038
vn 0.871277 -0.041444 -0.489038
vn 0.871277 -0.041444 -0.489038
vn 0.871277 -0.041444 -0.489038
vn 0.192095 0.121333 0.973847
vn 0.192095 0.121333 0.973847
vn 0.192095 0.121333 0.973847
vn 0.192095 0.121333 0.973847
vn 0.195982 0.043708 0.979633
vn 0.195982 0.043708 0.979633
vn 0.195982 0.043708 0.979633
vn 0.195982 0.043708 0.979633
vn -0.195925 0.043694 0.979645
vn -0.195925 0.043694 0.979645
vn -0.195925 0.043694 0.979645
vn -0.195925 0.043694 0.979645
vn -0.191996 0.121435 0.973854
vn -0.191996 0.121435 0.973854
vn -0.191996 0.121435 0.973854
vn -0.191996 0.121435 0.973854
vn 0.193630 0.079461 0.977851
vn 0.193630 0.079461 0.977851
vn 0.193630 0.079461 0.977851
vn 0.193630 0.079461 0.977851
vn 0.190881 0.032876 0.981062
vn 0.190881 0.032876 0.981062
vn 0.190881 0.032876 0.981062
vn 0.190881 0.032876 0.981062
vn -0.190881 0.032876 0.981062
vn -0.190881 0.032876 0.981062
vn -0.190881 0.032876 0.981062
vn -0.190881 0.032876 0.981062
vn -0.193609 0.079456 0.977856
vn -0.193609 0.079456 0.977856
vn -0.193609 0.079456 0.977856
vn -0.193609 0.079456 0.977856
vn -0.195959 -0.045784 -0.979543
vn -0.195959 -0.045784 -0.979543
vn -0.195959 -0.045784 -0.979543
vn -0.195959 -0.045784 -0.979543
vn 0.195898 -0.045799 -0.979554
vn 0.195898 -0.045799 -0.979554
vn 0.195898 -0.045799 -0.979554
vn 0.195898 -0.045799 -0.979554
vn 0.192427 -0.093232 -0.976872
vn 0.192427 -0.093232 -0.976872
vn 0.192427 -0.093232 -0.976872
vn 0.192427 -0.093232 -0.976872
vn -0.192443 -0.093352 -0.976858
vn -0.192443 -0.093352 -0.976858
vn -0.192443 -0.093352 -0.976858
vn -0.192443 -0.093352 -0.976858
vn -0.190466 -0.043710 -0.980720
vn -0.190466 -0.043710 -0.980720
vn -0.190466 -0.043710 -0.980720
vn -0.190466 -0.043710 -0.980720
vn 0.190466 -0.043710 -0.980720
vn 0.190466 -0.043710 -0.980720
vn 0.190466 -0.043710 -0.980720
vn 0.190466 -0.043710 -0.980720
vn 0.193471 -0.084231 -0.977484
vn 0.193471 -0.084231 -0.977484
vn 0.193471 -0.084231 -0.977484
vn 0.193471 -0.084231 -0.977484
vn -0.193494 -0.084225 -0.977480
vn -0.193494 -0.084225 -0.977480
vn -0.193494 -0.084225 -0.977480
vn -0.193494 -0.084225 -0.977480
vn 0.851613 -0.192954 -0.487364
vn 0.851613 -0.192954 -0.487364
vn 0.851613 -0.192954 -0.487364
vn 0.851613 -0.192954 -0.487364
vn 0.851014 0.200195 0.485487
vn 0.851014 0.200195 0.485487
vn 0.851014 0.200195 0.485487
vn 0.851014 0.200195 0.485487
vn 0.821393 0.421551 0.384198
vn 0.821393 0.421551 0.384198
vn 0.821393 0.421551 0.384198
vn 0.821393 0.421551 0.384198
vn 0.819161 -0.432654 -0.376545
vn 0.819161 -0.432654 -0.376545
vn 0.819161 -0.432654 -0.376545
vn 0.819161 -0.432654 -0.376545
usemtl purse_DarkBrown
f 913//913 914//914 915//915
f 913//913 916//916 914//914
f 917//917 918//918 919//919
f 918//918 917//917 920//920
f 921//921 922//922 923//923
f 921//921 924//924 922//922
f 925//925 926//926 927//927
f 926//926 925//925 928//928
f 929//929 930//930 931//931
f 930//930 929//929 932//932
f 933//933 934//934 935//935
f 936//936 934//934 933//933
f 937//937 938//938 939//939
f 938//938 937//937 940//940
f 941//941 942//942 943//943
f 942//942 941//941 944//944
f 945//945 946//946 947//947
f 946//946 945//945 948//948
f 949//949 950//950 951//951
f 950//950 949//949 952//952
f 953//953 954//954 955//955
f 954//954 953//953 956//956
f 957//957 958//958 959//959
f 960//960 959//959 958//958
f 961//961 962//962 963//963
f 962//962 961//961 964//964
f 965//965 966//966 967//967
f 966//966 965//965 968//968
f 969//969 970//970 971//971
f 972//972 969//969 971//971
f 973//973 974//974 975//975
f 976//976 974//974 973//973
f 977//977 978//978 979//979
f 978//978 977//977 980//980
f 981//981 982//982 983//983
f 982//982 981//981 984//984
f 985//985 986//986 987//987
f 986//986 985//985 988//988
f 989//989 990//990 991//991
f 990//990 989//989 992//992
f 993//993 994//994 995//995
f 995//995 996//996 993//993
f 997//997 998//998 999//999
f 998//998 997//997 1000//1000
f 1001//1001 1002//1002 1003//1003
f 1002//1002 1001//1001 1004//1004
f 1005//1005 1006//1006 1007//1007
f 1008//1008 1006//1006 1005//1005
f 1009//1009 1010//1010 1011//1011
f 1010//1010 1009//1009 1012//1012
f 1013//1013 1014//1014 1015//1015
f 1013//1013 1016//1016 1014//1014
f 1017//1017 1018//1018 1019//1019
f 1020//1020 1017//1017 1019//1019
f 1021//1021 1022//1022 1023//1023
f 1024//1024 1022//1022 1021//1021
f 1025//1025 1026//1026 1027//1027
f 1026//1026 1025//1025 1028//1028
f 1029//1029 1030//1030 1031//1031
f 1032//1032 1030//1030 1029//1029
f 1033//1033 1034//1034 1035//1035
f 1034//1034 1033//1033 1036//1036
f 1037//1037 1038//1038 1039//1039
f 1038//1038 1037//1037 1040//1040
f 1041//1041 1042//1042 1043//1043
f 1042//1042 1041//1041 1044//1044
f 1045//1045 1046//1046 1047//1047
f 1046//1046 1045//1045 1048//1048
f 1049//1049 1050//1050 1051//1051
f 1050//1050 1049//1049 1052//1052
f 1053//1053 1054//1054 1055//1055
f 1056//1056 1054//1054 1053//1053
f 1057//1057 1058//1058 1059//1059
f 1059//1059 1060//1060 1057//1057
f 1061//1061 1062//1062 1063//1063
f 1062//1062 1061//1061 1064//1064
f 1065//1065 1066//1066 1067//1067
f 1066//1066 1065//1065 1068//1068
f 1069//1069 1070//1070 1071//1071
f 1070//1070 1069//1069 1072//1072
f 1073//1073 1074//1074 1075//1075
f 1075//1075 1076//1076 1073//1073
f 1077//1077 1078//1078 1079//1079
f 1080//1080 1078//1078 1077//1077
f 1081//1081 1082//1082 1083//1083
f 1082//1082 1081//1081 1084//1084
f 1085//1085 1086//1086 1087//1087
f 1086//1086 1085//1085 1088//1088
f 1089//1089 1090//1090 1091//1091
f 1090//1090 1089//1089 1092//1092
f 1093//1093 1094//1094 1095//1095
f 1096//1096 1095//1095 1094//1094
f 1097//1097 1098//1098 1099//1099
f 1098//1098 1097//1097 1100//1100
f 1101//1101 1102//1102 1103//1103
f 1104//1104 1102//1102 1101//1101
f 1105//1105 1106//1106 1107//1107
f 1107//1107 1108//1108 1105//1105
f 1109//1109 1110//1110 1111//1111
f 1110//1110 1109//1109 1112//1112
f 1113//1113 1114//1114 1115//1115
f 1114//1114 1113//1113 1116//1116
f 1117//1117 1118//1118 1119//1119
f 1118//1118 1117//1117 1120//1120
f 1121//1121 1122//1122 1123//1123
f 1123//1123 1124//1124 1121//1121
f 1125//1125 1126//1126 1127//1127
f 1126//1126 1125//1125 1128//1128
f 1129//1129 1130//1130 1131//1131
f 1130//1130 1129//1129 1132//1132
f 1133//1133 1134//1134 1135//1135
f 1136//1136 1134//1134 1133//1133
f 1137//1137 1138//1138 1139//1139
f 1138//1138 1137//1137 1140//1140
f 1141//1141 1142//1142 1143//1143
f 1142//1142 1141//1141 1144//1144
f 1145//1145 1146//1146 1147//1147
f 1146//1146 1145//1145 1148//1148
f 1149//1149 1150//1150 1151//1151
f 1152//1152 1151//1151 1150//1150
f 1153//1153 1154//1154 1155//1155
f 1154//1154 1153//1153 1156//1156
f 1157//1157 1158//1158 1159//1159
f 1158//1158 1157//1157 1160//1160
f 1161//1161 1162//1162 1163//1163
f 1162//1162 1161//1161 1164//1164
f 1165//1165 1166//1166 1167//1167
f 1166//1166 1165//1165 1168//1168
f 1169//1169 1170//1170 1171//1171
f 1170//1170 1169//1169 1172//1172
f 1173//1173 1174//1174 1175//1175
f 1174//1174 1173//1173 1176//1176
f 1177//1177 1178//1178 1179//1179
f 1178//1178 1177//1177 1180//1180
f 1181//1181 1182//1182 1183//1183
f 1182//1182 1181//1181 1184//1184
f 1185//1185 1186//1186 1187//1187
f 1185//1185 1187//1187 1188//1188
f 1189//1189 1190//1190 1191//1191
f 1190//1190 1189//1189 1192//1192
f 1193//1193 1194//1194 1195//1195
f 1195//1195 1196//1196 1193//1193
f 1197//1197 1198//1198 1199//1199
f 1198//1198 1197//1197 1200//1200
f 1201//1201 1202//1202 1203//1203
f 1204//1204 1201//1201 1203//1203
f 1205//1205 1206//1206 1207//1207
f 1208//1208 1206//1206 1205//1205
f 1209//1209 1210//1210 1211//1211
f 1210//1210 1209//1209 1212//1212
f 1213//1213 1214//1214 1215//1215
f 1214//1214 1213//1213 1216//1216
f 1217//1217 1218//1218 1219//1219
f 1218//1218 1217//1217 1220//1220
f 1221//1221 1222//1222 1223//1223
f 1224//1224 1223//1223 1222//1222
f 1225//1225 1226//1226 1227//1227
f 1226//1226 1225//1225 1228//1228
f 1229//1229 1230//1230 1231//1231
f 1230//1230 1229//1229 1232//1232
f 1233//1233 1234//1234 1235//1235
f 1235//1235 1236//1236 1233//1233
f 1237//1237 1238//1238 1239//1239
f 1240//1240 1238//1238 1237//1237
f 1241//1241 1242//1242 1243//1243
f 1242//1242 1241//1241 1244//1244
f 1245//1245 1246//1246 1247//1247
f 1246//1246 1245//1245 1248//1248
f 1249//1249 1250//1250 1251//1251
f 1252//1252 1250//1250 1249//1249
f 1253//1253 1254//1254 1255//1255
f 1254//1254 1253//1253 1256//1256
f 1257//1257 1258//1258 1259//1259
f 1258//1258 1257//1257 1260//1260
f 1261//1261 1262//1262 1263//1263
f 1262//1262 1261//1261 1264//1264
f 1265//1265 1266//1266 1267//1267
f 1267//1267 1268//1268 1265//1265
f 1269//1269 1270//1270 1271//1271
f 1270//1270 1269//1269 1272//1272
f 1273//1273 1274//1274 1275//1275
f 1274//1274 1273//1273 1276//1276
f 1277//1277 1278//1278 1279//1279
f 1278//1278 1277//1277 1280//1280
f 1281//1281 1282//1282 1283//1283
f 1282//1282 1281//1281 1284//1284
f 1285//1285 1286//1286 1287//1287
f 1288//1288 1285//1285 1287//1287
f 1289//1289 1290//1290 1291//1291
f 1292//1292 1289//1289 1291//1291
f 1293//1293 1294//1294 1295//1295
f 1296//1296 1294//1294 1293//1293
f 1297//1297 1298//1298 1299//1299
f 1298//1298 1297//1297 1300//1300
f 1301//1301 1302//1302 1303//1303
f 1302//1302 1301//1301 1304//1304
f 1305//1305 1306//1306 1307//1307
f 1307//1307 1308//1308 1305//1305
f 1309//1309 1310//1310 1311//1311
f 1312//1312 1309//1309 1311//1311
f 1313//1313 1314//1314 1315//1315
f 1314//1314 1313//1313 1316//1316
f 1317//1317 1318//1318 1319//1319
f 1320//1320 1319//1319 1318//1318
f 1321//1321 1322//1322 1323//1323
f 1322//1322 1321//1321 1324//1324
f 1325//1325 1326//1326 1327//1327
f 1326//1326 1325//1325 1328//1328
f 1329//1329 1330//1330 1331//1331
f 1331//1331 1332//1332 1329//1329
f 1333//1333 1334//1334 1335//1335
f 1336//1336 1335//1335 1334//1334
f 1337//1337 1338//1338 1339//1339
f 1338//1338 1337//1337 1340//1340
f 1341//1341 1342//1342 1343//1343
f 1342//1342 1341//1341 1344//1344
f 1345//1345 1346//1346 1347//1347
f 1348//1348 1346//1346 1345//1345
f 1349//1349 1350//1350 1351//1351
f 1352//1352 1349//1349 1351//1351
f 1353//1353 1354//1354 1355//1355
f 1354//1354 1353//1353 1356//1356
f 1357//1357 1358//1358 1359//1359
f 1358//1358 1357//1357 1360//1360
f 1361//1361 1362//1362 1363//1363
f 1364//1364 1361//1361 1363//1363
f 1365//1365 1366//1366 1367//1367
f 1368//1368 1366//1366 1365//1365
f 1369//1369 1370//1370 1371//1371
f 1370//1370 1369//1369 1372//1372
f 1373//1373 1374//1374 1375//1375
f 1374//1374 1373//1373 1376//1376
f 1377//1377 1378//1378 1379//1379
f 1378//1378 1377//1377 1380//1380
f 1381//1381 1382//1382 1383//1383
f 1382//1382 1381//1381 1384//1384
f 1385//1385 1386//1386 1387//1387
f 1387//1387 1388//1388 1385//1385
f 1389//1389 1390//1390 1391//1391
f 1392//1392 1390//1390 1389//1389
f 1393//1393 1394//1394 1395//1395
f 1395//1395 1396//1396 1393//1393
f 1397//1397 1398//1398 1399//1399
f 1398//1398 1397//1397 1400//1400
f 1401//1401 1402//1402 1403//1403
f 1402//1402 1401//1401 1404//1404
f 1405//1405 1406//1406 1407//1407
f 1406//1406 1405//1405 1408//1408
f 1409//1409 1410//1410 1411//1411
f 1411//1411 1412//1412 1409//1409
f 1413//1413 1414//1414 1415//1415
f 1416//1416 1414//1414 1413//1413
f 1417//1417 1418//1418 1419//1419
f 1418//1418 1417//1417 1420//1420
f 1421//1421 1422//1422 1423//1423
f 1422//1422 1421//1421 1424//1424
f 1425//1425 1426//1426 1427//1427
f 1426//1426 1425//1425 1428//1428
f 1429//1429 1430//1430 1431//1431
f 1429//1429 1432//1432 1430//1430
f 1433//1433 1434//1434 1435//1435
f 1434//1434 1433//1433 1436//1436
f 1437//1437 1438//1438 1439//1439
f 1438//1438 1437//1437 1440//1440
f 1441//1441 1442//1442 1443//1443
f 1442//1442 1441//1441 1444//1444
f 1445//1445 1446//1446 1447//1447
f 1448//1448 1447//1447 1446//1446
f 1449//1449 1450//1450 1451//1451
f 1450//1450 1449//1449 1452//1452
f 1453//1453 1454//1454 1455//1455
f 1454//1454 1453//1453 1456//1456
f 1457//1457 1458//1458 1459//1459
f 1458//1458 1457//1457 1460//1460
f 1461//1461 1462//1462 1463//1463
f 1462//1462 1461//1461 1464//1464
f 1465//1465 1466//1466 1467//1467
f 1466//1466 1465//1465 1468//1468
f 1469//1469 1470//1470 1471//1471
f 1469//1469 1472//1472 1470//1470
f 1473//1473 1474//1474 1475//1475
f 1474//1474 1473//1473 1476//1476
f 1477//1477 1478//1478 1479//1479
f 1478//1478 1477//1477 1480//1480
f 1481//1481 1482//1482 1483//1483
f 1482//1482 1481//1481 1484//1484
f 1485//1485 1486//1486 1487//1487
f 1488//1488 1487//1487 1486//1486
f 1489//1489 1490//1490 1491//1491
f 1490//1490 1489//1489 1492//1492
f 1493//1493 1494//1494 1495//1495
f 1494//1494 1493//1493 1496//1496
f 1497//1497 1498//1498 1499//1499
f 1498//1498 1497//1497 1500//1500
f 1501//1501 1502//1502 1503//1503
f 1501//1501 1504//1504 1502//1502
f 1505//1505 1506//1506 1507//1507
f 1506//1506 1505//1505 1508//1508
f 1509//1509 1510//1510 1511//1511
f 1511//1511 1510//1510 1512//1512
f 1513//1513 1514//1514 1515//1515
f 1514//1514 1513//1513 1516//1516
f 1517//1517 1518//1518 1519//1519
f 1520//1520 1519//1519 1518//1518
f 1521//1521 1522//1522 1523//1523
f 1522//1522 1521//1521 1524//1524
f 1525//1525 1526//1526 1527//1527
f 1525//1525 1528//1528 1526//1526
f 1529//1529 1530//1530 1531//1531
f 1530//1530 1529//1529 1532//1532
f 1533//1533 1534//1534 1535//1535
f 1534//1534 1533//1533 1536//1536
f 1537//1537 1538//1538 1539//1539
f 1538//1538 1537//1537 1540//1540
f 1541//1541 1542//1542 1543//1543
f 1544//1544 1542//1542 1541//1541
f 1545//1545 1546//1546 1547//1547
f 1546//1546 1545//1545 1548//1548
f 1549//1549 1550//1550 1551//1551
f 1552//1552 1549//1549 1551//1551
f 1553//1553 1554//1554 1555//1555
f 1555//1555 1556//1556 1553//1553
f 1557//1557 1558//1558 1559//1559
f 1560//1560 1558//1558 1557//1557
f 1561//1561 1562//1562 1563//1563
f 1562//1562 1561//1561 1564//1564
f 1565//1565 1566//1566 1567//1567
f 1566//1566 1565//1565 1568//1568
f 1569//1569 1570//1570 1571//1571
f 1569//1569 1572//1572 1570//1570
f 1573//1573 1574//1574 1575//1575
f 1574//1574 1573//1573 1576//1576
f 1577//1577 1578//1578 1579//1579
f 1578//1578 1577//1577 1580//1580
f 1581//1581 1582//1582 1583//1583
f 1582//1582 1581//1581 1584//1584
f 1585//1585 1586//1586 1587//1587
f 1585//1585 1587//1587 1588//1588
f 1589//1589 1590//1590 1591//1591
f 1590//1590 1589//1589 1592//1592
f 1593//1593 1594//1594 1595//1595
f 1593//1593 1596//1596 1594//1594
f 1597//1597 1598//1598 1599//1599
f 1598//1598 1597//1597 1600//1600
f 1601//1601 1602//1602 1603//1603
f 1601//1601 1604//1604 1602//1602
f 1605//1605 1606//1606 1607//1607
f 1606//1606 1605//1605 1608//1608
f 1609//1609 1610//1610 1611//1611
f 1609//1609 1612//1612 1610//1610
f 1613//1613 1614//1614 1615//1615
f 1614//1614 1613//1613 1616//1616
f 1617//1617 1618//1618 1619//1619
f 1618//1618 1617//1617 1620//1620
f 1621//1621 1622//1622 1623//1623
f 1622//1622 1621//1621 1624//1624
f 1625//1625 1626//1626 1627//1627
f 1626//1626 1625//1625 1628//1628
f 1629//1629 1630//1630 1631//1631
f 1630//1630 1629//1629 1632//1632
f 1633//1633 1634//1634 1635//1635
f 1634//1634 1633//1633 1636//1636
f 1637//1637 1638//1638 1639//1639
f 1637//1637 1639//1639 1640//1640
f 1641//1641 1642//1642 1643//1643
f 1642//1642 1641//1641 1644//1644
f 1645//1645 1646//1646 1647//1647
f 1646//1646 1645//1645 1648//1648
f 1649//1649 1650//1650 1651//1651
f 1651//1651 1652//1652 1649//1649
f 1653//1653 1654//1654 1655//1655
f 1654//1654 1653//1653 1656//1656
f 1657//1657 1658//1658 1659//1659
f 1658//1658 1657//1657 1660//1660
f 1661//1661 1662//1662 1663//1663
f 1662//1662 1661//1661 1664//1664
f 1665//1665 1666//1666 1667//1667
f 1666//1666 1665//1665 1668//1668
f 1669//1669 1670//1670 1671//1671
f 1672//1672 1669//1669 1671//1671
f 1673//1673 1674//1674 1675//1675
f 1674//1674 1673//1673 1676//1676
f 1677//1677 1678//1678 1679//1679
f 1680//1680 1678//1678 1677//1677
f 1681//1681 1682//1682 1683//1683
f 1682//1682 1681//1681 1684//1684
f 1685//1685 1686//1686 1687//1687
f 1686//1686 1685//1685 1688//1688
f 1689//1689 1690//1690 1691//1691
f 1690//1690 1689//1689 1692//1692
f 1693//1693 1694//1694 1695//1695
f 1694//1694 1693//1693 1696//1696
f 1697//1697 1698//1698 1699//1699
f 1700//1700 1697//1697 1699//1699
f 1701//1701 1702//1702 1703//1703
f 1704//1704 1702//1702 1701//1701
f 1705//1705 1706//1706 1707//1707
f 1708//1708 1705//1705 1707//1707
f 1709//1709 1710//1710 1711//1711
f 1712//1712 1710//1710 1709//1709
f 1713//1713 1714//1714 1715//1715
f 1714//1714 1713//1713 1716//1716
f 1717//1717 1718//1718 1719//1719
f 1718//1718 1717//1717 1720//1720
f 1721//1721 1722//1722 1723//1723
f 1721//1721 1724//1724 1722//1722
f 1725//1725 1726//1726 1727//1727
f 1725//1725 1728//1728 1726//1726
f 1729//1729 1730//1730 1731//1731
f 1732//1732 1731//1731 1730//1730
f 1733//1733 1734//1734 1735//1735
f 1734//1734 1733//1733 1736//1736
f 1737//1737 1738//1738 1739//1739
f 1740//1740 1737//1737 1739//1739
f 1741//1741 1742//1742 1743//1743
f 1742//1742 1741//1741 1744//1744
f 1745//1745 1746//1746 1747//1747
f 1746//1746 1745//1745 1748//1748
f 1749//1749 1750//1750 1751//1751
f 1750//1750 1749//1749 1752//1752
f 1753//1753 1754//1754 1755//1755
f 1754//1754 1753//1753 1756//1756
f 1757//1757 1758//1758 1759//1759
f 1760//1760 1757//1757 1759//1759
f 1761//1761 1762//1762 1763//1763
f 1761//1761 1764//1764 1762//1762
f 1765//1765 1766//1766 1767//1767
f 1766//1766 1765//1765 1768//1768
f 1769//1769 1770//1770 1771//1771
f 1770//1770 1769//1769 1772//1772
f 1773//1773 1774//1774 1775//1775
f 1774//1774 1773//1773 1776//1776
f 1777//1777 1778//1778 1779//1779
f 1777//1777 1779//1779 1780//1780
f 1781//1781 1782//1782 1783//1783
f 1782//1782 1781//1781 1784//1784
f 1785//1785 1786//1786 1787//1787
f 1787//1787 1788//1788 1785//1785
f 1789//1789 1790//1790 1791//1791
f 1790//1790 1789//1789 1792//1792
f 1793//1793 1794//1794 1795//1795
f 1794//1794 1793//1793 1796//1796
f 1797//1797 1798//1798 1799//1799
f 1798//1798 1797//1797 1800//1800
f 1801//1801 1802//1802 1803//1803
f 1803//1803 1804//1804 1801//1801
f 1805//1805 1806//1806 1807//1807
f 1808//1808 1806//1806 1805//1805
f 1809//1809 1810//1810 1811//1811
f 1810//1810 1809//1809 1812//1812
f 1813//1813 1814//1814 1815//1815
f 1816//1816 1813//1813 1815//1815
f 1817//1817 1818//1818 1819//1819
f 1818//1818 1817//1817 1820//1820
f 1821//1821 1822//1822 1823//1823
f 1824//1824 1822//1822 1821//1821
f 1825//1825 1826//1826 1827//1827
f 1826//1826 1825//1825 1828//1828
f 1829//1829 1830//1830 1831//1831
f 1832//1832 1831//1831 1830//1830
f 1833//1833 1834//1834 1835//1835
f 1834//1834 1833//1833 1836//1836
f 1837//1837 1838//1838 1839//1839
f 1838//1838 1837//1837 1840//1840
f 1841//1841 1842//1842 1843//1843
f 1842//1842 1841//1841 1844//1844
f 1845//1845 1846//1846 1847//1847
f 1846//1846 1845//1845 1848//1848
f 1849//1849 1850//1850 1851//1851
f 1849//1849 1852//1852 1850//1850
f 1853//1853 1854//1854 1855//1855
f 1854//1854 1853//1853 1856//1856
f 1857//1857 1858//1858 1859//1859
f 1859//1859 1860//1860 1857//1857
f 1861//1861 1862//1862 1863//1863
f 1862//1862 1861//1861 1864//1864
f 1865//1865 1866//1866 1867//1867
f 1866//1866 1865//1865 1868//1868
f 1869//1869 1870//1870 1871//1871
f 1870//1870 1869//1869 1872//1872
f 1873//1873 1874//1874 1875//1875
f 1873//1873 1876//1876 1874//1874
f 1877//1877 1878//1878 1879//1879
f 1879//1879 1880//1880 1877//1877
f 1881//1881 1882//1882 1883//1883
f 1884//1884 1882//1882 1881//1881
f 1885//1885 1886//1886 1887//1887
f 1886//1886 1885//1885 1888//1888
f 1889//1889 1890//1890 1891//1891
f 1890//1890 1889//1889 1892//1892
f 1893//1893 1894//1894 1895//1895
f 1895//1895 1896//1896 1893//1893
f 1897//1897 1898//1898 1899//1899
f 1900//1900 1898//1898 1897//1897
f 1901//1901 1902//1902 1903//1903
f 1902//1902 1901//1901 1904//1904
f 1905//1905 1906//1906 1907//1907
f 1906//1906 1905//1905 1908//1908
f 1909//1909 1910//1910 1911//1911
f 1910//1910 1909//1909 1912//1912
f 1913//1913 1914//1914 1915//1915
f 1914//1914 1913//1913 1916//1916
f 1917//1917 1918//1918 1919//1919
f 1918//1918 1917//1917 1920//1920
f 1921//1921 1922//1922 1923//1923
f 1922//1922 1921//1921 1924//1924
f 1925//1925 1926//1926 1927//1927
f 1926//1926 1925//1925 1928//1928
f 1929//1929 1930//1930 1931//1931
f 1930//1930 1929//1929 1932//1932
f 1933//1933 1934//1934 1935//1935
f 1936//1936 1934//1934 1933//1933
f 1937//1937 1938//1938 1939//1939
f 1939//1939 1940//1940 1937//1937
f 1941//1941 1942//1942 1943//1943
f 1942//1942 1941//1941 1944//1944
f 1945//1945 1946//1946 1947//1947
f 1945//1945 1948//1948 1946//1946
f 1949//1949 1950//1950 1951//1951
f 1950//1950 1949//1949 1952//1952
v -0.042083 -0.021730 0.170380
v -0.036629 0.000101 0.192482
v -0.041779 0.001651 0.189009
v -0.036721 -0.023669 0.173636
v -0.031362 -0.021249 0.172204
v -0.036629 0.000101 0.192482
v -0.036721 -0.023669 0.173636
v -0.031484 0.000584 0.189223
v -0.036721 -0.023669 0.173636
v -0.036890 -0.034986 0.157075
v -0.032736 -0.028705 0.160579
v -0.031362 -0.021249 0.172204
v -0.036890 -0.034986 0.157075
v -0.042083 -0.021730 0.170380
v -0.040965 -0.029018 0.158846
v -0.036721 -0.023669 0.173636
v -0.036918 -0.015634 0.148241
v -0.031340 -0.008126 0.158012
v -0.032737 -0.016209 0.152429
v -0.036734 -0.006234 0.154886
v -0.031504 0.006683 0.168781
v -0.031340 -0.008126 0.158012
v -0.036734 -0.006234 0.154886
v -0.036645 0.008233 0.165554
v -0.041782 0.007749 0.169059
v -0.036734 -0.006234 0.154886
v -0.042125 -0.008701 0.156447
v -0.036645 0.008233 0.165554
v -0.036918 -0.015634 0.148241
v -0.042125 -0.008701 0.156447
v -0.036734 -0.006234 0.154886
v -0.040995 -0.016563 0.150811
v -0.044015 0.038061 0.193932
v -0.043495 0.004878 0.179039
v -0.041779 0.001651 0.189009
v -0.042225 0.034978 0.204791
v -0.043495 0.004878 0.179039
v -0.042217 0.039062 0.182281
v -0.041782 0.007749 0.169059
v -0.044015 0.038061 0.193932
v -0.044015 0.038061 0.193932
v -0.028053 0.068088 0.192415
v -0.042217 0.039062 0.182281
v -0.029481 0.067790 0.204708
v -0.042225 0.034978 0.204791
v -0.029481 0.067790 0.204708
v -0.044015 0.038061 0.193932
v -0.028058 0.063672 0.215547
v -0.029780 0.003456 0.178997
v -0.031362 -0.021249 0.172204
v -0.029559 -0.014599 0.165390
v -0.031484 0.000584 0.189223
v -0.029780 0.003456 0.178997
v -0.029559 -0.014599 0.165390
v -0.031504 0.006683 0.168781
v -0.031340 -0.008126 0.158012
v -0.029559 -0.014599 0.165390
v -0.032737 -0.016209 0.152429
v -0.031340 -0.008126 0.158012
v -0.031214 -0.025111 0.153978
v -0.032736 -0.028705 0.160579
v -0.029559 -0.014599 0.165390
v -0.031362 -0.021249 0.172204
v -0.031214 -0.025111 0.153978
v 0.068875 0.027800 0.206302
v 0.068669 -0.004913 0.190530
v 0.073884 -0.004041 0.186892
v 0.074351 0.031080 0.203356
v 0.068669 -0.004913 0.190530
v 0.063423 0.025843 0.201652
v 0.063459 -0.003765 0.187497
v 0.068875 0.027800 0.206302
v 0.068875 0.027800 0.206302
v 0.055866 0.056348 0.217208
v 0.051548 0.051536 0.211395
v 0.063423 0.025843 0.201652
v 0.055866 0.056348 0.217208
v 0.074351 0.031080 0.203356
v 0.060218 0.062571 0.215141
v 0.068875 0.027800 0.206302
v 0.068972 0.033088 0.175915
v 0.051752 0.055595 0.187233
v 0.055999 0.061994 0.185691
v 0.063576 0.029708 0.178516
v 0.068686 0.003164 0.163846
v 0.063576 0.029708 0.178516
v 0.068972 0.033088 0.175915
v 0.063480 0.002278 0.167326
v 0.068972 0.033088 0.175915
v 0.073888 0.002032 0.167037
v 0.068686 0.003164 0.163846
v 0.074343 0.035146 0.180912
v 0.074343 0.035146 0.180912
v 0.055999 0.061994 0.185691
v 0.060212 0.066982 0.192028
v 0.068972 0.033088 0.175915
v 0.075622 -0.001048 0.176890
v 0.074211 -0.025512 0.168898
v 0.076040 -0.019242 0.161626
v 0.073884 -0.004041 0.186892
v 0.075622 -0.001048 0.176890
v 0.076040 -0.019242 0.161626
v 0.073888 0.002032 0.167037
v 0.074256 -0.012503 0.155029
v 0.076040 -0.019242 0.161626
v 0.073151 -0.018266 0.150078
v 0.074256 -0.012503 0.155029
v 0.074762 -0.026510 0.150821
v 0.073119 -0.030712 0.158085
v 0.076040 -0.019242 0.161626
v 0.074211 -0.025512 0.168898
v 0.074762 -0.026510 0.150821
v 0.061692 0.026886 0.189742
v 0.061734 -0.000700 0.177486
v 0.063459 -0.003765 0.187497
v 0.063423 0.025843 0.201652
v 0.061734 -0.000700 0.177486
v 0.063576 0.029708 0.178516
v 0.063480 0.002278 0.167326
v 0.061692 0.026886 0.189742
v 0.061692 0.026886 0.189742
v 0.051752 0.055595 0.187233
v 0.063576 0.029708 0.178516
v 0.050223 0.051697 0.198602
v 0.063423 0.025843 0.201652
v 0.050223 0.051697 0.198602
v 0.061692 0.026886 0.189742
v 0.051548 0.051536 0.211395
v 0.014805 0.015794 0.191164
v 0.019915 0.007579 0.189643
v 0.014800 0.006106 0.185580
v 0.021576 0.014694 0.193674
v 0.014805 0.015794 0.191164
v 0.021397 0.026159 0.203902
v 0.021576 0.014694 0.193674
v 0.014791 0.027369 0.201535
v 0.008158 0.026471 0.203278
v 0.014791 0.027369 0.201535
v 0.014805 0.015794 0.191164
v 0.008000 0.014981 0.193023
v 0.014805 0.015794 0.191164
v 0.014800 0.006106 0.185580
v 0.009646 0.007781 0.189149
v 0.008000 0.014981 0.193023
v 0.023819 0.011779 0.200332
v 0.019852 0.003494 0.199660
v 0.021775 0.003290 0.192820
v 0.021522 0.008959 0.206775
v 0.023592 0.022943 0.210166
v 0.021522 0.008959 0.206775
v 0.023819 0.011779 0.200332
v 0.021359 0.019832 0.216225
v 0.023592 0.022943 0.210166
v 0.023819 0.011779 0.200332
v 0.021397 0.026159 0.203902
v 0.021576 0.014694 0.193674
v 0.023819 0.011779 0.200332
v 0.019915 0.007579 0.189643
v 0.021576 0.014694 0.193674
v 0.021775 0.003290 0.192820
v 0.005656 0.012158 0.199468
v 0.008000 0.014981 0.193023
v 0.009646 0.007781 0.189149
v 0.007703 0.003551 0.192144
v 0.005656 0.012158 0.199468
v 0.005880 0.023365 0.209346
v 0.008158 0.026471 0.203278
v 0.008000 0.014981 0.193023
v 0.005880 0.023365 0.209346
v 0.007853 0.009240 0.206130
v 0.008030 0.020153 0.215619
v 0.005656 0.012158 0.199468
v 0.005656 0.012158 0.199468
v 0.007703 0.003551 0.192144
v 0.009541 0.003693 0.199169
v 0.007853 0.009240 0.206130
v 0.014678 0.000736 0.199384
v 0.007853 0.009240 0.206130
v 0.009541 0.003693 0.199169
v 0.014671 0.008143 0.208636
v 0.007853 0.009240 0.206130
v 0.014681 0.018939 0.217978
v 0.008030 0.020153 0.215619
v 0.014671 0.008143 0.208636
v 0.021522 0.008959 0.206775
v 0.014681 0.018939 0.217978
v 0.014671 0.008143 0.208636
v 0.021359 0.019832 0.216225
v 0.014671 0.008143 0.208636
v 0.014678 0.000736 0.199384
v 0.019852 0.003494 0.199660
v 0.021522 0.008959 0.206775
v 0.014668 0.029267 0.227621
v 0.008030 0.020153 0.215619
v 0.014681 0.018939 0.217978
v 0.007860 0.030606 0.225307
v 0.014668 0.029267 0.227621
v 0.009541 0.037226 0.229239
v 0.007860 0.030606 0.225307
v 0.014672 0.038114 0.232936
v 0.014668 0.029267 0.227621
v 0.021509 0.030252 0.225895
v 0.019841 0.036959 0.229675
v 0.014672 0.038114 0.232936
v 0.014668 0.029267 0.227621
v 0.014681 0.018939 0.217978
v 0.021359 0.019832 0.216225
v 0.021509 0.030252 0.225895
v 0.007988 0.037570 0.213179
v 0.005880 0.023365 0.209346
v 0.005654 0.034145 0.219143
v 0.008158 0.026471 0.203278
v 0.005654 0.034145 0.219143
v 0.007698 0.042009 0.226559
v 0.009636 0.042589 0.220240
v 0.007988 0.037570 0.213179
v 0.005654 0.034145 0.219143
v 0.009541 0.037226 0.229239
v 0.007698 0.042009 0.226559
v 0.007860 0.030606 0.225307
v 0.008030 0.020153 0.215619
v 0.005654 0.034145 0.219143
v 0.005880 0.023365 0.209346
v 0.007860 0.030606 0.225307
v 0.023813 0.033685 0.219942
v 0.021359 0.019832 0.216225
v 0.023592 0.022943 0.210166
v 0.021509 0.030252 0.225895
v 0.023813 0.033685 0.219942
v 0.021765 0.041646 0.227153
v 0.019841 0.036959 0.229675
v 0.021509 0.030252 0.225895
v 0.021765 0.041646 0.227153
v 0.023813 0.033685 0.219942
v 0.019910 0.042330 0.220686
v 0.021577 0.037233 0.213789
v 0.021577 0.037233 0.213789
v 0.023592 0.022943 0.210166
v 0.021397 0.026159 0.203902
v 0.023813 0.033685 0.219942
v 0.014791 0.027369 0.201535
v 0.021577 0.037233 0.213789
v 0.021397 0.026159 0.203902
v 0.014799 0.038564 0.211465
v 0.014790 0.045541 0.220777
v 0.021577 0.037233 0.213789
v 0.014799 0.038564 0.211465
v 0.019910 0.042330 0.220686
v 0.014799 0.038564 0.211465
v 0.009636 0.042589 0.220240
v 0.014790 0.045541 0.220777
v 0.007988 0.037570 0.213179
v 0.014791 0.027369 0.201535
v 0.007988 0.037570 0.213179
v 0.014799 0.038564 0.211465
v 0.008158 0.026471 0.203278
v 0.007698 0.042009 0.226559
v 0.014790 0.045541 0.220777
v 0.009636 0.042589 0.220240
v 0.014730 0.044465 0.229294
v 0.021765 0.041646 0.227153
v 0.014790 0.045541 0.220777
v 0.014730 0.044465 0.229294
v 0.019910 0.042330 0.220686
v 0.014672 0.038114 0.232936
v 0.021765 0.041646 0.227153
v 0.014730 0.044465 0.229294
v 0.019841 0.036959 0.229675
v 0.014672 0.038114 0.232936
v 0.007698 0.042009 0.226559
v 0.009541 0.037226 0.229239
v 0.014730 0.044465 0.229294
v 0.021775 0.003290 0.192820
v 0.014678 0.000736 0.199384
v 0.014739 0.000571 0.190009
v 0.019852 0.003494 0.199660
v 0.021775 0.003290 0.192820
v 0.014800 0.006106 0.185580
v 0.019915 0.007579 0.189643
v 0.014739 0.000571 0.190009
v 0.007703 0.003551 0.192144
v 0.014800 0.006106 0.185580
v 0.014739 0.000571 0.190009
v 0.009646 0.007781 0.189149
v 0.007703 0.003551 0.192144
v 0.014678 0.000736 0.199384
v 0.009541 0.003693 0.199169
v 0.014739 0.000571 0.190009
v -0.031214 -0.025111 0.153978
v -0.036890 -0.034986 0.157075
v -0.036963 -0.028762 0.148791
v -0.032736 -0.028705 0.160579
v -0.031214 -0.025111 0.153978
v -0.036918 -0.015634 0.148241
v -0.032737 -0.016209 0.152429
v -0.036963 -0.028762 0.148791
v -0.042594 -0.025509 0.151338
v -0.036918 -0.015634 0.148241
v -0.036963 -0.028762 0.148791
v -0.040995 -0.016563 0.150811
v -0.036963 -0.028762 0.148791
v -0.040965 -0.029018 0.158846
v -0.042594 -0.025509 0.151338
v -0.036890 -0.034986 0.157075
v 0.016084 0.077613 0.208268
v -0.028058 0.063672 0.215547
v 0.016085 0.073152 0.219101
v -0.029481 0.067790 0.204708
v -0.029481 0.067790 0.204708
v 0.016085 0.077679 0.195763
v -0.028053 0.068088 0.192415
v 0.016084 0.077613 0.208268
v 0.061642 0.066645 0.204296
v 0.016085 0.077679 0.195763
v 0.016084 0.077613 0.208268
v 0.060212 0.066982 0.192028
v 0.061642 0.066645 0.204296
v 0.016084 0.077613 0.208268
v 0.060218 0.062571 0.215141
v 0.016085 0.073152 0.219101
v 0.064850 -0.030003 0.159945
v 0.061585 -0.017362 0.164322
v 0.063351 -0.025817 0.153586
v 0.063402 -0.024142 0.170991
v 0.061585 -0.017362 0.164322
v 0.063381 -0.011051 0.156979
v 0.064853 -0.017521 0.151874
v 0.063351 -0.025817 0.153586
v 0.061585 -0.017362 0.164322
v 0.063480 0.002278 0.167326
v 0.063381 -0.011051 0.156979
v 0.061734 -0.000700 0.177486
v 0.061734 -0.000700 0.177486
v 0.063402 -0.024142 0.170991
v 0.063459 -0.003765 0.187497
v 0.061585 -0.017362 0.164322
v -0.018077 0.052509 0.198895
v -0.031378 0.028826 0.202820
v -0.029660 0.029738 0.190766
v -0.019401 0.052385 0.211724
v -0.029660 0.029738 0.190766
v -0.031531 0.032730 0.179504
v -0.019604 0.056454 0.187519
v -0.018077 0.052509 0.198895
v -0.031531 0.032730 0.179504
v -0.029780 0.003456 0.178997
v -0.031504 0.006683 0.168781
v -0.029660 0.029738 0.190766
v -0.029660 0.029738 0.190766
v -0.031484 0.000584 0.189223
v -0.029780 0.003456 0.178997
v -0.031378 0.028826 0.202820
v 0.074762 -0.026510 0.150821
v 0.069041 -0.035836 0.156600
v 0.069138 -0.028784 0.148613
v 0.073119 -0.030712 0.158085
v 0.069138 -0.028784 0.148613
v 0.073151 -0.018266 0.150078
v 0.074762 -0.026510 0.150821
v 0.069072 -0.016492 0.147806
v 0.063351 -0.025817 0.153586
v 0.069072 -0.016492 0.147806
v 0.069138 -0.028784 0.148613
v 0.064853 -0.017521 0.151874
v 0.063351 -0.025817 0.153586
v 0.069041 -0.035836 0.156600
v 0.064850 -0.030003 0.159945
v 0.069138 -0.028784 0.148613
v 0.061642 0.066645 0.204296
v 0.074351 0.031080 0.203356
v 0.076155 0.034002 0.192475
v 0.060218 0.062571 0.215141
v 0.076155 0.034002 0.192475
v 0.074343 0.035146 0.180912
v 0.060212 0.066982 0.192028
v 0.061642 0.066645 0.204296
v 0.074343 0.035146 0.180912
v 0.075622 -0.001048 0.176890
v 0.073888 0.002032 0.167037
v 0.076155 0.034002 0.192475
v 0.076155 0.034002 0.192475
v 0.073884 -0.004041 0.186892
v 0.075622 -0.001048 0.176890
v 0.074351 0.031080 0.203356
v -0.040965 -0.029018 0.158846
v -0.043896 -0.015304 0.163131
v -0.042594 -0.025509 0.151338
v -0.042083 -0.021730 0.170380
v -0.043896 -0.015304 0.163131
v -0.042125 -0.008701 0.156447
v -0.040995 -0.016563 0.150811
v -0.042594 -0.025509 0.151338
v -0.043896 -0.015304 0.163131
v -0.041782 0.007749 0.169059
v -0.042125 -0.008701 0.156447
v -0.043495 0.004878 0.179039
v -0.043495 0.004878 0.179039
v -0.042083 -0.021730 0.170380
v -0.041779 0.001651 0.189009
v -0.043896 -0.015304 0.163131
v 0.051548 0.051536 0.211395
v 0.016092 0.060034 0.201580
v 0.050223 0.051697 0.198602
v 0.016091 0.060169 0.214668
v 0.050223 0.051697 0.198602
v 0.016091 0.064292 0.190165
v 0.051752 0.055595 0.187233
v 0.016092 0.060034 0.201580
v 0.016091 0.064292 0.190165
v -0.018077 0.052509 0.198895
v -0.019604 0.056454 0.187519
v 0.016092 0.060034 0.201580
v 0.016092 0.060034 0.201580
v -0.019401 0.052385 0.211724
v -0.018077 0.052509 0.198895
v 0.016091 0.060169 0.214668
v 0.063480 0.002278 0.167326
v 0.068821 -0.009602 0.153680
v 0.063381 -0.011051 0.156979
v 0.068686 0.003164 0.163846
v 0.069072 -0.016492 0.147806
v 0.063381 -0.011051 0.156979
v 0.068821 -0.009602 0.153680
v 0.064853 -0.017521 0.151874
v 0.069072 -0.016492 0.147806
v 0.074256 -0.012503 0.155029
v 0.073151 -0.018266 0.150078
v 0.068821 -0.009602 0.153680
v 0.073888 0.002032 0.167037
v 0.074256 -0.012503 0.155029
v 0.068821 -0.009602 0.153680
v 0.068686 0.003164 0.163846
v -0.023845 0.062978 0.186022
v 0.016088 0.071706 0.188977
v -0.019604 0.056454 0.187519
v 0.016091 0.064292 0.190165
v 0.016088 0.071706 0.188977
v 0.051752 0.055595 0.187233
v 0.016091 0.064292 0.190165
v 0.055999 0.061994 0.185691
v 0.055999 0.061994 0.185691
v 0.016085 0.077679 0.195763
v 0.060212 0.066982 0.192028
v 0.016088 0.071706 0.188977
v 0.016085 0.077679 0.195763
v -0.023845 0.062978 0.186022
v -0.028053 0.068088 0.192415
v 0.016088 0.071706 0.188977
v -0.036645 0.008233 0.165554
v -0.031531 0.032730 0.179504
v -0.031504 0.006683 0.168781
v -0.036886 0.036562 0.177074
v -0.036886 0.036562 0.177074
v -0.023845 0.062978 0.186022
v -0.019604 0.056454 0.187519
v -0.031531 0.032730 0.179504
v -0.023845 0.062978 0.186022
v -0.042217 0.039062 0.182281
v -0.028053 0.068088 0.192415
v -0.036886 0.036562 0.177074
v -0.036886 0.036562 0.177074
v -0.036645 0.008233 0.165554
v -0.041782 0.007749 0.169059
v -0.042217 0.039062 0.182281
v 0.069041 -0.035836 0.156600
v 0.074211 -0.025512 0.168898
v 0.068805 -0.027002 0.172268
v 0.073119 -0.030712 0.158085
v 0.069041 -0.035836 0.156600
v 0.068805 -0.027002 0.172268
v 0.064850 -0.030003 0.159945
v 0.063402 -0.024142 0.170991
v 0.063402 -0.024142 0.170991
v 0.068669 -0.004913 0.190530
v 0.063459 -0.003765 0.187497
v 0.068805 -0.027002 0.172268
v 0.074211 -0.025512 0.168898
v 0.068669 -0.004913 0.190530
v 0.068805 -0.027002 0.172268
v 0.073884 -0.004041 0.186892
v 0.055866 0.056348 0.217208
v 0.016085 0.073152 0.219101
v 0.016088 0.065940 0.220871
v 0.060218 0.062571 0.215141
v 0.055866 0.056348 0.217208
v 0.016088 0.065940 0.220871
v 0.051548 0.051536 0.211395
v 0.016091 0.060169 0.214668
v 0.016088 0.065940 0.220871
v -0.019401 0.052385 0.211724
v 0.016091 0.060169 0.214668
v -0.023713 0.057322 0.217580
v -0.023713 0.057322 0.217580
v 0.016085 0.073152 0.219101
v -0.028058 0.063672 0.215547
v 0.016088 0.065940 0.220871
v -0.042225 0.034978 0.204791
v -0.023713 0.057322 0.217580
v -0.028058 0.063672 0.215547
v -0.036789 0.031237 0.207624
v -0.036789 0.031237 0.207624
v -0.019401 0.052385 0.211724
v -0.023713 0.057322 0.217580
v -0.031378 0.028826 0.202820
v -0.036629 0.000101 0.192482
v -0.031378 0.028826 0.202820
v -0.036789 0.031237 0.207624
v -0.031484 0.000584 0.189223
v -0.036789 0.031237 0.207624
v -0.041779 0.001651 0.189009
v -0.036629 0.000101 0.192482
v -0.042225 0.034978 0.204791
vn -0.577983 -0.504773 0.641202
vn -0.577983 -0.504773 0.641202
vn -0.577983 -0.504773 0.641202
vn -0.577983 -0.504773 0.641202
vn 0.462673 -0.547859 0.696982
vn 0.462673 -0.547859 0.696982
vn 0.462673 -0.547859 0.696982
vn 0.462673 -0.547859 0.696982
vn 0.551358 -0.707956 0.441365
vn 0.551358 -0.707956 0.441365
vn 0.551358 -0.707956 0.441365
vn 0.551358 -0.707956 0.441365
vn -0.621116 -0.662924 0.418026
vn -0.621116 -0.662924 0.418026
vn -0.621116 -0.662924 0.418026
vn -0.621116 -0.662924 0.418026
vn 0.617701 0.412445 -0.669578
vn 0.617701 0.412445 -0.669578
vn 0.617701 0.412445 -0.669578
vn 0.617701 0.412445 -0.669578
vn 0.561948 0.489626 -0.666694
vn 0.561948 0.489626 -0.666694
vn 0.561948 0.489626 -0.666694
vn 0.561948 0.489626 -0.666694
vn -0.483658 0.530788 -0.695944
vn -0.483658 0.530788 -0.695944
vn -0.483658 0.530788 -0.695944
vn -0.483658 0.530788 -0.695944
vn -0.490149 0.487285 -0.722708
vn -0.490149 0.487285 -0.722708
vn -0.490149 0.487285 -0.722708
vn -0.490149 0.487285 -0.722708
vn -0.986652 -0.079804 0.141945
vn -0.986652 -0.079804 0.141945
vn -0.986652 -0.079804 0.141945
vn -0.986652 -0.079804 0.141945
vn -0.987196 0.051230 -0.151058
vn -0.987196 0.051230 -0.151058
vn -0.987196 0.051230 -0.151058
vn -0.987196 0.051230 -0.151058
vn -0.881070 0.463639 -0.093565
vn -0.881070 0.463639 -0.093565
vn -0.881070 0.463639 -0.093565
vn -0.881070 0.463639 -0.093565
vn -0.902317 0.351080 0.250132
vn -0.902317 0.351080 0.250132
vn -0.902317 0.351080 0.250132
vn -0.902317 0.351080 0.250132
vn 0.984057 -0.102916 0.145054
vn 0.984057 -0.102916 0.145054
vn 0.984057 -0.102916 0.145054
vn 0.984057 -0.102916 0.145054
vn 0.984594 0.111469 -0.134720
vn 0.984594 0.111469 -0.134720
vn 0.984594 0.111469 -0.134720
vn 0.984594 0.111469 -0.134720
vn 0.967239 0.065406 -0.245296
vn 0.967239 0.065406 -0.245296
vn 0.967239 0.065406 -0.245296
vn 0.967239 0.065406 -0.245296
vn 0.969450 -0.238246 0.058349
vn 0.969450 -0.238246 0.058349
vn 0.969450 -0.238246 0.058349
vn 0.969450 -0.238246 0.058349
vn 0.586157 -0.352488 0.729502
vn 0.586157 -0.352488 0.729502
vn 0.586157 -0.352488 0.729502
vn 0.586157 -0.352488 0.729502
vn -0.525282 -0.367189 0.767627
vn -0.525282 -0.367189 0.767627
vn -0.525282 -0.367189 0.767627
vn -0.525282 -0.367189 0.767627
vn -0.454885 -0.491415 0.742692
vn -0.454885 -0.491415 0.742692
vn -0.454885 -0.491415 0.742692
vn -0.454885 -0.491415 0.742692
vn 0.518290 -0.087216 0.850746
vn 0.518290 -0.087216 0.850746
vn 0.518290 -0.087216 0.850746
vn 0.518290 -0.087216 0.850746
vn -0.465925 0.086356 -0.880600
vn -0.465925 0.086356 -0.880600
vn -0.465925 0.086356 -0.880600
vn -0.465925 0.086356 -0.880600
vn -0.564211 0.313491 -0.763799
vn -0.564211 0.313491 -0.763799
vn -0.564211 0.313491 -0.763799
vn -0.564211 0.313491 -0.763799
vn 0.565436 0.308199 -0.765046
vn 0.565436 0.308199 -0.765046
vn 0.565436 0.308199 -0.765046
vn 0.565436 0.308199 -0.765046
vn 0.505072 0.473554 -0.721560
vn 0.505072 0.473554 -0.721560
vn 0.505072 0.473554 -0.721560
vn 0.505072 0.473554 -0.721560
vn 0.983578 -0.104747 0.146979
vn 0.983578 -0.104747 0.146979
vn 0.983578 -0.104747 0.146979
vn 0.983578 -0.104747 0.146979
vn 0.982472 0.132696 -0.130918
vn 0.982472 0.132696 -0.130918
vn 0.982472 0.132696 -0.130918
vn 0.982472 0.132696 -0.130918
vn 0.966796 0.104929 -0.233013
vn 0.966796 0.104929 -0.233013
vn 0.966796 0.104929 -0.233013
vn 0.966796 0.104929 -0.233013
vn 0.964823 -0.259240 0.043726
vn 0.964823 -0.259240 0.043726
vn 0.964823 -0.259240 0.043726
vn 0.964823 -0.259240 0.043726
vn -0.987413 -0.067422 0.143074
vn -0.987413 -0.067422 0.143074
vn -0.987413 -0.067422 0.143074
vn -0.987413 -0.067422 0.143074
vn -0.986568 0.064859 -0.149921
vn -0.986568 0.064859 -0.149921
vn -0.986568 0.064859 -0.149921
vn -0.986568 0.064859 -0.149921
vn -0.911276 -0.336262 -0.237706
vn -0.911276 -0.336262 -0.237706
vn -0.911276 -0.336262 -0.237706
vn -0.911276 -0.336262 -0.237706
vn -0.891325 -0.444619 0.088616
vn -0.891325 -0.444619 0.088616
vn -0.891325 -0.444619 0.088616
vn -0.891325 -0.444619 0.088616
vn 0.430024 0.415916 -0.801307
vn 0.430024 0.415916 -0.801307
vn 0.430024 0.415916 -0.801307
vn 0.430024 0.415916 -0.801307
vn 0.360582 0.623336 -0.693854
vn 0.360582 0.623336 -0.693854
vn 0.360582 0.623336 -0.693854
vn 0.360582 0.623336 -0.693854
vn -0.273691 0.642099 -0.716102
vn -0.273691 0.642099 -0.716102
vn -0.273691 0.642099 -0.716102
vn -0.273691 0.642099 -0.716102
vn -0.346638 0.432441 -0.832368
vn -0.346638 0.432441 -0.832368
vn -0.346638 0.432441 -0.832368
vn -0.346638 0.432441 -0.832368
vn 0.878751 -0.436427 0.193206
vn 0.878751 -0.436427 0.193206
vn 0.878751 -0.436427 0.193206
vn 0.878751 -0.436427 0.193206
vn 0.947707 -0.200489 0.248306
vn 0.947707 -0.200489 0.248306
vn 0.947707 -0.200489 0.248306
vn 0.947707 -0.200489 0.248306
vn 0.950398 0.215702 -0.224091
vn 0.950398 0.215702 -0.224091
vn 0.950398 0.215702 -0.224091
vn 0.950398 0.215702 -0.224091
vn 0.932869 0.043090 -0.357629
vn 0.932869 0.043090 -0.357629
vn 0.932869 0.043090 -0.357629
vn 0.932869 0.043090 -0.357629
vn -0.923595 0.053222 -0.379657
vn -0.923595 0.053222 -0.379657
vn -0.923595 0.053222 -0.379657
vn -0.923595 0.053222 -0.379657
vn -0.943422 0.228771 -0.240039
vn -0.943422 0.228771 -0.240039
vn -0.943422 0.228771 -0.240039
vn -0.943422 0.228771 -0.240039
vn -0.954584 -0.186286 0.232523
vn -0.954584 -0.186286 0.232523
vn -0.954584 -0.186286 0.232523
vn -0.954584 -0.186286 0.232523
vn -0.891853 -0.415565 0.178618
vn -0.891853 -0.415565 0.178618
vn -0.891853 -0.415565 0.178618
vn -0.891853 -0.415565 0.178618
vn -0.377724 -0.742208 0.553581
vn -0.377724 -0.742208 0.553581
vn -0.377724 -0.742208 0.553581
vn -0.377724 -0.742208 0.553581
vn -0.359738 -0.609622 0.706363
vn -0.359738 -0.609622 0.706363
vn -0.359738 -0.609622 0.706363
vn -0.359738 -0.609622 0.706363
vn 0.273823 -0.629029 0.727560
vn 0.273823 -0.629029 0.727560
vn 0.273823 -0.629029 0.727560
vn 0.273823 -0.629029 0.727560
vn 0.302253 -0.763934 0.570130
vn 0.302253 -0.763934 0.570130
vn 0.302253 -0.763934 0.570130
vn 0.302253 -0.763934 0.570130
vn -0.357753 -0.637705 0.682163
vn -0.357753 -0.637705 0.682163
vn -0.357753 -0.637705 0.682163
vn -0.357753 -0.637705 0.682163
vn -0.418467 -0.432044 0.798888
vn -0.418467 -0.432044 0.798888
vn -0.418467 -0.432044 0.798888
vn -0.418467 -0.432044 0.798888
vn 0.337396 -0.448061 0.827892
vn 0.337396 -0.448061 0.827892
vn 0.337396 -0.448061 0.827892
vn 0.337396 -0.448061 0.827892
vn 0.272223 -0.656561 0.703436
vn 0.272223 -0.656561 0.703436
vn 0.272223 -0.656561 0.703436
vn 0.272223 -0.656561 0.703436
vn -0.945776 0.207710 -0.249730
vn -0.945776 0.207710 -0.249730
vn -0.945776 0.207710 -0.249730
vn -0.945776 0.207710 -0.249730
vn -0.883766 0.438066 -0.164487
vn -0.883766 0.438066 -0.164487
vn -0.883766 0.438066 -0.164487
vn -0.883766 0.438066 -0.164487
vn -0.926207 -0.054161 0.373104
vn -0.926207 -0.054161 0.373104
vn -0.926207 -0.054161 0.373104
vn -0.926207 -0.054161 0.373104
vn -0.952129 -0.216144 0.216174
vn -0.952129 -0.216144 0.216174
vn -0.952129 -0.216144 0.216174
vn -0.952129 -0.216144 0.216174
vn 0.945235 -0.229666 0.231915
vn 0.945235 -0.229666 0.231915
vn 0.945235 -0.229666 0.231915
vn 0.945235 -0.229666 0.231915
vn 0.916235 -0.064229 0.395460
vn 0.916235 -0.064229 0.395460
vn 0.916235 -0.064229 0.395460
vn 0.916235 -0.064229 0.395460
vn 0.896096 0.417581 -0.150457
vn 0.896096 0.417581 -0.150457
vn 0.896096 0.417581 -0.150457
vn 0.896096 0.417581 -0.150457
vn 0.952645 0.193746 -0.234372
vn 0.952645 0.193746 -0.234372
vn 0.952645 0.193746 -0.234372
vn 0.952645 0.193746 -0.234372
vn 0.361922 0.618023 -0.697897
vn 0.361922 0.618023 -0.697897
vn 0.361922 0.618023 -0.697897
vn 0.361922 0.618023 -0.697897
vn 0.387809 0.757963 -0.524496
vn 0.387809 0.757963 -0.524496
vn 0.387809 0.757963 -0.524496
vn 0.387809 0.757963 -0.524496
vn -0.310874 0.781239 -0.541316
vn -0.310874 0.781239 -0.541316
vn -0.310874 0.781239 -0.541316
vn -0.310874 0.781239 -0.541316
vn -0.274795 0.637930 -0.719398
vn -0.274795 0.637930 -0.719398
vn -0.274795 0.637930 -0.719398
vn -0.274795 0.637930 -0.719398
vn -0.415320 0.908535 0.045536
vn -0.415320 0.908535 0.045536
vn -0.415320 0.908535 0.045536
vn -0.415320 0.908535 0.045536
vn 0.451331 0.890922 0.050583
vn 0.451331 0.890922 0.050583
vn 0.451331 0.890922 0.050583
vn 0.451331 0.890922 0.050583
vn 0.473441 0.363145 0.802483
vn 0.473441 0.363145 0.802483
vn 0.473441 0.363145 0.802483
vn 0.473441 0.363145 0.802483
vn -0.511488 0.360813 0.779868
vn -0.511488 0.360813 0.779868
vn -0.511488 0.360813 0.779868
vn -0.511488 0.360813 0.779868
vn 0.393721 -0.916636 0.069006
vn 0.393721 -0.916636 0.069006
vn 0.393721 -0.916636 0.069006
vn 0.393721 -0.916636 0.069006
vn 0.552312 -0.444791 -0.705062
vn 0.552312 -0.444791 -0.705062
vn 0.552312 -0.444791 -0.705062
vn 0.552312 -0.444791 -0.705062
vn -0.513698 -0.450015 -0.730480
vn -0.513698 -0.450015 -0.730480
vn -0.513698 -0.450015 -0.730480
vn -0.513698 -0.450015 -0.730480
vn -0.429407 -0.900888 0.063324
vn -0.429407 -0.900888 0.063324
vn -0.429407 -0.900888 0.063324
vn -0.429407 -0.900888 0.063324
vn 0.791301 -0.542969 -0.281119
vn 0.791301 -0.542969 -0.281119
vn 0.791301 -0.542969 -0.281119
vn 0.791301 -0.542969 -0.281119
vn 0.690028 -0.022630 -0.723429
vn 0.690028 -0.022630 -0.723429
vn 0.690028 -0.022630 -0.723429
vn 0.690028 -0.022630 -0.723429
vn -0.467838 -0.008276 -0.883775
vn -0.467838 -0.008276 -0.883775
vn -0.467838 -0.008276 -0.883775
vn -0.467838 -0.008276 -0.883775
vn -0.723770 -0.619550 -0.303834
vn -0.723770 -0.619550 -0.303834
vn -0.723770 -0.619550 -0.303834
vn -0.723770 -0.619550 -0.303834
vn -0.223366 0.901202 0.371406
vn -0.223366 0.901202 0.371406
vn -0.223366 0.901202 0.371406
vn -0.223366 0.901202 0.371406
vn -0.211672 0.977338 0.002133
vn -0.211672 0.977338 0.002133
vn -0.211672 0.977338 0.002133
vn -0.211672 0.977338 0.002133
vn 0.234995 0.971994 0.002244
vn 0.234995 0.971994 0.002244
vn 0.234995 0.971994 0.002244
vn 0.234995 0.971994 0.002244
vn 0.247860 0.895790 0.368953
vn 0.247860 0.895790 0.368953
vn 0.247860 0.895790 0.368953
vn 0.247860 0.895790 0.368953
vn -0.965487 -0.258968 0.027769
vn -0.965487 -0.258968 0.027769
vn -0.965487 -0.258968 0.027769
vn -0.965487 -0.258968 0.027769
vn -0.965268 0.060412 -0.254182
vn -0.965268 0.060412 -0.254182
vn -0.965268 0.060412 -0.254182
vn -0.965268 0.060412 -0.254182
vn -0.983678 0.115980 -0.137576
vn -0.983678 0.115980 -0.137576
vn -0.983678 0.115980 -0.137576
vn -0.983678 0.115980 -0.137576
vn -0.983453 -0.109900 0.144019
vn -0.983453 -0.109900 0.144019
vn -0.983453 -0.109900 0.144019
vn -0.983453 -0.109900 0.144019
vn 0.874688 -0.476799 0.087084
vn 0.874688 -0.476799 0.087084
vn 0.874688 -0.476799 0.087084
vn 0.874688 -0.476799 0.087084
vn 0.896572 -0.367506 -0.247179
vn 0.896572 -0.367506 -0.247179
vn 0.896572 -0.367506 -0.247179
vn 0.896572 -0.367506 -0.247179
vn 0.987155 0.061610 -0.147409
vn 0.987155 0.061610 -0.147409
vn 0.987155 0.061610 -0.147409
vn 0.987155 0.061610 -0.147409
vn 0.987736 -0.069193 0.139964
vn 0.987736 -0.069193 0.139964
vn 0.987736 -0.069193 0.139964
vn 0.987736 -0.069193 0.139964
vn 0.646937 -0.647001 -0.403562
vn 0.646937 -0.647001 -0.403562
vn 0.646937 -0.647001 -0.403562
vn 0.646937 -0.647001 -0.403562
vn 0.420373 -0.034083 -0.906711
vn 0.420373 -0.034083 -0.906711
vn 0.420373 -0.034083 -0.906711
vn 0.420373 -0.034083 -0.906711
vn -0.674355 -0.043111 -0.737148
vn -0.674355 -0.043111 -0.737148
vn -0.674355 -0.043111 -0.737148
vn -0.674355 -0.043111 -0.737148
vn -0.766350 -0.539960 -0.348066
vn -0.766350 -0.539960 -0.348066
vn -0.766350 -0.539960 -0.348066
vn -0.766350 -0.539960 -0.348066
vn 0.916247 0.321080 0.239583
vn 0.916247 0.321080 0.239583
vn 0.916247 0.321080 0.239583
vn 0.916247 0.321080 0.239583
vn 0.896738 0.432216 -0.095130
vn 0.896738 0.432216 -0.095130
vn 0.896738 0.432216 -0.095130
vn 0.896738 0.432216 -0.095130
vn 0.986841 0.051869 -0.153148
vn 0.986841 0.051869 -0.153148
vn 0.986841 0.051869 -0.153148
vn 0.986841 0.051869 -0.153148
vn 0.986241 -0.080116 0.144603
vn 0.986241 -0.080116 0.144603
vn 0.986241 -0.080116 0.144603
vn 0.986241 -0.080116 0.144603
vn -0.970591 -0.229823 0.071653
vn -0.970591 -0.229823 0.071653
vn -0.970591 -0.229823 0.071653
vn -0.970591 -0.229823 0.071653
vn -0.966269 0.099180 -0.237671
vn -0.966269 0.099180 -0.237671
vn -0.966269 0.099180 -0.237671
vn -0.966269 0.099180 -0.237671
vn -0.983023 0.124733 -0.134566
vn -0.983023 0.124733 -0.134566
vn -0.983023 0.124733 -0.134566
vn -0.983023 0.124733 -0.134566
vn -0.984265 -0.099715 0.145871
vn -0.984265 -0.099715 0.145871
vn -0.984265 -0.099715 0.145871
vn -0.984265 -0.099715 0.145871
vn -0.235965 -0.971698 0.011135
vn -0.235965 -0.971698 0.011135
vn -0.235965 -0.971698 0.011135
vn -0.235965 -0.971698 0.011135
vn -0.250053 -0.906133 -0.341170
vn -0.250053 -0.906133 -0.341170
vn -0.250053 -0.906133 -0.341170
vn -0.250053 -0.906133 -0.341170
vn 0.226626 -0.911491 -0.343255
vn 0.226626 -0.911491 -0.343255
vn 0.226626 -0.911491 -0.343255
vn 0.226626 -0.911491 -0.343255
vn 0.213740 -0.976824 0.011381
vn 0.213740 -0.976824 0.011381
vn 0.213740 -0.976824 0.011381
vn 0.213740 -0.976824 0.011381
vn -0.536870 0.520931 -0.663627
vn -0.536870 0.520931 -0.663627
vn -0.536870 0.520931 -0.663627
vn -0.536870 0.520931 -0.663627
vn -0.611068 0.454064 -0.648399
vn -0.611068 0.454064 -0.648399
vn -0.611068 0.454064 -0.648399
vn -0.611068 0.454064 -0.648399
vn 0.517220 0.535975 -0.667243
vn 0.517220 0.535975 -0.667243
vn 0.517220 0.535975 -0.667243
vn 0.517220 0.535975 -0.667243
vn 0.495526 0.553092 -0.669734
vn 0.495526 0.553092 -0.669734
vn 0.495526 0.553092 -0.669734
vn 0.495526 0.553092 -0.669734
vn 0.106997 -0.156501 -0.981865
vn 0.106997 -0.156501 -0.981865
vn 0.106997 -0.156501 -0.981865
vn 0.106997 -0.156501 -0.981865
vn -0.118962 -0.157194 -0.980377
vn -0.118962 -0.157194 -0.980377
vn -0.118962 -0.157194 -0.980377
vn -0.118962 -0.157194 -0.980377
vn 0.124966 0.741411 -0.659313
vn 0.124966 0.741411 -0.659313
vn 0.124966 0.741411 -0.659313
vn 0.124966 0.741411 -0.659313
vn -0.112291 0.742543 -0.660318
vn -0.112291 0.742543 -0.660318
vn -0.112291 0.742543 -0.660318
vn -0.112291 0.742543 -0.660318
vn 0.570018 0.313473 -0.759483
vn 0.570018 0.313473 -0.759483
vn 0.570018 0.313473 -0.759483
vn 0.570018 0.313473 -0.759483
vn 0.448460 0.077942 -0.890398
vn 0.448460 0.077942 -0.890398
vn 0.448460 0.077942 -0.890398
vn 0.448460 0.077942 -0.890398
vn -0.488938 0.488633 -0.722618
vn -0.488938 0.488633 -0.722618
vn -0.488938 0.488633 -0.722618
vn -0.488938 0.488633 -0.722618
vn -0.572683 0.308580 -0.759482
vn -0.572683 0.308580 -0.759482
vn -0.572683 0.308580 -0.759482
vn -0.572683 0.308580 -0.759482
vn 0.580090 -0.727328 0.366727
vn 0.580090 -0.727328 0.366727
vn 0.580090 -0.727328 0.366727
vn 0.580090 -0.727328 0.366727
vn -0.581131 -0.727953 0.363830
vn -0.581131 -0.727953 0.363830
vn -0.581131 -0.727953 0.363830
vn -0.581131 -0.727953 0.363830
vn -0.484243 -0.554804 0.676536
vn -0.484243 -0.554804 0.676536
vn -0.484243 -0.554804 0.676536
vn -0.484243 -0.554804 0.676536
vn 0.545417 -0.532782 0.647042
vn 0.545417 -0.532782 0.647042
vn 0.545417 -0.532782 0.647042
vn 0.545417 -0.532782 0.647042
vn 0.142510 0.228862 0.962971
vn 0.142510 0.228862 0.962971
vn 0.142510 0.228862 0.962971
vn 0.142510 0.228862 0.962971
vn -0.113055 -0.725155 0.679241
vn -0.113055 -0.725155 0.679241
vn -0.113055 -0.725155 0.679241
vn -0.113055 -0.725155 0.679241
vn 0.101711 -0.725572 0.680588
vn 0.101711 -0.725572 0.680588
vn 0.101711 -0.725572 0.680588
vn 0.101711 -0.725572 0.680588
vn -0.128149 0.229490 0.964838
vn -0.128149 0.229490 0.964838
vn -0.128149 0.229490 0.964838
vn -0.128149 0.229490 0.964838
vn -0.504629 -0.074270 0.860136
vn -0.504629 -0.074270 0.860136
vn -0.504629 -0.074270 0.860136
vn -0.504629 -0.074270 0.860136
vn 0.436739 -0.503599 0.745418
vn 0.436739 -0.503599 0.745418
vn 0.436739 -0.503599 0.745418
vn 0.436739 -0.503599 0.745418
vn 0.519645 -0.371821 0.769232
vn 0.519645 -0.371821 0.769232
vn 0.519645 -0.371821 0.769232
vn 0.519645 -0.371821 0.769232
vn -0.602366 -0.349841 0.717472
vn -0.602366 -0.349841 0.717472
vn -0.602366 -0.349841 0.717472
vn -0.602366 -0.349841 0.717472
usemtl purse_Gold
f 1953//1953 1954//1954 1955//1955
f 1954//1954 1953//1953 1956//1956
f 1957//1957 1958//1958 1959//1959
f 1958//1958 1957//1957 1960//1960
f 1961//1961 1962//1962 1963//1963
f 1963//1963 1964//1964 1961//1961
f 1965//1965 1966//1966 1967//1967
f 1966//1966 1965//1965 1968//1968
f 1969//1969 1970//1970 1971//1971
f 1970//1970 1969//1969 1972//1972
f 1973//1973 1974//1974 1975//1975
f 1973//1973 1975//1975 1976//1976
f 1977//1977 1978//1978 1979//1979
f 1980//1980 1978//1978 1977//1977
f 1981//1981 1982//1982 1983//1983
f 1982//1982 1981//1981 1984//1984
f 1985//1985 1986//1986 1987//1987
f 1987//1987 1988//1988 1985//1985
f 1989//1989 1990//1990 1991//1991
f 1990//1990 1989//1989 1992//1992
f 1993//1993 1994//1994 1995//1995
f 1994//1994 1993//1993 1996//1996
f 1997//1997 1998//1998 1999//1999
f 1998//1998 1997//1997 2000//2000
f 2001//2001 2002//2002 2003//2003
f 2002//2002 2001//2001 2004//2004
f 2005//2005 2006//2006 2007//2007
f 2008//2008 2007//2007 2006//2006
f 2009//2009 2010//2010 2011//2011
f 2010//2010 2009//2009 2012//2012
f 2013//2013 2014//2014 2015//2015
f 2014//2014 2013//2013 2016//2016
f 2017//2017 2018//2018 2019//2019
f 2019//2019 2020//2020 2017//2017
f 2021//2021 2022//2022 2023//2023
f 2022//2022 2021//2021 2024//2024
f 2025//2025 2026//2026 2027//2027
f 2027//2027 2028//2028 2025//2025
f 2029//2029 2030//2030 2031//2031
f 2030//2030 2029//2029 2032//2032
f 2033//2033 2034//2034 2035//2035
f 2034//2034 2033//2033 2036//2036
f 2037//2037 2038//2038 2039//2039
f 2038//2038 2037//2037 2040//2040
f 2041//2041 2042//2042 2043//2043
f 2044//2044 2042//2042 2041//2041
f 2045//2045 2046//2046 2047//2047
f 2046//2046 2045//2045 2048//2048
f 2049//2049 2050//2050 2051//2051
f 2050//2050 2049//2049 2052//2052
f 2053//2053 2054//2054 2055//2055
f 2056//2056 2055//2055 2054//2054
f 2057//2057 2058//2058 2059//2059
f 2058//2058 2057//2057 2060//2060
f 2061//2061 2062//2062 2063//2063
f 2061//2061 2064//2064 2062//2062
f 2065//2065 2066//2066 2067//2067
f 2067//2067 2068//2068 2065//2065
f 2069//2069 2070//2070 2071//2071
f 2070//2070 2069//2069 2072//2072
f 2073//2073 2074//2074 2075//2075
f 2074//2074 2073//2073 2076//2076
f 2077//2077 2078//2078 2079//2079
f 2078//2078 2077//2077 2080//2080
f 2081//2081 2082//2082 2083//2083
f 2082//2082 2081//2081 2084//2084
f 2085//2085 2086//2086 2087//2087
f 2086//2086 2085//2085 2088//2088
f 2089//2089 2090//2090 2091//2091
f 2089//2089 2091//2091 2092//2092
f 2093//2093 2094//2094 2095//2095
f 2096//2096 2093//2093 2095//2095
f 2097//2097 2098//2098 2099//2099
f 2098//2098 2097//2097 2100//2100
f 2101//2101 2102//2102 2103//2103
f 2102//2102 2101//2101 2104//2104
f 2105//2105 2106//2106 2107//2107
f 2108//2108 2107//2107 2106//2106
f 2109//2109 2110//2110 2111//2111
f 2110//2110 2109//2109 2112//2112
f 2113//2113 2114//2114 2115//2115
f 2116//2116 2113//2113 2115//2115
f 2117//2117 2118//2118 2119//2119
f 2117//2117 2119//2119 2120//2120
f 2121//2121 2122//2122 2123//2123
f 2122//2122 2121//2121 2124//2124
f 2125//2125 2126//2126 2127//2127
f 2127//2127 2128//2128 2125//2125
f 2129//2129 2130//2130 2131//2131
f 2130//2130 2129//2129 2132//2132
f 2133//2133 2134//2134 2135//2135
f 2134//2134 2133//2133 2136//2136
f 2137//2137 2138//2138 2139//2139
f 2138//2138 2137//2137 2140//2140
f 2141//2141 2142//2142 2143//2143
f 2144//2144 2141//2141 2143//2143
f 2145//2145 2146//2146 2147//2147
f 2148//2148 2146//2146 2145//2145
f 2149//2149 2150//2150 2151//2151
f 2150//2150 2149//2149 2152//2152
f 2153//2153 2154//2154 2155//2155
f 2155//2155 2156//2156 2153//2153
f 2157//2157 2158//2158 2159//2159
f 2160//2160 2157//2157 2159//2159
f 2161//2161 2162//2162 2163//2163
f 2162//2162 2161//2161 2164//2164
f 2165//2165 2166//2166 2167//2167
f 2168//2168 2165//2165 2167//2167
f 2169//2169 2170//2170 2171//2171
f 2170//2170 2169//2169 2172//2172
f 2173//2173 2174//2174 2175//2175
f 2173//2173 2176//2176 2174//2174
f 2177//2177 2178//2178 2179//2179
f 2178//2178 2177//2177 2180//2180
f 2181//2181 2182//2182 2183//2183
f 2183//2183 2184//2184 2181//2181
f 2185//2185 2186//2186 2187//2187
f 2188//2188 2187//2187 2186//2186
f 2189//2189 2190//2190 2191//2191
f 2190//2190 2189//2189 2192//2192
f 2193//2193 2194//2194 2195//2195
f 2194//2194 2193//2193 2196//2196
f 2197//2197 2198//2198 2199//2199
f 2198//2198 2197//2197 2200//2200
f 2201//2201 2202//2202 2203//2203
f 2202//2202 2201//2201 2204//2204
f 2205//2205 2206//2206 2207//2207
f 2206//2206 2205//2205 2208//2208
f 2209//2209 2210//2210 2211//2211
f 2210//2210 2209//2209 2212//2212
f 2213//2213 2214//2214 2215//2215
f 2214//2214 2213//2213 2216//2216
f 2217//2217 2218//2218 2219//2219
f 2218//2218 2217//2217 2220//2220
f 2221//2221 2222//2222 2223//2223
f 2222//2222 2221//2221 2224//2224
f 2225//2225 2226//2226 2227//2227
f 2226//2226 2225//2225 2228//2228
f 2229//2229 2230//2230 2231//2231
f 2230//2230 2229//2229 2232//2232
f 2233//2233 2234//2234 2235//2235
f 2234//2234 2233//2233 2236//2236
f 2237//2237 2238//2238 2239//2239
f 2238//2238 2237//2237 2240//2240
f 2241//2241 2242//2242 2243//2243
f 2242//2242 2241//2241 2244//2244
f 2245//2245 2246//2246 2247//2247
f 2246//2246 2245//2245 2248//2248
f 2249//2249 2250//2250 2251//2251
f 2250//2250 2249//2249 2252//2252
f 2253//2253 2254//2254 2255//2255
f 2254//2254 2253//2253 2256//2256
f 2257//2257 2258//2258 2259//2259
f 2257//2257 2260//2260 2258//2258
f 2261//2261 2262//2262 2263//2263
f 2262//2262 2261//2261 2264//2264
f 2265//2265 2266//2266 2267//2267
f 2266//2266 2265//2265 2268//2268
f 2269//2269 2270//2270 2271//2271
f 2272//2272 2271//2271 2270//2270
f 2273//2273 2274//2274 2275//2275
f 2274//2274 2273//2273 2276//2276
f 2277//2277 2278//2278 2279//2279
f 2280//2280 2277//2277 2279//2279
f 2281//2281 2282//2282 2283//2283
f 2281//2281 2284//2284 2282//2282
f 2285//2285 2286//2286 2287//2287
f 2286//2286 2285//2285 2288//2288
f 2289//2289 2290//2290 2291//2291
f 2290//2290 2289//2289 2292//2292
f 2293//2293 2294//2294 2295//2295
f 2296//2296 2293//2293 2295//2295
f 2297//2297 2298//2298 2299//2299
f 2298//2298 2297//2297 2300//2300
f 2301//2301 2302//2302 2303//2303
f 2304//2304 2302//2302 2301//2301
f 2305//2305 2306//2306 2307//2307
f 2306//2306 2305//2305 2308//2308
f 2309//2309 2310//2310 2311//2311
f 2310//2310 2309//2309 2312//2312
f 2313//2313 2314//2314 2315//2315
f 2314//2314 2313//2313 2316//2316
f 2317//2317 2318//2318 2319//2319
f 2318//2318 2317//2317 2320//2320
f 2321//2321 2322//2322 2323//2323
f 2322//2322 2321//2321 2324//2324
f 2325//2325 2326//2326 2327//2327
f 2328//2328 2325//2325 2327//2327
f 2329//2329 2330//2330 2331//2331
f 2330//2330 2329//2329 2332//2332
f 2333//2333 2334//2334 2335//2335
f 2334//2334 2333//2333 2336//2336
f 2337//2337 2338//2338 2339//2339
f 2338//2338 2337//2337 2340//2340
f 2341//2341 2342//2342 2343//2343
f 2344//2344 2341//2341 2343//2343
f 2345//2345 2346//2346 2347//2347
f 2345//2345 2348//2348 2346//2346
f 2349//2349 2350//2350 2351//2351
f 2350//2350 2349//2349 2352//2352
f 2353//2353 2354//2354 2355//2355
f 2353//2353 2356//2356 2354//2354
f 2357//2357 2358//2358 2359//2359
f 2358//2358 2357//2357 2360//2360
f 2361//2361 2362//2362 2363//2363
f 2362//2362 2361//2361 2364//2364
f 2365//2365 2366//2366 2367//2367
f 2366//2366 2365//2365 2368//2368
f 2369//2369 2370//2370 2371//2371
f 2372//2372 2370//2370 2369//2369
f 2373//2373 2374//2374 2375//2375
f 2374//2374 2373//2373 2376//2376
f 2377//2377 2378//2378 2379//2379
f 2378//2378 2377//2377 2380//2380
f 2381//2381 2382//2382 2383//2383
f 2381//2381 2383//2383 2384//2384
f 2385//2385 2386//2386 2387//2387
f 2388//2388 2387//2387 2386//2386
f 2389//2389 2390//2390 2391//2391
f 2390//2390 2389//2389 2392//2392
f 2393//2393 2394//2394 2395//2395
f 2394//2394 2393//2393 2396//2396
f 2397//2397 2398//2398 2399//2399
f 2398//2398 2397//2397 2400//2400
f 2401//2401 2402//2402 2403//2403
f 2402//2402 2401//2401 2404//2404
f 2405//2405 2406//2406 2407//2407
f 2407//2407 2408//2408 2405//2405
f 2409//2409 2410//2410 2411//2411
f 2410//2410 2409//2409 2412//2412
f 2413//2413 2414//2414 2415//2415
f 2415//2415 2416//2416 2413//2413
f 2417//2417 2418//2418 2419//2419
f 2418//2418 2417//2417 2420//2420
f 2421//2421 2422//2422 2423//2423
f 2423//2423 2422//2422 2424//2424
f 2425//2425 2426//2426 2427//2427
f 2426//2426 2425//2425 2428//2428
f 2429//2429 2430//2430 2431//2431
f 2430//2430 2429//2429 2432//2432
f 2433//2433 2434//2434 2435//2435
f 2434//2434 2433//2433 2436//2436
f 2437//2437 2438//2438 2439//2439
f 2440//2440 2439//2439 2438//2438
f 2441//2441 2442//2442 2443//2443
f 2442//2442 2441//2441 2444//2444
f 2445//2445 2446//2446 2447//2447
f 2446//2446 2445//2445 2448//2448
f 2449//2449 2450//2450 2451//2451
f 2450//2450 2449//2449 2452//2452
f 2453//2453 2454//2454 2455//2455
f 2454//2454 2453//2453 2456//2456
f 2457//2457 2458//2458 2459//2459
f 2458//2458 2457//2457 2460//2460
f 2461//2461 2462//2462 2463//2463
f 2464//2464 2462//2462 2461//2461
